{
"type": "FeatureCollection",
"name": "naturvarden",
"features": [
{ "type": "Feature", "properties": { "fid": 83422, "OBJECTID": 6447827, "Lannr": "21", "Lan": "GÄVLEBORGS LÄN", "Kommunnr": "2183", "Kommun": "BOLLNÄS", "ArendeAr": 2026, "Beteckn": "A 9341-2026", "Avverktyp": "Föryngringsavverkning", "Andamal": "Uppgift saknas", "Inkomdatum": "2026-02-17T16:13:58", "AnmaldHa": 2.4, "ArendeStatus": "Anmält för avverkning", "AvverkningsanmalanKlass": "Avverkningsamalan", "Weeks": 31, "Naturvarden_Datinv": "1992-05-14", "Naturvarden_Area": 0.1, "Naturvarden_Hektar_calc": 0.2, "Naturvarden_Beteckn": "N 86-1992", "Naturvarden_area(%)": 76, "Bolag": "-", "N": 6811154, "E": 584065, "URL": "https:\/\/kartor.skogsstyrelsen.se\/kartor\/?startapp=skogligagrunddata&x=6811154&y=584065&scale=7000&bg=Karta" }, "geometry": { "type": "Polygon", "coordinates": [ [ [ 16.5757, 61.4238 ], [ 16.576, 61.4239 ], [ 16.5762, 61.4251 ], [ 16.5767, 61.4257 ], [ 16.5761, 61.4264 ], [ 16.5752, 61.4264 ], [ 16.5742, 61.4242 ], [ 16.5757, 61.4238 ] ] ] } },
{ "type": "Feature", "properties": { "fid": 61778, "OBJECTID": 6154325, "Lannr": "21", "Lan": "GÄVLEBORGS LÄN", "Kommunnr": "2183", "Kommun": "BOLLNÄS", "ArendeAr": 2025, "Beteckn": "A 61686-2025", "Avverktyp": "Föryngringsavverkning", "Andamal": "Uppgift saknas", "Inkomdatum": "2025-12-11T00:00:00", "AnmaldHa": 1.6, "ArendeStatus": "Anmält för avverkning", "AvverkningsanmalanKlass": "Avverkningsamalan", "Weeks": 41, "Naturvarden_Datinv": "1992-05-19", "Naturvarden_Area": 0.1, "Naturvarden_Hektar_calc": 2.5, "Naturvarden_Beteckn": "N 124-1992", "Naturvarden_area(%)": 3, "Bolag": "-", "N": 6829331, "E": 567825, "URL": "https:\/\/kartor.skogsstyrelsen.se\/kartor\/?startapp=skogligagrunddata&x=6829331&y=567825&scale=7000&bg=Karta" }, "geometry": { "type": "Polygon", "coordinates": [ [ [ 16.278, 61.5905 ], [ 16.2789, 61.5913 ], [ 16.2787, 61.5915 ], [ 16.2794, 61.5919 ], [ 16.2782, 61.5924 ], [ 16.2763, 61.591 ], [ 16.2771, 61.5909 ], [ 16.278, 61.5905 ] ] ] } },
{ "type": "Feature", "properties": { "fid": 41192, "OBJECTID": 6096715, "Lannr": "20", "Lan": "DALARNAS LÄN", "Kommunnr": "2021", "Kommun": "VANSBRO", "ArendeAr": 2025, "Beteckn": "A 48109-2025", "Avverktyp": "Föryngringsavverkning", "Andamal": "Uppgift saknas", "Inkomdatum": "2025-10-03T08:16:43", "AnmaldHa": 0.8, "ArendeStatus": "Anmält för avverkning", "AvverkningsanmalanKlass": "Avverkningsamalan", "Weeks": 51, "Naturvarden_Datinv": "1992-07-07", "Naturvarden_Area": 0.3, "Naturvarden_Hektar_calc": 5.9, "Naturvarden_Beteckn": "N 426-1992", "Naturvarden_area(%)": 4, "Bolag": "-", "N": 6725914, "E": 450874, "URL": "https:\/\/kartor.skogsstyrelsen.se\/kartor\/?startapp=skogligagrunddata&x=6725914&y=450874&scale=7000&bg=Karta" }, "geometry": { "type": "Polygon", "coordinates": [ [ [ 14.0996, 60.6655 ], [ 14.1015, 60.6659 ], [ 14.1028, 60.6658 ], [ 14.1029, 60.666 ], [ 14.1027, 60.6661 ], [ 14.1023, 60.666 ], [ 14.1021, 60.6663 ], [ 14.1007, 60.6662 ], [ 14.0999, 60.666 ], [ 14.0996, 60.6655 ] ] ] } },
{ "type": "Feature", "properties": { "fid": 31969, "OBJECTID": 6248216, "Lannr": "21", "Lan": "GÄVLEBORGS LÄN", "Kommunnr": "2181", "Kommun": "SANDVIKEN", "ArendeAr": 2026, "Beteckn": "A 1562-2026", "Avverktyp": "Föryngringsavverkning", "Andamal": "Uppgift saknas", "Inkomdatum": "2026-01-12T00:00:00", "AnmaldHa": 9.3, "ArendeStatus": "Anmält för avverkning", "AvverkningsanmalanKlass": "Avverkningsamalan", "Weeks": 36, "Naturvarden_Datinv": "1992-09-24", "Naturvarden_Area": 0.3, "Naturvarden_Hektar_calc": 2.2, "Naturvarden_Beteckn": "N 1093-1992", "Naturvarden_area(%)": 14, "Bolag": "-", "N": 6735034, "E": 587616, "URL": "https:\/\/kartor.skogsstyrelsen.se\/kartor\/?startapp=skogligagrunddata&x=6735034&y=587616&scale=7000&bg=Karta" }, "geometry": { "type": "Polygon", "coordinates": [ [ [ 16.6036, 60.7391 ], [ 16.6062, 60.7399 ], [ 16.6057, 60.7401 ], [ 16.606, 60.7403 ], [ 16.6074, 60.7405 ], [ 16.6073, 60.7402 ], [ 16.6102, 60.741 ], [ 16.61, 60.741 ], [ 16.6095, 60.7417 ], [ 16.6108, 60.7418 ], [ 16.6115, 60.7416 ], [ 16.6116, 60.7421 ], [ 16.6121, 60.7422 ], [ 16.6115, 60.7427 ], [ 16.6107, 60.7429 ], [ 16.6095, 60.7426 ], [ 16.609, 60.7429 ], [ 16.6083, 60.7428 ], [ 16.6085, 60.7426 ], [ 16.6079, 60.7424 ], [ 16.608, 60.7416 ], [ 16.6076, 60.7415 ], [ 16.6073, 60.7414 ], [ 16.6076, 60.7417 ], [ 16.6066, 60.7423 ], [ 16.6026, 60.7412 ], [ 16.6037, 60.7408 ], [ 16.6032, 60.7406 ], [ 16.6036, 60.7399 ], [ 16.6027, 60.7396 ], [ 16.6032, 60.7393 ], [ 16.6035, 60.7393 ], [ 16.6036, 60.7391 ] ] ] } },
{ "type": "Feature", "properties": { "fid": 112416, "OBJECTID": 6485476, "Lannr": "01", "Lan": "STOCKHOLMS LÄN", "Kommunnr": "0188", "Kommun": "NORRTÄLJE", "ArendeAr": 2026, "Beteckn": "A 34644-2026", "Avverktyp": "Föryngringsavverkning", "Andamal": "Uppgift saknas", "Inkomdatum": "2026-08-21T16:42:23", "AnmaldHa": 3.9, "ArendeStatus": "Anmält för avverkning", "AvverkningsanmalanKlass": "NyAvverkningsanmalan", "Weeks": 5, "Naturvarden_Datinv": "1993-02-02", "Naturvarden_Area": 3.4, "Naturvarden_Hektar_calc": 3.7, "Naturvarden_Beteckn": "N 88-1993", "Naturvarden_area(%)": 91, "Bolag": "-", "N": 6617454, "E": 694245, "URL": "https:\/\/kartor.skogsstyrelsen.se\/kartor\/?startapp=skogligagrunddata&x=6617454&y=694245&scale=7000&bg=Karta" }, "geometry": { "type": "Polygon", "coordinates": [ [ [ 18.4477, 59.6486 ], [ 18.4487, 59.6486 ], [ 18.4489, 59.6491 ], [ 18.4494, 59.6493 ], [ 18.4495, 59.6496 ], [ 18.4492, 59.6496 ], [ 18.4494, 59.6502 ], [ 18.4466, 59.6505 ], [ 18.4457, 59.6507 ], [ 18.4447, 59.6507 ], [ 18.4443, 59.6503 ], [ 18.4445, 59.6498 ], [ 18.4466, 59.6495 ], [ 18.4477, 59.6486 ] ] ] } },
{ "type": "Feature", "properties": { "fid": 94199, "OBJECTID": 6463289, "Lannr": "12", "Lan": "SKÅNE LÄN", "Kommunnr": "1290", "Kommun": "KRISTIANSTAD", "ArendeAr": 2026, "Beteckn": "A 3278-2026", "Avverktyp": "Föryngringsavverkning", "Andamal": "Uppgift saknas", "Inkomdatum": "2026-01-19T00:00:00", "AnmaldHa": 11.1, "ArendeStatus": "Anmält för avverkning", "AvverkningsanmalanKlass": "Avverkningsamalan", "Weeks": 35, "Naturvarden_Datinv": "1993-02-04", "Naturvarden_Area": 0.8, "Naturvarden_Hektar_calc": 3.7, "Naturvarden_Beteckn": "N 101-1993", "Naturvarden_area(%)": 21, "Bolag": "-", "N": 6196097, "E": 434900, "URL": "https:\/\/kartor.skogsstyrelsen.se\/kartor\/?startapp=skogligagrunddata&x=6196097&y=434900&scale=7000&bg=Karta" }, "geometry": { "type": "MultiPolygon", "coordinates": [ [ [ [ 13.9612, 55.9048 ], [ 13.962, 55.9051 ], [ 13.9626, 55.9048 ], [ 13.9633, 55.9049 ], [ 13.9614, 55.9064 ], [ 13.9604, 55.9068 ], [ 13.9602, 55.9065 ], [ 13.9609, 55.9064 ], [ 13.9613, 55.906 ], [ 13.9606, 55.9051 ], [ 13.9607, 55.9048 ], [ 13.9612, 55.9048 ] ] ], [ [ [ 13.9568, 55.904 ], [ 13.957, 55.9044 ], [ 13.9581, 55.9045 ], [ 13.9596, 55.9043 ], [ 13.9604, 55.9044 ], [ 13.9607, 55.9047 ], [ 13.9603, 55.9057 ], [ 13.9604, 55.9062 ], [ 13.9596, 55.9065 ], [ 13.9605, 55.9071 ], [ 13.9592, 55.9074 ], [ 13.9583, 55.908 ], [ 13.9569, 55.9085 ], [ 13.9567, 55.9066 ], [ 13.9571, 55.9064 ], [ 13.9567, 55.9063 ], [ 13.9556, 55.9051 ], [ 13.9564, 55.9041 ], [ 13.9568, 55.904 ] ] ] ] } },
{ "type": "Feature", "properties": { "fid": 34613, "OBJECTID": 6255241, "Lannr": "19", "Lan": "VÄSTMANLANDS LÄN", "Kommunnr": "1981", "Kommun": "SALA", "ArendeAr": 2026, "Beteckn": "A 12144-2026", "Avverktyp": "Föryngringsavverkning", "Andamal": "Uppgift saknas", "Inkomdatum": "2026-03-05T13:55:19", "AnmaldHa": 0.8, "ArendeStatus": "Anmält för avverkning", "AvverkningsanmalanKlass": "Avverkningsamalan", "Weeks": 29, "Naturvarden_Datinv": "1993-06-04", "Naturvarden_Area": 0.1, "Naturvarden_Hektar_calc": 2.8, "Naturvarden_Beteckn": "N 1228-1993", "Naturvarden_area(%)": 3, "Bolag": "-", "N": 6653781, "E": 581130, "URL": "https:\/\/kartor.skogsstyrelsen.se\/kartor\/?startapp=skogligagrunddata&x=6653781&y=581130&scale=7000&bg=Karta" }, "geometry": { "type": "Polygon", "coordinates": [ [ [ 16.4553, 60.0125 ], [ 16.4561, 60.0131 ], [ 16.4558, 60.0133 ], [ 16.4559, 60.0137 ], [ 16.4549, 60.0141 ], [ 16.4549, 60.0138 ], [ 16.4542, 60.0135 ], [ 16.4547, 60.0128 ], [ 16.4553, 60.0125 ] ] ] } },
{ "type": "Feature", "properties": { "fid": 64671, "OBJECTID": 6162484, "Lannr": "21", "Lan": "GÄVLEBORGS LÄN", "Kommunnr": "2183", "Kommun": "BOLLNÄS", "ArendeAr": 2025, "Beteckn": "A 63286-2025", "Avverktyp": "Föryngringsavverkning", "Andamal": "Uppgift saknas", "Inkomdatum": "2025-12-19T14:08:47", "AnmaldHa": 3.3, "ArendeStatus": "Anmält för avverkning", "AvverkningsanmalanKlass": "Avverkningsamalan", "Weeks": 40, "Naturvarden_Datinv": "1993-06-04", "Naturvarden_Area": 2.7, "Naturvarden_Hektar_calc": 4.2, "Naturvarden_Beteckn": "N 1247-1993", "Naturvarden_area(%)": 63, "Bolag": "-", "N": 6831018, "E": 580563, "URL": "https:\/\/kartor.skogsstyrelsen.se\/kartor\/?startapp=skogligagrunddata&x=6831018&y=580563&scale=7000&bg=Karta" }, "geometry": { "type": "Polygon", "coordinates": [ [ [ 16.5193, 61.6013 ], [ 16.5193, 61.6057 ], [ 16.519, 61.606 ], [ 16.5184, 61.6062 ], [ 16.5179, 61.6061 ], [ 16.5176, 61.6051 ], [ 16.518, 61.6044 ], [ 16.5173, 61.6042 ], [ 16.5173, 61.6039 ], [ 16.5181, 61.6038 ], [ 16.519, 61.6024 ], [ 16.5189, 61.6015 ], [ 16.5182, 61.6022 ], [ 16.5178, 61.6021 ], [ 16.5182, 61.6014 ], [ 16.5193, 61.6013 ] ] ] } },
{ "type": "Feature", "properties": { "fid": 110225, "OBJECTID": 6482062, "Lannr": "18", "Lan": "ÖREBRO LÄN", "Kommunnr": "1862", "Kommun": "DEGERFORS", "ArendeAr": 2026, "Beteckn": "A 26971-2026", "Avverktyp": "Föryngringsavverkning", "Andamal": "Uppgift saknas", "Inkomdatum": "2026-06-12T13:59:29", "AnmaldHa": 2.2, "ArendeStatus": "Anmält för avverkning", "AvverkningsanmalanKlass": "Avverkningsamalan", "Weeks": 15, "Naturvarden_Datinv": "1993-06-11", "Naturvarden_Area": 0.4, "Naturvarden_Hektar_calc": 0.4, "Naturvarden_Beteckn": "N 1342-1993", "Naturvarden_area(%)": 99, "Bolag": "-", "N": 6571648, "E": 472319, "URL": "https:\/\/kartor.skogsstyrelsen.se\/kartor\/?startapp=skogligagrunddata&x=6571648&y=472319&scale=7000&bg=Karta" }, "geometry": { "type": "Polygon", "coordinates": [ [ [ 14.5146, 59.2822 ], [ 14.5155, 59.2822 ], [ 14.516, 59.2824 ], [ 14.5146, 59.2837 ], [ 14.5144, 59.2837 ], [ 14.5125, 59.283 ], [ 14.5129, 59.2827 ], [ 14.5125, 59.2825 ], [ 14.5127, 59.2823 ], [ 14.5137, 59.2825 ], [ 14.5137, 59.2823 ], [ 14.5144, 59.2823 ], [ 14.5146, 59.2822 ] ] ] } },
{ "type": "Feature", "properties": { "fid": 67339, "OBJECTID": 6391882, "Lannr": "22", "Lan": "VÄSTERNORRLANDS LÄN", "Kommunnr": "2284", "Kommun": "ÖRNSKÖLDSVIK", "ArendeAr": 2025, "Beteckn": "A 62864-2025", "Avverktyp": "Föryngringsavverkning", "Andamal": "Uppgift saknas", "Inkomdatum": "2025-12-17T00:00:00", "AnmaldHa": 9.8, "ArendeStatus": "Anmält för avverkning", "AvverkningsanmalanKlass": "Avverkningsamalan", "Weeks": 40, "Naturvarden_Datinv": "1993-06-16", "Naturvarden_Area": 0.2, "Naturvarden_Hektar_calc": 0.2, "Naturvarden_Beteckn": "N 1470-1993", "Naturvarden_area(%)": 98, "Bolag": "-", "N": 7046928, "E": 644290, "URL": "https:\/\/kartor.skogsstyrelsen.se\/kartor\/?startapp=skogligagrunddata&x=7046928&y=644290&scale=7000&bg=Karta" }, "geometry": { "type": "Polygon", "coordinates": [ [ [ 17.902, 63.5184 ], [ 17.9043, 63.5222 ], [ 17.9029, 63.5223 ], [ 17.9028, 63.5231 ], [ 17.8997, 63.5237 ], [ 17.8995, 63.5233 ], [ 17.9002, 63.5231 ], [ 17.9, 63.5226 ], [ 17.8993, 63.5226 ], [ 17.8985, 63.52 ], [ 17.902, 63.5184 ] ] ] } },
{ "type": "Feature", "properties": { "fid": 94597, "OBJECTID": 6464720, "Lannr": "14", "Lan": "VÄSTRA GÖTALANDS LÄN", "Kommunnr": "1401", "Kommun": "HÄRRYDA", "ArendeAr": 2026, "Beteckn": "A 27676-2026", "Avverktyp": "Föryngringsavverkning", "Andamal": "Uppgift saknas", "Inkomdatum": "2026-06-17T14:38:24", "AnmaldHa": 3.9, "ArendeStatus": "Anmält för avverkning", "AvverkningsanmalanKlass": "Avverkningsamalan", "Weeks": 14, "Naturvarden_Datinv": "1993-07-01", "Naturvarden_Area": 0.2, "Naturvarden_Hektar_calc": 0.9, "Naturvarden_Beteckn": "N 1782-1993", "Naturvarden_area(%)": 25, "Bolag": "-", "N": 6390131, "E": 352946, "URL": "https:\/\/kartor.skogsstyrelsen.se\/kartor\/?startapp=skogligagrunddata&x=6390131&y=352946&scale=7000&bg=Karta" }, "geometry": { "type": "Polygon", "coordinates": [ [ [ 12.5439, 57.6257 ], [ 12.5444, 57.6257 ], [ 12.5333, 57.6318 ], [ 12.5334, 57.632 ], [ 12.5327, 57.6323 ], [ 12.5321, 57.6326 ], [ 12.5315, 57.6323 ], [ 12.5439, 57.6257 ] ] ] } },
{ "type": "Feature", "properties": { "fid": 68847, "OBJECTID": 6403122, "Lannr": "21", "Lan": "GÄVLEBORGS LÄN", "Kommunnr": "2101", "Kommun": "OCKELBO", "ArendeAr": 2025, "Beteckn": "A 60117-2025", "Avverktyp": "Föryngringsavverkning", "Andamal": "Uppgift saknas", "Inkomdatum": "2025-12-03T07:46:38", "AnmaldHa": 0.7, "ArendeStatus": "Anmält för avverkning", "AvverkningsanmalanKlass": "Avverkningsamalan", "Weeks": 42, "Naturvarden_Datinv": "1993-07-08", "Naturvarden_Area": 0.6, "Naturvarden_Hektar_calc": 0.7, "Naturvarden_Beteckn": "N 1937-1993", "Naturvarden_area(%)": 88, "Bolag": "-", "N": 6757991, "E": 579927, "URL": "https:\/\/kartor.skogsstyrelsen.se\/kartor\/?startapp=skogligagrunddata&x=6757991&y=579927&scale=7000&bg=Karta" }, "geometry": { "type": "Polygon", "coordinates": [ [ [ 16.4771, 60.9483 ], [ 16.4769, 60.9486 ], [ 16.4759, 60.9489 ], [ 16.4755, 60.9494 ], [ 16.4749, 60.9495 ], [ 16.4747, 60.9488 ], [ 16.4741, 60.9487 ], [ 16.4771, 60.9483 ] ] ] } },
{ "type": "Feature", "properties": { "fid": 84418, "OBJECTID": 6451595, "Lannr": "24", "Lan": "VÄSTERBOTTENS LÄN", "Kommunnr": "2422", "Kommun": "SORSELE", "ArendeAr": 2025, "Beteckn": "A 57229-2025", "Avverktyp": "Föryngringsavverkning", "Andamal": "Uppgift saknas", "Inkomdatum": "2025-11-18T14:48:32", "AnmaldHa": 3.8, "ArendeStatus": "Anmält för avverkning", "AvverkningsanmalanKlass": "Avverkningsamalan", "Weeks": 44, "Naturvarden_Datinv": "1993-07-13", "Naturvarden_Area": 0.9, "Naturvarden_Hektar_calc": 32.7, "Naturvarden_Beteckn": "N 1987-1993", "Naturvarden_area(%)": 3, "Bolag": "-", "N": 7281385, "E": 623263, "URL": "https:\/\/kartor.skogsstyrelsen.se\/kartor\/?startapp=skogligagrunddata&x=7281385&y=623263&scale=7000&bg=Karta" }, "geometry": { "type": "Polygon", "coordinates": [ [ [ 17.6791, 65.6299 ], [ 17.6801, 65.6301 ], [ 17.6819, 65.6319 ], [ 17.6817, 65.632 ], [ 17.681, 65.6319 ], [ 17.6793, 65.6311 ], [ 17.6787, 65.6316 ], [ 17.6782, 65.6317 ], [ 17.6775, 65.6317 ], [ 17.6771, 65.6315 ], [ 17.675, 65.6315 ], [ 17.6753, 65.6311 ], [ 17.6751, 65.6309 ], [ 17.6744, 65.6308 ], [ 17.6741, 65.6302 ], [ 17.675, 65.63 ], [ 17.6791, 65.6299 ] ] ] } },
{ "type": "Feature", "properties": { "fid": 65546, "OBJECTID": 6168448, "Lannr": "18", "Lan": "ÖREBRO LÄN", "Kommunnr": "1883", "Kommun": "KARLSKOGA", "ArendeAr": 2025, "Beteckn": "A 63628-2025", "Avverktyp": "Föryngringsavverkning", "Andamal": "Uppgift saknas", "Inkomdatum": "2025-12-23T08:50:07", "AnmaldHa": 3.8, "ArendeStatus": "Anmält för avverkning", "AvverkningsanmalanKlass": "Avverkningsamalan", "Weeks": 39, "Naturvarden_Datinv": "1993-08-11", "Naturvarden_Area": 0.3, "Naturvarden_Hektar_calc": 87.4, "Naturvarden_Beteckn": "N 2371-1993", "Naturvarden_area(%)": 0, "Bolag": "-", "N": 6575202, "E": 464326, "URL": "https:\/\/kartor.skogsstyrelsen.se\/kartor\/?startapp=skogligagrunddata&x=6575202&y=464326&scale=7000&bg=Karta" }, "geometry": { "type": "Polygon", "coordinates": [ [ [ 14.3753, 59.3131 ], [ 14.3755, 59.3135 ], [ 14.3754, 59.3138 ], [ 14.3751, 59.3142 ], [ 14.3745, 59.3144 ], [ 14.3747, 59.3149 ], [ 14.3723, 59.3153 ], [ 14.371, 59.3137 ], [ 14.3753, 59.3131 ] ] ] } },
{ "type": "Feature", "properties": { "fid": 124564, "OBJECTID": 6502677, "Lannr": "13", "Lan": "HALLANDS LÄN", "Kommunnr": "1380", "Kommun": "HALMSTAD", "ArendeAr": 2026, "Beteckn": "A 36900-2026", "Avverktyp": "Föryngringsavverkning", "Andamal": "Uppgift saknas", "Inkomdatum": "2026-09-08T08:24:09", "AnmaldHa": 1.0, "ArendeStatus": "Anmält för avverkning", "AvverkningsanmalanKlass": "NyAvverkningsanmalan", "Weeks": 2, "Naturvarden_Datinv": "1993-08-19", "Naturvarden_Area": 0.1, "Naturvarden_Hektar_calc": 1.3, "Naturvarden_Beteckn": "N 2601-1993", "Naturvarden_area(%)": 7, "Bolag": "-", "N": 6288925, "E": 384661, "URL": "https:\/\/kartor.skogsstyrelsen.se\/kartor\/?startapp=skogligagrunddata&x=6288925&y=384661&scale=7000&bg=Karta" }, "geometry": { "type": "Polygon", "coordinates": [ [ [ 13.1158, 56.7295 ], [ 13.1153, 56.7308 ], [ 13.1149, 56.7305 ], [ 13.1139, 56.7304 ], [ 13.1137, 56.7302 ], [ 13.114, 56.7298 ], [ 13.1158, 56.7295 ] ] ] } },
{ "type": "Feature", "properties": { "fid": 59919, "OBJECTID": 6148642, "Lannr": "18", "Lan": "ÖREBRO LÄN", "Kommunnr": "1883", "Kommun": "KARLSKOGA", "ArendeAr": 2025, "Beteckn": "A 60506-2025", "Avverktyp": "Föryngringsavverkning", "Andamal": "Uppgift saknas", "Inkomdatum": "2025-12-04T15:03:31", "AnmaldHa": 0.7, "ArendeStatus": "Anmält för avverkning", "AvverkningsanmalanKlass": "Avverkningsamalan", "Weeks": 42, "Naturvarden_Datinv": "1993-08-30", "Naturvarden_Area": 0.0, "Naturvarden_Hektar_calc": 5.4, "Naturvarden_Beteckn": "N 2906-1993", "Naturvarden_area(%)": 1, "Bolag": "-", "N": 6577170, "E": 464370, "URL": "https:\/\/kartor.skogsstyrelsen.se\/kartor\/?startapp=skogligagrunddata&x=6577170&y=464370&scale=7000&bg=Karta" }, "geometry": { "type": "Polygon", "coordinates": [ [ [ 14.3731, 59.3312 ], [ 14.3737, 59.3312 ], [ 14.3747, 59.3318 ], [ 14.3748, 59.3322 ], [ 14.3732, 59.3323 ], [ 14.3731, 59.3312 ] ] ] } },
{ "type": "Feature", "properties": { "fid": 49947, "OBJECTID": 6127079, "Lannr": "21", "Lan": "GÄVLEBORGS LÄN", "Kommunnr": "2161", "Kommun": "LJUSDAL", "ArendeAr": 2025, "Beteckn": "A 49982-2025", "Avverktyp": "Föryngringsavverkning", "Andamal": "Uppgift saknas", "Inkomdatum": "2025-10-12T00:00:00", "AnmaldHa": 2.5, "ArendeStatus": "Anmält för avverkning", "AvverkningsanmalanKlass": "Avverkningsamalan", "Weeks": 49, "Naturvarden_Datinv": "1993-09-09", "Naturvarden_Area": 0.8, "Naturvarden_Hektar_calc": 3.6, "Naturvarden_Beteckn": "N 3230-1993", "Naturvarden_area(%)": 23, "Bolag": "-", "N": 6842782, "E": 552132, "URL": "https:\/\/kartor.skogsstyrelsen.se\/kartor\/?startapp=skogligagrunddata&x=6842782&y=552132&scale=7000&bg=Karta" }, "geometry": { "type": "Polygon", "coordinates": [ [ [ 15.9834, 61.713 ], [ 15.9861, 61.714 ], [ 15.9857, 61.7147 ], [ 15.9866, 61.715 ], [ 15.9872, 61.7149 ], [ 15.9888, 61.7149 ], [ 15.9909, 61.7157 ], [ 15.9886, 61.7156 ], [ 15.9876, 61.7158 ], [ 15.9834, 61.7143 ], [ 15.9837, 61.7141 ], [ 15.9829, 61.7137 ], [ 15.9834, 61.713 ] ] ] } },
{ "type": "Feature", "properties": { "fid": 71186, "OBJECTID": 6213329, "Lannr": "25", "Lan": "NORRBOTTENS LÄN", "Kommunnr": "2582", "Kommun": "BODEN", "ArendeAr": 2026, "Beteckn": "A 3457-2026", "Avverktyp": "Föryngringsavverkning", "Andamal": "Uppgift saknas", "Inkomdatum": "2026-01-20T12:11:29", "AnmaldHa": 7.8, "ArendeStatus": "Anmält för avverkning", "AvverkningsanmalanKlass": "Avverkningsamalan", "Weeks": 35, "Naturvarden_Datinv": "1993-09-21", "Naturvarden_Area": 6.5, "Naturvarden_Hektar_calc": 11.2, "Naturvarden_Beteckn": "N 3516-1993", "Naturvarden_area(%)": 58, "Bolag": "-", "N": 7329465, "E": 803386, "URL": "https:\/\/kartor.skogsstyrelsen.se\/kartor\/?startapp=skogligagrunddata&x=7329465&y=803386&scale=7000&bg=Karta" }, "geometry": { "type": "MultiPolygon", "coordinates": [ [ [ [ 21.6763, 65.9405 ], [ 21.6775, 65.9406 ], [ 21.6776, 65.9409 ], [ 21.6813, 65.9417 ], [ 21.681, 65.9419 ], [ 21.6802, 65.9418 ], [ 21.6787, 65.9422 ], [ 21.6787, 65.9429 ], [ 21.6748, 65.9424 ], [ 21.6747, 65.9419 ], [ 21.6758, 65.9418 ], [ 21.6742, 65.9415 ], [ 21.6747, 65.9412 ], [ 21.6758, 65.9413 ], [ 21.6759, 65.9406 ], [ 21.6763, 65.9405 ] ] ], [ [ [ 21.6797, 65.9396 ], [ 21.6814, 65.9397 ], [ 21.6823, 65.9399 ], [ 21.6826, 65.9403 ], [ 21.6821, 65.9411 ], [ 21.6784, 65.9402 ], [ 21.6785, 65.9401 ], [ 21.6796, 65.9402 ], [ 21.6797, 65.9396 ] ] ], [ [ [ 21.6819, 65.9378 ], [ 21.6824, 65.938 ], [ 21.6823, 65.9384 ], [ 21.6833, 65.9388 ], [ 21.6823, 65.9394 ], [ 21.6804, 65.9394 ], [ 21.6795, 65.9384 ], [ 21.6819, 65.9378 ] ] ] ] } },
{ "type": "Feature", "properties": { "fid": 117086, "OBJECTID": 6495859, "Lannr": "23", "Lan": "JÄMTLANDS LÄN", "Kommunnr": "2380", "Kommun": "ÖSTERSUND", "ArendeAr": 2026, "Beteckn": "A 28079-2026", "Avverktyp": "Föryngringsavverkning", "Andamal": "Uppgift saknas", "Inkomdatum": "2026-06-22T00:00:00", "AnmaldHa": 3.8, "ArendeStatus": "Anmält för avverkning", "AvverkningsanmalanKlass": "Avverkningsamalan", "Weeks": 13, "Naturvarden_Datinv": "1993-09-29", "Naturvarden_Area": 3.2, "Naturvarden_Hektar_calc": 3.2, "Naturvarden_Beteckn": "N 3759-1993", "Naturvarden_area(%)": 100, "Bolag": "-", "N": 7003055, "E": 500159, "URL": "https:\/\/kartor.skogsstyrelsen.se\/kartor\/?startapp=skogligagrunddata&x=7003055&y=500159&scale=7000&bg=Karta" }, "geometry": { "type": "Polygon", "coordinates": [ [ [ 15.0014, 63.1552 ], [ 15.0064, 63.1562 ], [ 15.0082, 63.1566 ], [ 15.0047, 63.1581 ], [ 15.0035, 63.1577 ], [ 15.0019, 63.1579 ], [ 14.9967, 63.1565 ], [ 14.9969, 63.1564 ], [ 14.9993, 63.1569 ], [ 14.9999, 63.1569 ], [ 15.0004, 63.1567 ], [ 15.0008, 63.1558 ], [ 15.0014, 63.1552 ] ] ] } },
{ "type": "Feature", "properties": { "fid": 34009, "OBJECTID": 6253734, "Lannr": "25", "Lan": "NORRBOTTENS LÄN", "Kommunnr": "2582", "Kommun": "BODEN", "ArendeAr": 2026, "Beteckn": "A 11569-2026", "Avverktyp": "Föryngringsavverkning", "Andamal": "Uppgift saknas", "Inkomdatum": "2026-03-03T09:01:44", "AnmaldHa": 9.2, "ArendeStatus": "Anmält för avverkning", "AvverkningsanmalanKlass": "Avverkningsamalan", "Weeks": 29, "Naturvarden_Datinv": "1993-09-30", "Naturvarden_Area": 5.2, "Naturvarden_Hektar_calc": 21.5, "Naturvarden_Beteckn": "N 3772-1993", "Naturvarden_area(%)": 24, "Bolag": "-", "N": 7331009, "E": 804329, "URL": "https:\/\/kartor.skogsstyrelsen.se\/kartor\/?startapp=skogligagrunddata&x=7331009&y=804329&scale=7000&bg=Karta" }, "geometry": { "type": "MultiPolygon", "coordinates": [ [ [ [ 21.7007, 65.9546 ], [ 21.7019, 65.9545 ], [ 21.7035, 65.9547 ], [ 21.7047, 65.9546 ], [ 21.7046, 65.9548 ], [ 21.7041, 65.9549 ], [ 21.7022, 65.955 ], [ 21.7013, 65.9549 ], [ 21.7007, 65.9546 ] ] ], [ [ [ 21.7135, 65.9532 ], [ 21.7148, 65.9534 ], [ 21.7114, 65.9543 ], [ 21.71, 65.9544 ], [ 21.71, 65.9542 ], [ 21.7109, 65.9537 ], [ 21.7124, 65.9532 ], [ 21.7135, 65.9532 ] ] ], [ [ [ 21.6948, 65.9528 ], [ 21.6968, 65.953 ], [ 21.6975, 65.9532 ], [ 21.6974, 65.9534 ], [ 21.6946, 65.9531 ], [ 21.6948, 65.9528 ] ] ], [ [ [ 21.6995, 65.9518 ], [ 21.7014, 65.953 ], [ 21.7024, 65.9533 ], [ 21.7078, 65.9536 ], [ 21.7094, 65.9534 ], [ 21.7095, 65.9537 ], [ 21.7091, 65.9542 ], [ 21.7017, 65.9543 ], [ 21.6987, 65.9538 ], [ 21.6972, 65.9528 ], [ 21.6948, 65.9527 ], [ 21.6957, 65.9523 ], [ 21.6972, 65.9524 ], [ 21.6976, 65.9522 ], [ 21.6981, 65.9522 ], [ 21.6987, 65.9523 ], [ 21.6991, 65.9519 ], [ 21.6995, 65.9518 ] ] ] ] } },
{ "type": "Feature", "properties": { "fid": 105618, "OBJECTID": 6475285, "Lannr": "25", "Lan": "NORRBOTTENS LÄN", "Kommunnr": "2582", "Kommun": "BODEN", "ArendeAr": 2026, "Beteckn": "A 33096-2026", "Avverktyp": "Föryngringsavverkning", "Andamal": "Uppgift saknas", "Inkomdatum": "2026-08-11T11:46:58", "AnmaldHa": 36.5, "ArendeStatus": "Anmält för avverkning", "AvverkningsanmalanKlass": "NyAvverkningsanmalan", "Weeks": 6, "Naturvarden_Datinv": "1995-05-24", "Naturvarden_Area": 1.1, "Naturvarden_Hektar_calc": 1.1, "Naturvarden_Beteckn": "N 3142-1995", "Naturvarden_area(%)": 100, "Bolag": "-", "N": 7329644, "E": 806604, "URL": "https:\/\/kartor.skogsstyrelsen.se\/kartor\/?startapp=skogligagrunddata&x=7329644&y=806604&scale=7000&bg=Karta" }, "geometry": { "type": "MultiPolygon", "coordinates": [ [ [ [ 21.7542, 65.9346 ], [ 21.7553, 65.9349 ], [ 21.7555, 65.9352 ], [ 21.7543, 65.9358 ], [ 21.7508, 65.9372 ], [ 21.75, 65.9377 ], [ 21.75, 65.9382 ], [ 21.7504, 65.9384 ], [ 21.7502, 65.9387 ], [ 21.7483, 65.9392 ], [ 21.7482, 65.9394 ], [ 21.7487, 65.9396 ], [ 21.7507, 65.9393 ], [ 21.7513, 65.9388 ], [ 21.7525, 65.9385 ], [ 21.7479, 65.9414 ], [ 21.7489, 65.9415 ], [ 21.7472, 65.942 ], [ 21.7491, 65.9415 ], [ 21.7558, 65.9418 ], [ 21.7561, 65.9432 ], [ 21.7569, 65.9439 ], [ 21.7448, 65.9434 ], [ 21.7439, 65.944 ], [ 21.7434, 65.9435 ], [ 21.7451, 65.9425 ], [ 21.746, 65.9423 ], [ 21.7452, 65.9417 ], [ 21.7458, 65.9403 ], [ 21.7446, 65.9399 ], [ 21.7416, 65.9405 ], [ 21.7413, 65.9402 ], [ 21.7398, 65.9399 ], [ 21.7458, 65.9362 ], [ 21.7466, 65.9364 ], [ 21.7474, 65.9363 ], [ 21.7482, 65.9364 ], [ 21.7491, 65.9361 ], [ 21.7509, 65.9358 ], [ 21.7542, 65.9346 ] ] ], [ [ [ 21.7595, 65.9325 ], [ 21.7599, 65.9326 ], [ 21.7597, 65.9329 ], [ 21.7608, 65.9333 ], [ 21.7558, 65.9364 ], [ 21.7565, 65.9351 ], [ 21.7579, 65.9341 ], [ 21.7565, 65.9338 ], [ 21.7567, 65.9336 ], [ 21.7588, 65.9337 ], [ 21.7592, 65.9336 ], [ 21.7594, 65.9334 ], [ 21.7588, 65.9329 ], [ 21.7595, 65.9325 ] ] ], [ [ [ 21.7643, 65.9305 ], [ 21.7672, 65.9308 ], [ 21.7632, 65.9318 ], [ 21.7635, 65.9314 ], [ 21.7632, 65.9312 ], [ 21.7619, 65.9319 ], [ 21.7619, 65.932 ], [ 21.7615, 65.9321 ], [ 21.7616, 65.9318 ], [ 21.7643, 65.9305 ] ] ] ] } },
{ "type": "Feature", "properties": { "fid": 101929, "OBJECTID": 6472899, "Lannr": "21", "Lan": "GÄVLEBORGS LÄN", "Kommunnr": "2101", "Kommun": "OCKELBO", "ArendeAr": 2026, "Beteckn": "A 28672-2026", "Avverktyp": "Föryngringsavverkning", "Andamal": "Uppgift saknas", "Inkomdatum": "2026-06-25T09:46:50", "AnmaldHa": 2.0, "ArendeStatus": "Anmält för avverkning", "AvverkningsanmalanKlass": "Avverkningsamalan", "Weeks": 13, "Naturvarden_Datinv": "1993-10-20", "Naturvarden_Area": 0.5, "Naturvarden_Hektar_calc": 1.5, "Naturvarden_Beteckn": "N 4269-1993", "Naturvarden_area(%)": 33, "Bolag": "-", "N": 6742940, "E": 587474, "URL": "https:\/\/kartor.skogsstyrelsen.se\/kartor\/?startapp=skogligagrunddata&x=6742940&y=587474&scale=7000&bg=Karta" }, "geometry": { "type": "Polygon", "coordinates": [ [ [ 16.6056, 60.8111 ], [ 16.6072, 60.8111 ], [ 16.6097, 60.8128 ], [ 16.6092, 60.8135 ], [ 16.6056, 60.8111 ] ] ] } },
{ "type": "Feature", "properties": { "fid": 59643, "OBJECTID": 6148262, "Lannr": "25", "Lan": "NORRBOTTENS LÄN", "Kommunnr": "2582", "Kommun": "BODEN", "ArendeAr": 2025, "Beteckn": "A 60423-2025", "Avverktyp": "Föryngringsavverkning", "Andamal": "Uppgift saknas", "Inkomdatum": "2025-12-04T00:00:00", "AnmaldHa": 2.8, "ArendeStatus": "Anmält för avverkning", "AvverkningsanmalanKlass": "Avverkningsamalan", "Weeks": 42, "Naturvarden_Datinv": "1993-10-22", "Naturvarden_Area": 3.4, "Naturvarden_Hektar_calc": 34.8, "Naturvarden_Beteckn": "N 4313-1993", "Naturvarden_area(%)": 10, "Bolag": "-", "N": 7327170, "E": 800293, "URL": "https:\/\/kartor.skogsstyrelsen.se\/kartor\/?startapp=skogligagrunddata&x=7327170&y=800293&scale=7000&bg=Karta" }, "geometry": { "type": "Polygon", "coordinates": [ [ [ 21.6099, 65.922 ], [ 21.6111, 65.9222 ], [ 21.609, 65.9231 ], [ 21.6065, 65.9233 ], [ 21.6046, 65.9241 ], [ 21.6024, 65.9238 ], [ 21.6025, 65.9234 ], [ 21.6036, 65.9232 ], [ 21.6046, 65.9228 ], [ 21.6061, 65.923 ], [ 21.6087, 65.9225 ], [ 21.6099, 65.922 ] ] ] } },
{ "type": "Feature", "properties": { "fid": 65428, "OBJECTID": 6168021, "Lannr": "25", "Lan": "NORRBOTTENS LÄN", "Kommunnr": "2582", "Kommun": "BODEN", "ArendeAr": 2025, "Beteckn": "A 63399-2025", "Avverktyp": "Föryngringsavverkning", "Andamal": "Uppgift saknas", "Inkomdatum": "2025-12-21T14:00:25", "AnmaldHa": 2.1, "ArendeStatus": "Anmält för avverkning", "AvverkningsanmalanKlass": "Avverkningsamalan", "Weeks": 39, "Naturvarden_Datinv": "1993-10-25", "Naturvarden_Area": 1.1, "Naturvarden_Hektar_calc": 20.6, "Naturvarden_Beteckn": "N 4347-1993", "Naturvarden_area(%)": 5, "Bolag": "-", "N": 7327610, "E": 800966, "URL": "https:\/\/kartor.skogsstyrelsen.se\/kartor\/?startapp=skogligagrunddata&x=7327610&y=800966&scale=7000&bg=Karta" }, "geometry": { "type": "Polygon", "coordinates": [ [ [ 21.621, 65.9256 ], [ 21.6251, 65.9262 ], [ 21.625, 65.9265 ], [ 21.623, 65.9263 ], [ 21.6226, 65.9269 ], [ 21.6232, 65.9273 ], [ 21.6196, 65.9268 ], [ 21.621, 65.9256 ] ] ] } },
{ "type": "Feature", "properties": { "fid": 82345, "OBJECTID": 6443769, "Lannr": "25", "Lan": "NORRBOTTENS LÄN", "Kommunnr": "2582", "Kommun": "BODEN", "ArendeAr": 2026, "Beteckn": "A 24233-2026", "Avverktyp": "Föryngringsavverkning", "Andamal": "Uppgift saknas", "Inkomdatum": "2026-05-26T15:54:04", "AnmaldHa": 2.6, "ArendeStatus": "Anmält för avverkning", "AvverkningsanmalanKlass": "Avverkningsamalan", "Weeks": 17, "Naturvarden_Datinv": "1993-10-26", "Naturvarden_Area": 2.8, "Naturvarden_Hektar_calc": 51.9, "Naturvarden_Beteckn": "N 4383-1993", "Naturvarden_area(%)": 5, "Bolag": "-", "N": 7324723, "E": 799460, "URL": "https:\/\/kartor.skogsstyrelsen.se\/kartor\/?startapp=skogligagrunddata&x=7324723&y=799460&scale=7000&bg=Karta" }, "geometry": { "type": "Polygon", "coordinates": [ [ [ 21.584, 65.9008 ], [ 21.5847, 65.901 ], [ 21.5838, 65.9018 ], [ 21.5843, 65.9024 ], [ 21.5837, 65.9025 ], [ 21.5836, 65.9028 ], [ 21.5806, 65.9031 ], [ 21.5811, 65.9014 ], [ 21.583, 65.9014 ], [ 21.584, 65.9008 ] ] ] } },
{ "type": "Feature", "properties": { "fid": 75854, "OBJECTID": 6227568, "Lannr": "21", "Lan": "GÄVLEBORGS LÄN", "Kommunnr": "2101", "Kommun": "OCKELBO", "ArendeAr": 2026, "Beteckn": "A 6589-2026", "Avverktyp": "Föryngringsavverkning", "Andamal": "Uppgift saknas", "Inkomdatum": "2026-02-03T11:04:36", "AnmaldHa": 5.0, "ArendeStatus": "Anmält för avverkning", "AvverkningsanmalanKlass": "Avverkningsamalan", "Weeks": 33, "Naturvarden_Datinv": "1993-10-28", "Naturvarden_Area": 5.4, "Naturvarden_Hektar_calc": 7.3, "Naturvarden_Beteckn": "N 4495-1993", "Naturvarden_area(%)": 73, "Bolag": "-", "N": 6741373, "E": 586383, "URL": "https:\/\/kartor.skogsstyrelsen.se\/kartor\/?startapp=skogligagrunddata&x=6741373&y=586383&scale=7000&bg=Karta" }, "geometry": { "type": "Polygon", "coordinates": [ [ [ 16.5839, 60.7956 ], [ 16.5915, 60.8007 ], [ 16.5905, 60.8011 ], [ 16.5829, 60.7961 ], [ 16.5839, 60.7956 ] ] ] } },
{ "type": "Feature", "properties": { "fid": 124256, "OBJECTID": 6502110, "Lannr": "07", "Lan": "KRONOBERGS LÄN", "Kommunnr": "0781", "Kommun": "LJUNGBY", "ArendeAr": 2026, "Beteckn": "A 37041-2026", "Avverktyp": "Föryngringsavverkning", "Andamal": "Uppgift saknas", "Inkomdatum": "2026-09-08T13:47:44", "AnmaldHa": 4.3, "ArendeStatus": "Anmält för avverkning", "AvverkningsanmalanKlass": "NyAvverkningsanmalan", "Weeks": 2, "Naturvarden_Datinv": "1993-10-29", "Naturvarden_Area": 0.1, "Naturvarden_Hektar_calc": 4.8, "Naturvarden_Beteckn": "N 4528-1993", "Naturvarden_area(%)": 2, "Bolag": "-", "N": 6299915, "E": 450071, "URL": "https:\/\/kartor.skogsstyrelsen.se\/kartor\/?startapp=skogligagrunddata&x=6299915&y=450071&scale=7000&bg=Karta" }, "geometry": { "type": "Polygon", "coordinates": [ [ [ 14.1804, 56.8386 ], [ 14.1806, 56.8387 ], [ 14.1809, 56.839 ], [ 14.1819, 56.8392 ], [ 14.1828, 56.8406 ], [ 14.1834, 56.8407 ], [ 14.1837, 56.8409 ], [ 14.1835, 56.8418 ], [ 14.183, 56.8419 ], [ 14.1825, 56.8418 ], [ 14.1826, 56.8413 ], [ 14.1814, 56.8413 ], [ 14.1813, 56.8415 ], [ 14.1807, 56.8416 ], [ 14.1807, 56.8407 ], [ 14.1798, 56.8399 ], [ 14.1798, 56.8394 ], [ 14.1804, 56.8386 ] ] ] } },
{ "type": "Feature", "properties": { "fid": 32546, "OBJECTID": 6249230, "Lannr": "06", "Lan": "JÖNKÖPINGS LÄN", "Kommunnr": "0683", "Kommun": "VÄRNAMO", "ArendeAr": 2026, "Beteckn": "A 10842-2026", "Avverktyp": "Avverkning för att bevara och utveckla \/försöksver", "Andamal": "bevara och utveckla natur- och kulturmiljövärden", "Inkomdatum": "2026-02-25T15:26:24", "AnmaldHa": 1.5, "ArendeStatus": "Anmält för avverkning", "AvverkningsanmalanKlass": "Avverkningsamalan", "Weeks": 30, "Naturvarden_Datinv": "1993-11-03", "Naturvarden_Area": 2.1, "Naturvarden_Hektar_calc": 17.5, "Naturvarden_Beteckn": "N 4663-1993", "Naturvarden_area(%)": 12, "Bolag": "-", "N": 6327634, "E": 440262, "URL": "https:\/\/kartor.skogsstyrelsen.se\/kartor\/?startapp=skogligagrunddata&x=6327634&y=440262&scale=7000&bg=Karta" }, "geometry": { "type": "Polygon", "coordinates": [ [ [ 14.015, 57.0871 ], [ 14.0158, 57.0873 ], [ 14.0141, 57.0892 ], [ 14.0128, 57.0886 ], [ 14.015, 57.0875 ], [ 14.015, 57.0871 ] ] ] } },
{ "type": "Feature", "properties": { "fid": 41145, "OBJECTID": 6272941, "Lannr": "21", "Lan": "GÄVLEBORGS LÄN", "Kommunnr": "2101", "Kommun": "OCKELBO", "ArendeAr": 2026, "Beteckn": "A 15572-2026", "Avverktyp": "Föryngringsavverkning", "Andamal": "Uppgift saknas", "Inkomdatum": "2026-03-25T13:18:47", "AnmaldHa": 2.0, "ArendeStatus": "Anmält för avverkning", "AvverkningsanmalanKlass": "Avverkningsamalan", "Weeks": 26, "Naturvarden_Datinv": "1993-11-03", "Naturvarden_Area": 2.1, "Naturvarden_Hektar_calc": 2.8, "Naturvarden_Beteckn": "N 4694-1993", "Naturvarden_area(%)": 76, "Bolag": "-", "N": 6758207, "E": 586978, "URL": "https:\/\/kartor.skogsstyrelsen.se\/kartor\/?startapp=skogligagrunddata&x=6758207&y=586978&scale=7000&bg=Karta" }, "geometry": { "type": "Polygon", "coordinates": [ [ [ 16.6046, 60.9484 ], [ 16.6049, 60.9484 ], [ 16.6055, 60.9491 ], [ 16.6084, 60.9493 ], [ 16.6078, 60.9499 ], [ 16.6036, 60.9495 ], [ 16.6035, 60.9492 ], [ 16.6043, 60.9484 ], [ 16.6046, 60.9484 ] ] ] } },
{ "type": "Feature", "properties": { "fid": 67566, "OBJECTID": 6193144, "Lannr": "21", "Lan": "GÄVLEBORGS LÄN", "Kommunnr": "2101", "Kommun": "OCKELBO", "ArendeAr": 2026, "Beteckn": "A 350-2026", "Avverktyp": "Föryngringsavverkning", "Andamal": "Uppgift saknas", "Inkomdatum": "2026-01-05T15:09:00", "AnmaldHa": 16.2, "ArendeStatus": "Anmält för avverkning", "AvverkningsanmalanKlass": "Avverkningsamalan", "Weeks": 37, "Naturvarden_Datinv": "1993-11-05", "Naturvarden_Area": 0.6, "Naturvarden_Hektar_calc": 0.6, "Naturvarden_Beteckn": "N 4755-1993", "Naturvarden_area(%)": 99, "Bolag": "-", "N": 6763036, "E": 592299, "URL": "https:\/\/kartor.skogsstyrelsen.se\/kartor\/?startapp=skogligagrunddata&x=6763036&y=592299&scale=7000&bg=Karta" }, "geometry": { "type": "Polygon", "coordinates": [ [ [ 16.6911, 60.9908 ], [ 16.7212, 60.9912 ], [ 16.7212, 60.9921 ], [ 16.6912, 60.9917 ], [ 16.6911, 60.9908 ] ] ] } },
{ "type": "Feature", "properties": { "fid": 75148, "OBJECTID": 6420879, "Lannr": "17", "Lan": "VÄRMLANDS LÄN", "Kommunnr": "1785", "Kommun": "SÄFFLE", "ArendeAr": 2026, "Beteckn": "A 22393-2026", "Avverktyp": "Föryngringsavverkning", "Andamal": "Uppgift saknas", "Inkomdatum": "2026-05-12T15:30:03", "AnmaldHa": 0.4, "ArendeStatus": "Anmält för avverkning", "AvverkningsanmalanKlass": "Avverkningsamalan", "Weeks": 19, "Naturvarden_Datinv": "1993-11-11", "Naturvarden_Area": 0.4, "Naturvarden_Hektar_calc": 33.8, "Naturvarden_Beteckn": "N 4846-1993", "Naturvarden_area(%)": 1, "Bolag": "-", "N": 6560910, "E": 374274, "URL": "https:\/\/kartor.skogsstyrelsen.se\/kartor\/?startapp=skogligagrunddata&x=6560910&y=374274&scale=7000&bg=Karta" }, "geometry": { "type": "Polygon", "coordinates": [ [ [ 12.8008, 59.1683 ], [ 12.8021, 59.1686 ], [ 12.8009, 59.1686 ], [ 12.8009, 59.1689 ], [ 12.8003, 59.169 ], [ 12.7987, 59.169 ], [ 12.8004, 59.1688 ], [ 12.8004, 59.1684 ], [ 12.8008, 59.1683 ] ] ] } },
{ "type": "Feature", "properties": { "fid": 94959, "OBJECTID": 6465208, "Lannr": "21", "Lan": "GÄVLEBORGS LÄN", "Kommunnr": "2101", "Kommun": "OCKELBO", "ArendeAr": 2026, "Beteckn": "A 27562-2026", "Avverktyp": "Föryngringsavverkning", "Andamal": "Uppgift saknas", "Inkomdatum": "2026-06-17T09:26:01", "AnmaldHa": 4.0, "ArendeStatus": "Anmält för avverkning", "AvverkningsanmalanKlass": "Avverkningsamalan", "Weeks": 14, "Naturvarden_Datinv": "1993-11-16", "Naturvarden_Area": 1.6, "Naturvarden_Hektar_calc": 1.7, "Naturvarden_Beteckn": "N 4943-1993", "Naturvarden_area(%)": 93, "Bolag": "-", "N": 6760600, "E": 589531, "URL": "https:\/\/kartor.skogsstyrelsen.se\/kartor\/?startapp=skogligagrunddata&x=6760600&y=589531&scale=7000&bg=Karta" }, "geometry": { "type": "Polygon", "coordinates": [ [ [ 16.6493, 60.9694 ], [ 16.6588, 60.9704 ], [ 16.6584, 60.9711 ], [ 16.6491, 60.97 ], [ 16.6493, 60.9694 ] ] ] } },
{ "type": "Feature", "properties": { "fid": 105773, "OBJECTID": 6475399, "Lannr": "18", "Lan": "ÖREBRO LÄN", "Kommunnr": "1882", "Kommun": "ASKERSUND", "ArendeAr": 2026, "Beteckn": "A 33113-2026", "Avverktyp": "Föryngringsavverkning", "Andamal": "Uppgift saknas", "Inkomdatum": "2026-08-11T13:14:14", "AnmaldHa": 9.4, "ArendeStatus": "Anmält för avverkning", "AvverkningsanmalanKlass": "NyAvverkningsanmalan", "Weeks": 6, "Naturvarden_Datinv": "1994-04-06", "Naturvarden_Area": 0.9, "Naturvarden_Hektar_calc": 1.2, "Naturvarden_Beteckn": "N 496-1994", "Naturvarden_area(%)": 80, "Bolag": "-", "N": 6508923, "E": 500314, "URL": "https:\/\/kartor.skogsstyrelsen.se\/kartor\/?startapp=skogligagrunddata&x=6508923&y=500314&scale=7000&bg=Karta" }, "geometry": { "type": "Polygon", "coordinates": [ [ [ 15.0061, 58.7185 ], [ 15.0061, 58.7193 ], [ 15.0078, 58.7198 ], [ 15.008, 58.7204 ], [ 15.008, 58.7212 ], [ 15.0067, 58.7237 ], [ 15.0056, 58.7233 ], [ 15.0057, 58.7231 ], [ 15.0049, 58.723 ], [ 15.005, 58.7226 ], [ 15.0056, 58.7223 ], [ 15.0055, 58.7219 ], [ 15.0063, 58.7212 ], [ 15.006, 58.7207 ], [ 15.0051, 58.7204 ], [ 15.005, 58.7212 ], [ 15.0046, 58.7212 ], [ 15.0034, 58.7194 ], [ 15.0027, 58.7191 ], [ 15.0019, 58.7189 ], [ 15.0001, 58.719 ], [ 15.0003, 58.7185 ], [ 15.0061, 58.7185 ] ] ] } },
{ "type": "Feature", "properties": { "fid": 43157, "OBJECTID": 6103556, "Lannr": "10", "Lan": "BLEKINGE LÄN", "Kommunnr": "1082", "Kommun": "KARLSHAMN", "ArendeAr": 2025, "Beteckn": "A 49649-2025", "Avverktyp": "Föryngringsavverkning", "Andamal": "Uppgift saknas", "Inkomdatum": "2025-10-09T00:00:00", "AnmaldHa": 7.1, "ArendeStatus": "Anmält för avverkning", "AvverkningsanmalanKlass": "Avverkningsamalan", "Weeks": 50, "Naturvarden_Datinv": "1994-04-11", "Naturvarden_Area": 1.0, "Naturvarden_Hektar_calc": 2.6, "Naturvarden_Beteckn": "N 636-1994", "Naturvarden_area(%)": 40, "Bolag": "-", "N": 6231480, "E": 480696, "URL": "https:\/\/kartor.skogsstyrelsen.se\/kartor\/?startapp=skogligagrunddata&x=6231480&y=480696&scale=7000&bg=Karta" }, "geometry": { "type": "MultiPolygon", "coordinates": [ [ [ [ 14.6877, 56.2268 ], [ 14.6884, 56.2268 ], [ 14.6895, 56.2274 ], [ 14.6895, 56.2277 ], [ 14.6897, 56.2278 ], [ 14.6884, 56.2283 ], [ 14.6876, 56.2282 ], [ 14.687, 56.2294 ], [ 14.6869, 56.2304 ], [ 14.6866, 56.2306 ], [ 14.6857, 56.2302 ], [ 14.6861, 56.2297 ], [ 14.6858, 56.2293 ], [ 14.6865, 56.2288 ], [ 14.6865, 56.2285 ], [ 14.6861, 56.2283 ], [ 14.687, 56.2282 ], [ 14.6856, 56.2278 ], [ 14.6858, 56.2276 ], [ 14.6856, 56.2273 ], [ 14.6861, 56.2271 ], [ 14.6869, 56.2273 ], [ 14.6872, 56.2273 ], [ 14.6877, 56.2268 ] ] ], [ [ [ 14.692, 56.226 ], [ 14.693, 56.2268 ], [ 14.6926, 56.227 ], [ 14.6924, 56.2274 ], [ 14.6915, 56.2279 ], [ 14.69, 56.2269 ], [ 14.692, 56.226 ] ] ] ] } },
{ "type": "Feature", "properties": { "fid": 115887, "OBJECTID": 6490765, "Lannr": "25", "Lan": "NORRBOTTENS LÄN", "Kommunnr": "2582", "Kommun": "BODEN", "ArendeAr": 2026, "Beteckn": "A 35292-2026", "Avverktyp": "Föryngringsavverkning", "Andamal": "Uppgift saknas", "Inkomdatum": "2026-08-27T09:27:22", "AnmaldHa": 4.9, "ArendeStatus": "Anmält för avverkning", "AvverkningsanmalanKlass": "NyAvverkningsanmalan", "Weeks": 4, "Naturvarden_Datinv": "1994-04-25", "Naturvarden_Area": 5.0, "Naturvarden_Hektar_calc": 26.3, "Naturvarden_Beteckn": "N 957-1994", "Naturvarden_area(%)": 19, "Bolag": "-", "N": 7336879, "E": 798979, "URL": "https:\/\/kartor.skogsstyrelsen.se\/kartor\/?startapp=skogligagrunddata&x=7336879&y=798979&scale=7000&bg=Karta" }, "geometry": { "type": "Polygon", "coordinates": [ [ [ 21.6002, 66.0095 ], [ 21.6016, 66.0105 ], [ 21.6029, 66.01 ], [ 21.6043, 66.0107 ], [ 21.6017, 66.0116 ], [ 21.6009, 66.0113 ], [ 21.599, 66.0116 ], [ 21.5988, 66.0119 ], [ 21.5978, 66.0121 ], [ 21.5967, 66.0121 ], [ 21.5965, 66.0112 ], [ 21.6002, 66.0095 ] ] ] } },
{ "type": "Feature", "properties": { "fid": 116231, "OBJECTID": 6491166, "Lannr": "25", "Lan": "NORRBOTTENS LÄN", "Kommunnr": "2582", "Kommun": "BODEN", "ArendeAr": 2026, "Beteckn": "A 35295-2026", "Avverktyp": "Föryngringsavverkning", "Andamal": "Uppgift saknas", "Inkomdatum": "2026-08-27T09:43:36", "AnmaldHa": 5.3, "ArendeStatus": "Anmält för avverkning", "AvverkningsanmalanKlass": "NyAvverkningsanmalan", "Weeks": 4, "Naturvarden_Datinv": "1994-04-25", "Naturvarden_Area": 5.5, "Naturvarden_Hektar_calc": 26.3, "Naturvarden_Beteckn": "N 957-1994", "Naturvarden_area(%)": 21, "Bolag": "-", "N": 7336630, "E": 799238, "URL": "https:\/\/kartor.skogsstyrelsen.se\/kartor\/?startapp=skogligagrunddata&x=7336630&y=799238&scale=7000&bg=Karta" }, "geometry": { "type": "Polygon", "coordinates": [ [ [ 21.607, 66.0069 ], [ 21.6074, 66.0073 ], [ 21.6083, 66.0077 ], [ 21.6068, 66.0084 ], [ 21.6068, 66.0092 ], [ 21.6043, 66.01 ], [ 21.6018, 66.0087 ], [ 21.6044, 66.0074 ], [ 21.607, 66.0069 ] ] ] } },
{ "type": "Feature", "properties": { "fid": 116233, "OBJECTID": 6491168, "Lannr": "25", "Lan": "NORRBOTTENS LÄN", "Kommunnr": "2582", "Kommun": "BODEN", "ArendeAr": 2026, "Beteckn": "A 35299-2026", "Avverktyp": "Föryngringsavverkning", "Andamal": "Uppgift saknas", "Inkomdatum": "2026-08-27T09:56:52", "AnmaldHa": 3.3, "ArendeStatus": "Anmält för avverkning", "AvverkningsanmalanKlass": "NyAvverkningsanmalan", "Weeks": 4, "Naturvarden_Datinv": "1994-04-25", "Naturvarden_Area": 5.5, "Naturvarden_Hektar_calc": 26.3, "Naturvarden_Beteckn": "N 957-1994", "Naturvarden_area(%)": 21, "Bolag": "-", "N": 7336448, "E": 799556, "URL": "https:\/\/kartor.skogsstyrelsen.se\/kartor\/?startapp=skogligagrunddata&x=7336448&y=799556&scale=7000&bg=Karta" }, "geometry": { "type": "Polygon", "coordinates": [ [ [ 21.6145, 66.0054 ], [ 21.6148, 66.0059 ], [ 21.6146, 66.0065 ], [ 21.6137, 66.0072 ], [ 21.6109, 66.0066 ], [ 21.6092, 66.0069 ], [ 21.6084, 66.0077 ], [ 21.6074, 66.0073 ], [ 21.607, 66.0069 ], [ 21.6145, 66.0054 ] ] ] } },
{ "type": "Feature", "properties": { "fid": 94314, "OBJECTID": 6463438, "Lannr": "18", "Lan": "ÖREBRO LÄN", "Kommunnr": "1883", "Kommun": "KARLSKOGA", "ArendeAr": 2026, "Beteckn": "A 27120-2026", "Avverktyp": "Föryngringsavverkning", "Andamal": "Uppgift saknas", "Inkomdatum": "2026-06-15T08:54:42", "AnmaldHa": 4.5, "ArendeStatus": "Anmält för avverkning", "AvverkningsanmalanKlass": "Avverkningsamalan", "Weeks": 14, "Naturvarden_Datinv": "1994-05-05", "Naturvarden_Area": 0.4, "Naturvarden_Hektar_calc": 1.2, "Naturvarden_Beteckn": "N 1254-1994", "Naturvarden_area(%)": 34, "Bolag": "Kyrkan", "N": 6593758, "E": 469099, "URL": "https:\/\/kartor.skogsstyrelsen.se\/kartor\/?startapp=skogligagrunddata&x=6593758&y=469099&scale=7000&bg=Karta" }, "geometry": { "type": "MultiPolygon", "coordinates": [ [ [ [ 14.4567, 59.4815 ], [ 14.4569, 59.4824 ], [ 14.4554, 59.4824 ], [ 14.4555, 59.4821 ], [ 14.4554, 59.4819 ], [ 14.4555, 59.4818 ], [ 14.4556, 59.4819 ], [ 14.4562, 59.4819 ], [ 14.4563, 59.4818 ], [ 14.4563, 59.4816 ], [ 14.4567, 59.4815 ] ] ], [ [ [ 14.4555, 59.4797 ], [ 14.4552, 59.4807 ], [ 14.4549, 59.4809 ], [ 14.4551, 59.4811 ], [ 14.4561, 59.4811 ], [ 14.4562, 59.4813 ], [ 14.4567, 59.4814 ], [ 14.4567, 59.4815 ], [ 14.4563, 59.4816 ], [ 14.4561, 59.4817 ], [ 14.4561, 59.4818 ], [ 14.4563, 59.4818 ], [ 14.4562, 59.4819 ], [ 14.4559, 59.4819 ], [ 14.4556, 59.4819 ], [ 14.4555, 59.4818 ], [ 14.4555, 59.4819 ], [ 14.4549, 59.4816 ], [ 14.4545, 59.4817 ], [ 14.4542, 59.4819 ], [ 14.4539, 59.4822 ], [ 14.4542, 59.482 ], [ 14.4554, 59.4821 ], [ 14.4553, 59.4824 ], [ 14.4531, 59.4824 ], [ 14.4529, 59.4819 ], [ 14.4534, 59.4813 ], [ 14.4532, 59.4809 ], [ 14.4535, 59.4805 ], [ 14.4525, 59.4805 ], [ 14.4523, 59.4798 ], [ 14.4555, 59.4797 ] ] ] ] } },
{ "type": "Feature", "properties": { "fid": 107647, "OBJECTID": 6478406, "Lannr": "21", "Lan": "GÄVLEBORGS LÄN", "Kommunnr": "2101", "Kommun": "OCKELBO", "ArendeAr": 2026, "Beteckn": "A 14827-2026", "Avverktyp": "Föryngringsavverkning", "Andamal": "Uppgift saknas", "Inkomdatum": "2026-03-23T08:45:59", "AnmaldHa": 4.5, "ArendeStatus": "Anmält för avverkning", "AvverkningsanmalanKlass": "Avverkningsamalan", "Weeks": 26, "Naturvarden_Datinv": "1994-05-09", "Naturvarden_Area": 0.5, "Naturvarden_Hektar_calc": 1.2, "Naturvarden_Beteckn": "N 1421-1994", "Naturvarden_area(%)": 45, "Bolag": "-", "N": 6757135, "E": 579714, "URL": "https:\/\/kartor.skogsstyrelsen.se\/kartor\/?startapp=skogligagrunddata&x=6757135&y=579714&scale=7000&bg=Karta" }, "geometry": { "type": "MultiPolygon", "coordinates": [ [ [ [ 16.4716, 60.9389 ], [ 16.4693, 60.944 ], [ 16.4703, 60.9444 ], [ 16.4689, 60.9468 ], [ 16.4684, 60.9467 ], [ 16.4676, 60.9471 ], [ 16.4716, 60.9389 ] ] ], [ [ [ 16.4727, 60.9365 ], [ 16.4745, 60.9366 ], [ 16.4733, 60.9388 ], [ 16.4716, 60.9389 ], [ 16.4716, 60.9389 ], [ 16.4727, 60.9365 ] ] ] ] } },
{ "type": "Feature", "properties": { "fid": 56177, "OBJECTID": 6308788, "Lannr": "08", "Lan": "KALMAR LÄN", "Kommunnr": "0862", "Kommun": "EMMABODA", "ArendeAr": 2025, "Beteckn": "A 62164-2025", "Avverktyp": "Föryngringsavverkning", "Andamal": "Uppgift saknas", "Inkomdatum": "2025-12-15T11:55:25", "AnmaldHa": 3.6, "ArendeStatus": "Anmält för avverkning", "AvverkningsanmalanKlass": "Avverkningsamalan", "Weeks": 40, "Naturvarden_Datinv": "1994-05-11", "Naturvarden_Area": 0.4, "Naturvarden_Hektar_calc": 0.4, "Naturvarden_Beteckn": "N 1569-1994", "Naturvarden_area(%)": 99, "Bolag": "-", "N": 6260603, "E": 527741, "URL": "https:\/\/kartor.skogsstyrelsen.se\/kartor\/?startapp=skogligagrunddata&x=6260603&y=527741&scale=7000&bg=Karta" }, "geometry": { "type": "Polygon", "coordinates": [ [ [ 15.4498, 56.4877 ], [ 15.4529, 56.4888 ], [ 15.4512, 56.4896 ], [ 15.451, 56.49 ], [ 15.4487, 56.4902 ], [ 15.4498, 56.4877 ] ] ] } },
{ "type": "Feature", "properties": { "fid": 112738, "OBJECTID": 6485737, "Lannr": "22", "Lan": "VÄSTERNORRLANDS LÄN", "Kommunnr": "2284", "Kommun": "ÖRNSKÖLDSVIK", "ArendeAr": 2026, "Beteckn": "A 30473-2026", "Avverktyp": "Föryngringsavverkning", "Andamal": "Uppgift saknas", "Inkomdatum": "2026-07-07T00:00:00", "AnmaldHa": 6.2, "ArendeStatus": "Anmält för avverkning", "AvverkningsanmalanKlass": "Avverkningsamalan", "Weeks": 11, "Naturvarden_Datinv": "1994-05-18", "Naturvarden_Area": 0.3, "Naturvarden_Hektar_calc": 3.1, "Naturvarden_Beteckn": "N 1707-1994", "Naturvarden_area(%)": 9, "Bolag": "-", "N": 7035895, "E": 707051, "URL": "https:\/\/kartor.skogsstyrelsen.se\/kartor\/?startapp=skogligagrunddata&x=7035895&y=707051&scale=7000&bg=Karta" }, "geometry": { "type": "Polygon", "coordinates": [ [ [ 19.1405, 63.3901 ], [ 19.1413, 63.3904 ], [ 19.1407, 63.391 ], [ 19.1412, 63.391 ], [ 19.1416, 63.3908 ], [ 19.1427, 63.3906 ], [ 19.1444, 63.3914 ], [ 19.1452, 63.3914 ], [ 19.1459, 63.3907 ], [ 19.1465, 63.3909 ], [ 19.1484, 63.3902 ], [ 19.1495, 63.3906 ], [ 19.1506, 63.3903 ], [ 19.1502, 63.3908 ], [ 19.1509, 63.3916 ], [ 19.1478, 63.3918 ], [ 19.1472, 63.392 ], [ 19.1472, 63.3921 ], [ 19.1468, 63.3919 ], [ 19.1445, 63.3925 ], [ 19.1428, 63.3928 ], [ 19.1423, 63.3924 ], [ 19.1436, 63.392 ], [ 19.1434, 63.3917 ], [ 19.1416, 63.3917 ], [ 19.1406, 63.3911 ], [ 19.1399, 63.3916 ], [ 19.1385, 63.3917 ], [ 19.1393, 63.3913 ], [ 19.1405, 63.3901 ] ] ] } },
{ "type": "Feature", "properties": { "fid": 112375, "OBJECTID": 6485443, "Lannr": "22", "Lan": "VÄSTERNORRLANDS LÄN", "Kommunnr": "2284", "Kommun": "ÖRNSKÖLDSVIK", "ArendeAr": 2026, "Beteckn": "A 2846-2026", "Avverktyp": "Föryngringsavverkning", "Andamal": "Uppgift saknas", "Inkomdatum": "2026-01-16T00:00:00", "AnmaldHa": 3.3, "ArendeStatus": "Anmält för avverkning", "AvverkningsanmalanKlass": "Avverkningsamalan", "Weeks": 36, "Naturvarden_Datinv": "1994-05-18", "Naturvarden_Area": 2.9, "Naturvarden_Hektar_calc": 3.1, "Naturvarden_Beteckn": "N 1707-1994", "Naturvarden_area(%)": 93, "Bolag": "-", "N": 7036071, "E": 707151, "URL": "https:\/\/kartor.skogsstyrelsen.se\/kartor\/?startapp=skogligagrunddata&x=7036071&y=707151&scale=7000&bg=Karta" }, "geometry": { "type": "Polygon", "coordinates": [ [ [ 19.1467, 63.3919 ], [ 19.1468, 63.3923 ], [ 19.1486, 63.3928 ], [ 19.1507, 63.3924 ], [ 19.1525, 63.3926 ], [ 19.1524, 63.3931 ], [ 19.1487, 63.3934 ], [ 19.1453, 63.3932 ], [ 19.1432, 63.3933 ], [ 19.1428, 63.3929 ], [ 19.1425, 63.3928 ], [ 19.1441, 63.3926 ], [ 19.1467, 63.3919 ] ] ] } },
{ "type": "Feature", "properties": { "fid": 69763, "OBJECTID": 6208261, "Lannr": "01", "Lan": "STOCKHOLMS LÄN", "Kommunnr": "0188", "Kommun": "NORRTÄLJE", "ArendeAr": 2026, "Beteckn": "A 2088-2026", "Avverktyp": "Föryngringsavverkning", "Andamal": "Uppgift saknas", "Inkomdatum": "2026-01-14T08:37:06", "AnmaldHa": 6.9, "ArendeStatus": "Anmält för avverkning", "AvverkningsanmalanKlass": "Avverkningsamalan", "Weeks": 36, "Naturvarden_Datinv": "1994-05-24", "Naturvarden_Area": 0.3, "Naturvarden_Hektar_calc": 2.1, "Naturvarden_Beteckn": "N 1956-1994", "Naturvarden_area(%)": 15, "Bolag": "-", "N": 6612693, "E": 706957, "URL": "https:\/\/kartor.skogsstyrelsen.se\/kartor\/?startapp=skogligagrunddata&x=6612693&y=706957&scale=7000&bg=Karta" }, "geometry": { "type": "MultiPolygon", "coordinates": [ [ [ [ 18.6701, 59.6015 ], [ 18.6704, 59.6016 ], [ 18.6707, 59.6021 ], [ 18.6713, 59.6017 ], [ 18.6723, 59.6019 ], [ 18.6712, 59.6024 ], [ 18.6703, 59.6025 ], [ 18.6695, 59.6023 ], [ 18.6678, 59.6025 ], [ 18.6675, 59.6024 ], [ 18.6679, 59.6023 ], [ 18.6681, 59.6018 ], [ 18.6689, 59.602 ], [ 18.6701, 59.6015 ] ] ], [ [ [ 18.6659, 59.6003 ], [ 18.6674, 59.6018 ], [ 18.6676, 59.6023 ], [ 18.6675, 59.6024 ], [ 18.6654, 59.6017 ], [ 18.665, 59.6018 ], [ 18.6642, 59.6016 ], [ 18.6636, 59.6016 ], [ 18.6619, 59.6011 ], [ 18.6646, 59.6008 ], [ 18.6649, 59.6006 ], [ 18.6657, 59.6005 ], [ 18.6659, 59.6003 ] ] ], [ [ [ 18.6693, 59.5997 ], [ 18.6697, 59.5997 ], [ 18.6711, 59.6006 ], [ 18.6715, 59.6012 ], [ 18.6712, 59.6015 ], [ 18.6709, 59.6008 ], [ 18.6704, 59.6011 ], [ 18.6693, 59.601 ], [ 18.6689, 59.6014 ], [ 18.6685, 59.6014 ], [ 18.6686, 59.601 ], [ 18.6684, 59.6009 ], [ 18.6696, 59.6003 ], [ 18.6696, 59.6001 ], [ 18.6691, 59.5999 ], [ 18.6693, 59.5997 ] ] ], [ [ [ 18.6672, 59.5984 ], [ 18.6682, 59.5989 ], [ 18.6684, 59.5993 ], [ 18.6685, 59.5996 ], [ 18.6679, 59.5997 ], [ 18.6675, 59.6002 ], [ 18.6672, 59.6002 ], [ 18.6668, 59.5991 ], [ 18.6665, 59.599 ], [ 18.6672, 59.5984 ] ] ] ] } },
{ "type": "Feature", "properties": { "fid": 71035, "OBJECTID": 6409480, "Lannr": "21", "Lan": "GÄVLEBORGS LÄN", "Kommunnr": "2132", "Kommun": "NORDANSTIG", "ArendeAr": 2026, "Beteckn": "A 21060-2026", "Avverktyp": "Föryngringsavverkning", "Andamal": "Uppgift saknas", "Inkomdatum": "2026-05-04T09:18:32", "AnmaldHa": 2.6, "ArendeStatus": "Anmält för avverkning", "AvverkningsanmalanKlass": "Avverkningsamalan", "Weeks": 20, "Naturvarden_Datinv": "1994-05-26", "Naturvarden_Area": 0.2, "Naturvarden_Hektar_calc": 4.8, "Naturvarden_Beteckn": "N 2105-1994", "Naturvarden_area(%)": 5, "Bolag": "-", "N": 6863032, "E": 604390, "URL": "https:\/\/kartor.skogsstyrelsen.se\/kartor\/?startapp=skogligagrunddata&x=6863032&y=604390&scale=7000&bg=Karta" }, "geometry": { "type": "Polygon", "coordinates": [ [ [ 16.9807, 61.8848 ], [ 16.9816, 61.8851 ], [ 16.9822, 61.8849 ], [ 16.9895, 61.8857 ], [ 16.9892, 61.8864 ], [ 16.9849, 61.8858 ], [ 16.9848, 61.8856 ], [ 16.984, 61.8854 ], [ 16.9814, 61.8853 ], [ 16.9804, 61.8851 ], [ 16.9807, 61.8848 ] ] ] } },
{ "type": "Feature", "properties": { "fid": 53469, "OBJECTID": 6134087, "Lannr": "25", "Lan": "NORRBOTTENS LÄN", "Kommunnr": "2582", "Kommun": "BODEN", "ArendeAr": 2025, "Beteckn": "A 56598-2025", "Avverktyp": "Föryngringsavverkning", "Andamal": "Uppgift saknas", "Inkomdatum": "2025-11-14T13:44:47", "AnmaldHa": 1.1, "ArendeStatus": "Anmält för avverkning", "AvverkningsanmalanKlass": "Avverkningsamalan", "Weeks": 45, "Naturvarden_Datinv": "1994-05-30", "Naturvarden_Area": 1.4, "Naturvarden_Hektar_calc": 7.7, "Naturvarden_Beteckn": "N 2227-1994", "Naturvarden_area(%)": 18, "Bolag": "-", "N": 7303451, "E": 809137, "URL": "https:\/\/kartor.skogsstyrelsen.se\/kartor\/?startapp=skogligagrunddata&x=7303451&y=809137&scale=7000&bg=Karta" }, "geometry": { "type": "MultiPolygon", "coordinates": [ [ [ [ 21.7437, 65.7032 ], [ 21.7464, 65.7037 ], [ 21.7456, 65.704 ], [ 21.7433, 65.7036 ], [ 21.7437, 65.7032 ] ] ], [ [ [ 21.7408, 65.7026 ], [ 21.7427, 65.703 ], [ 21.7426, 65.7031 ], [ 21.742, 65.703 ], [ 21.7415, 65.7032 ], [ 21.74, 65.7029 ], [ 21.7408, 65.7026 ] ] ] ] } },
{ "type": "Feature", "properties": { "fid": 60419, "OBJECTID": 6150763, "Lannr": "25", "Lan": "NORRBOTTENS LÄN", "Kommunnr": "2582", "Kommun": "BODEN", "ArendeAr": 2025, "Beteckn": "A 60781-2025", "Avverktyp": "Föryngringsavverkning", "Andamal": "Uppgift saknas", "Inkomdatum": "2025-12-08T09:26:48", "AnmaldHa": 11.5, "ArendeStatus": "Anmält för avverkning", "AvverkningsanmalanKlass": "Avverkningsamalan", "Weeks": 41, "Naturvarden_Datinv": "1994-06-10", "Naturvarden_Area": 10.6, "Naturvarden_Hektar_calc": 12.1, "Naturvarden_Beteckn": "N 2935-1994", "Naturvarden_area(%)": 88, "Bolag": "-", "N": 7307618, "E": 809647, "URL": "https:\/\/kartor.skogsstyrelsen.se\/kartor\/?startapp=skogligagrunddata&x=7307618&y=809647&scale=7000&bg=Karta" }, "geometry": { "type": "Polygon", "coordinates": [ [ [ 21.7584, 65.7387 ], [ 21.7694, 65.739 ], [ 21.7688, 65.7414 ], [ 21.7619, 65.7413 ], [ 21.7601, 65.7402 ], [ 21.7593, 65.7401 ], [ 21.7578, 65.7394 ], [ 21.7584, 65.7387 ] ] ] } },
{ "type": "Feature", "properties": { "fid": 61627, "OBJECTID": 6154017, "Lannr": "05", "Lan": "ÖSTERGÖTLANDS LÄN", "Kommunnr": "0513", "Kommun": "KINDA", "ArendeAr": 2025, "Beteckn": "A 61704-2025", "Avverktyp": "Föryngringsavverkning", "Andamal": "Uppgift saknas", "Inkomdatum": "2025-12-11T13:09:41", "AnmaldHa": 2.3, "ArendeStatus": "Anmält för avverkning", "AvverkningsanmalanKlass": "Avverkningsamalan", "Weeks": 41, "Naturvarden_Datinv": "1994-06-10", "Naturvarden_Area": 0.7, "Naturvarden_Hektar_calc": 0.7, "Naturvarden_Beteckn": "N 2957-1994", "Naturvarden_area(%)": 99, "Bolag": "-", "N": 6430964, "E": 535558, "URL": "https:\/\/kartor.skogsstyrelsen.se\/kartor\/?startapp=skogligagrunddata&x=6430964&y=535558&scale=7000&bg=Karta" }, "geometry": { "type": "Polygon", "coordinates": [ [ [ 15.6015, 58.0179 ], [ 15.6022, 58.018 ], [ 15.6026, 58.018 ], [ 15.603, 58.0182 ], [ 15.603, 58.0188 ], [ 15.6027, 58.0192 ], [ 15.6031, 58.0195 ], [ 15.6031, 58.0198 ], [ 15.6003, 58.0192 ], [ 15.6006, 58.0185 ], [ 15.6012, 58.0184 ], [ 15.6015, 58.0179 ] ] ] } },
{ "type": "Feature", "properties": { "fid": 48617, "OBJECTID": 6284579, "Lannr": "05", "Lan": "ÖSTERGÖTLANDS LÄN", "Kommunnr": "0513", "Kommun": "KINDA", "ArendeAr": 2025, "Beteckn": "A 52631-2025", "Avverktyp": "Föryngringsavverkning", "Andamal": "Uppgift saknas", "Inkomdatum": "2025-10-24T17:13:03", "AnmaldHa": 3.8, "ArendeStatus": "Anmält för avverkning", "AvverkningsanmalanKlass": "Avverkningsamalan", "Weeks": 48, "Naturvarden_Datinv": "1994-06-10", "Naturvarden_Area": 0.7, "Naturvarden_Hektar_calc": 0.7, "Naturvarden_Beteckn": "N 2957-1994", "Naturvarden_area(%)": 99, "Bolag": "-", "N": 6431159, "E": 535488, "URL": "https:\/\/kartor.skogsstyrelsen.se\/kartor\/?startapp=skogligagrunddata&x=6431159&y=535488&scale=7000&bg=Karta" }, "geometry": { "type": "Polygon", "coordinates": [ [ [ 15.6004, 58.0193 ], [ 15.6026, 58.0197 ], [ 15.6027, 58.0204 ], [ 15.6032, 58.0208 ], [ 15.603, 58.021 ], [ 15.6025, 58.0212 ], [ 15.6003, 58.0206 ], [ 15.5997, 58.0212 ], [ 15.5996, 58.0219 ], [ 15.598, 58.022 ], [ 15.5981, 58.0214 ], [ 15.5994, 58.0209 ], [ 15.6004, 58.0193 ] ] ] } },
{ "type": "Feature", "properties": { "fid": 112909, "OBJECTID": 6485899, "Lannr": "08", "Lan": "KALMAR LÄN", "Kommunnr": "0862", "Kommun": "EMMABODA", "ArendeAr": 2026, "Beteckn": "A 31024-2026", "Avverktyp": "Avverkning för att bevara och utveckla \/försöksver", "Andamal": "bevara och utveckla natur- och kulturmiljövärden", "Inkomdatum": "2026-07-10T15:52:12", "AnmaldHa": 0.7, "ArendeStatus": "Anmält för avverkning", "AvverkningsanmalanKlass": "Avverkningsamalan", "Weeks": 11, "Naturvarden_Datinv": "1994-06-10", "Naturvarden_Area": 0.6, "Naturvarden_Hektar_calc": 2.5, "Naturvarden_Beteckn": "N 2999-1994", "Naturvarden_area(%)": 24, "Bolag": "-", "N": 6266600, "E": 535760, "URL": "https:\/\/kartor.skogsstyrelsen.se\/kartor\/?startapp=skogligagrunddata&x=6266600&y=535760&scale=7000&bg=Karta" }, "geometry": { "type": "Polygon", "coordinates": [ [ [ 15.5817, 56.5419 ], [ 15.5823, 56.5422 ], [ 15.5824, 56.5427 ], [ 15.5806, 56.5427 ], [ 15.5804, 56.5425 ], [ 15.5817, 56.5419 ] ] ] } },
{ "type": "Feature", "properties": { "fid": 68257, "OBJECTID": 6199741, "Lannr": "25", "Lan": "NORRBOTTENS LÄN", "Kommunnr": "2582", "Kommun": "BODEN", "ArendeAr": 2026, "Beteckn": "A 664-2026", "Avverktyp": "Föryngringsavverkning", "Andamal": "Uppgift saknas", "Inkomdatum": "2026-01-07T00:00:00", "AnmaldHa": 1.1, "ArendeStatus": "Anmält för avverkning", "AvverkningsanmalanKlass": "Avverkningsamalan", "Weeks": 37, "Naturvarden_Datinv": "1994-06-13", "Naturvarden_Area": 0.3, "Naturvarden_Hektar_calc": 13.2, "Naturvarden_Beteckn": "N 3041-1994", "Naturvarden_area(%)": 2, "Bolag": "-", "N": 7306446, "E": 812754, "URL": "https:\/\/kartor.skogsstyrelsen.se\/kartor\/?startapp=skogligagrunddata&x=7306446&y=812754&scale=7000&bg=Karta" }, "geometry": { "type": "Polygon", "coordinates": [ [ [ 21.8276, 65.7256 ], [ 21.8304, 65.7268 ], [ 21.829, 65.7272 ], [ 21.8278, 65.7267 ], [ 21.8275, 65.7262 ], [ 21.8276, 65.7256 ] ] ] } },
{ "type": "Feature", "properties": { "fid": 65559, "OBJECTID": 6386012, "Lannr": "25", "Lan": "NORRBOTTENS LÄN", "Kommunnr": "2582", "Kommun": "BODEN", "ArendeAr": 2026, "Beteckn": "A 672-2026", "Avverktyp": "Föryngringsavverkning", "Andamal": "Uppgift saknas", "Inkomdatum": "2026-01-07T14:14:00", "AnmaldHa": 1.9, "ArendeStatus": "Anmält för avverkning", "AvverkningsanmalanKlass": "Avverkningsamalan", "Weeks": 37, "Naturvarden_Datinv": "1994-06-15", "Naturvarden_Area": 0.4, "Naturvarden_Hektar_calc": 4.3, "Naturvarden_Beteckn": "N 3122-1994", "Naturvarden_area(%)": 9, "Bolag": "-", "N": 7309710, "E": 816734, "URL": "https:\/\/kartor.skogsstyrelsen.se\/kartor\/?startapp=skogligagrunddata&x=7309710&y=816734&scale=7000&bg=Karta" }, "geometry": { "type": "Polygon", "coordinates": [ [ [ 21.9179, 65.7504 ], [ 21.9281, 65.7528 ], [ 21.9278, 65.7531 ], [ 21.9175, 65.7507 ], [ 21.9179, 65.7504 ] ] ] } },
{ "type": "Feature", "properties": { "fid": 58998, "OBJECTID": 6145690, "Lannr": "14", "Lan": "VÄSTRA GÖTALANDS LÄN", "Kommunnr": "1491", "Kommun": "ULRICEHAMN", "ArendeAr": 2025, "Beteckn": "A 60159-2025", "Avverktyp": "Föryngringsavverkning", "Andamal": "Uppgift saknas", "Inkomdatum": "2025-12-03T10:16:53", "AnmaldHa": 2.5, "ArendeStatus": "Anmält för avverkning", "AvverkningsanmalanKlass": "Avverkningsamalan", "Weeks": 42, "Naturvarden_Datinv": "1994-06-17", "Naturvarden_Area": 0.1, "Naturvarden_Hektar_calc": 6.3, "Naturvarden_Beteckn": "N 3269-1994", "Naturvarden_area(%)": 1, "Bolag": "-", "N": 6420284, "E": 406883, "URL": "https:\/\/kartor.skogsstyrelsen.se\/kartor\/?startapp=skogligagrunddata&x=6420284&y=406883&scale=7000&bg=Karta" }, "geometry": { "type": "Polygon", "coordinates": [ [ [ 13.4287, 57.9138 ], [ 13.4301, 57.9142 ], [ 13.4295, 57.9155 ], [ 13.4272, 57.915 ], [ 13.4271, 57.9148 ], [ 13.4254, 57.9144 ], [ 13.4254, 57.9143 ], [ 13.4276, 57.9144 ], [ 13.4278, 57.914 ], [ 13.4287, 57.9138 ] ] ] } },
{ "type": "Feature", "properties": { "fid": 89717, "OBJECTID": 6460626, "Lannr": "25", "Lan": "NORRBOTTENS LÄN", "Kommunnr": "2560", "Kommun": "ÄLVSBYN", "ArendeAr": 2026, "Beteckn": "A 26766-2026", "Avverktyp": "Föryngringsavverkning", "Andamal": "Uppgift saknas", "Inkomdatum": "2026-06-11T15:29:38", "AnmaldHa": 7.8, "ArendeStatus": "Anmält för avverkning", "AvverkningsanmalanKlass": "Avverkningsamalan", "Weeks": 15, "Naturvarden_Datinv": "1994-06-22", "Naturvarden_Area": 0.5, "Naturvarden_Hektar_calc": 2.7, "Naturvarden_Beteckn": "N 3470-1994", "Naturvarden_area(%)": 18, "Bolag": "Sveaskog", "N": 7318782, "E": 739384, "URL": "https:\/\/kartor.skogsstyrelsen.se\/kartor\/?startapp=skogligagrunddata&x=7318782&y=739384&scale=7000&bg=Karta" }, "geometry": { "type": "Polygon", "coordinates": [ [ [ 20.258, 65.8988 ], [ 20.2599, 65.8988 ], [ 20.2621, 65.8991 ], [ 20.2634, 65.899 ], [ 20.2645, 65.8986 ], [ 20.2647, 65.899 ], [ 20.2657, 65.8995 ], [ 20.2647, 65.8998 ], [ 20.2656, 65.901 ], [ 20.2639, 65.9011 ], [ 20.2616, 65.9002 ], [ 20.2604, 65.9002 ], [ 20.2588, 65.9004 ], [ 20.259, 65.9006 ], [ 20.2586, 65.9007 ], [ 20.2547, 65.9005 ], [ 20.2515, 65.9008 ], [ 20.2511, 65.9002 ], [ 20.2499, 65.8999 ], [ 20.258, 65.8988 ] ] ] } },
{ "type": "Feature", "properties": { "fid": 49673, "OBJECTID": 6126242, "Lannr": "23", "Lan": "JÄMTLANDS LÄN", "Kommunnr": "2305", "Kommun": "BRÄCKE", "ArendeAr": 2025, "Beteckn": "A 54681-2025", "Avverktyp": "Föryngringsavverkning", "Andamal": "Uppgift saknas", "Inkomdatum": "2025-11-05T10:16:00", "AnmaldHa": 2.3, "ArendeStatus": "Anmält för avverkning", "AvverkningsanmalanKlass": "Avverkningsamalan", "Weeks": 46, "Naturvarden_Datinv": "1994-06-23", "Naturvarden_Area": 2.7, "Naturvarden_Hektar_calc": 29.9, "Naturvarden_Beteckn": "N 3544-1994", "Naturvarden_area(%)": 9, "Bolag": "-", "N": 6987921, "E": 550004, "URL": "https:\/\/kartor.skogsstyrelsen.se\/kartor\/?startapp=skogligagrunddata&x=6987921&y=550004&scale=7000&bg=Karta" }, "geometry": { "type": "Polygon", "coordinates": [ [ [ 15.9869, 63.0155 ], [ 15.9894, 63.0182 ], [ 15.9884, 63.0186 ], [ 15.9883, 63.0184 ], [ 15.987, 63.0187 ], [ 15.9869, 63.0155 ] ] ] } },
{ "type": "Feature", "properties": { "fid": 42482, "OBJECTID": 6100550, "Lannr": "17", "Lan": "VÄRMLANDS LÄN", "Kommunnr": "1785", "Kommun": "SÄFFLE", "ArendeAr": 2025, "Beteckn": "A 49315-2025", "Avverktyp": "Föryngringsavverkning", "Andamal": "Uppgift saknas", "Inkomdatum": "2025-10-08T00:00:00", "AnmaldHa": 0.6, "ArendeStatus": "Anmält för avverkning", "AvverkningsanmalanKlass": "Avverkningsamalan", "Weeks": 50, "Naturvarden_Datinv": "1994-07-12", "Naturvarden_Area": 1.2, "Naturvarden_Hektar_calc": 4.3, "Naturvarden_Beteckn": "N 4216-1994", "Naturvarden_area(%)": 27, "Bolag": "-", "N": 6570563, "E": 360974, "URL": "https:\/\/kartor.skogsstyrelsen.se\/kartor\/?startapp=skogligagrunddata&x=6570563&y=360974&scale=7000&bg=Karta" }, "geometry": { "type": "Polygon", "coordinates": [ [ [ 12.5627, 59.2503 ], [ 12.5631, 59.2506 ], [ 12.564, 59.2504 ], [ 12.5642, 59.2505 ], [ 12.5615, 59.2511 ], [ 12.562, 59.2528 ], [ 12.5616, 59.2528 ], [ 12.5611, 59.2507 ], [ 12.5627, 59.2503 ] ] ] } },
{ "type": "Feature", "properties": { "fid": 64672, "OBJECTID": 6162487, "Lannr": "19", "Lan": "VÄSTMANLANDS LÄN", "Kommunnr": "1904", "Kommun": "SKINNSKATTEBERG", "ArendeAr": 2025, "Beteckn": "A 62933-2025", "Avverktyp": "Föryngringsavverkning", "Andamal": "Uppgift saknas", "Inkomdatum": "2025-12-18T09:41:41", "AnmaldHa": 4.9, "ArendeStatus": "Anmält för avverkning", "AvverkningsanmalanKlass": "Avverkningsamalan", "Weeks": 40, "Naturvarden_Datinv": "1994-07-19", "Naturvarden_Area": 0.2, "Naturvarden_Hektar_calc": 7.0, "Naturvarden_Beteckn": "N 4344-1994", "Naturvarden_area(%)": 2, "Bolag": "-", "N": 6640839, "E": 527310, "URL": "https:\/\/kartor.skogsstyrelsen.se\/kartor\/?startapp=skogligagrunddata&x=6640839&y=527310&scale=7000&bg=Karta" }, "geometry": { "type": "MultiPolygon", "coordinates": [ [ [ [ 15.4868, 59.9053 ], [ 15.4888, 59.9059 ], [ 15.4882, 59.906 ], [ 15.4872, 59.9059 ], [ 15.4861, 59.9064 ], [ 15.4855, 59.9061 ], [ 15.486, 59.9055 ], [ 15.4868, 59.9053 ] ] ], [ [ [ 15.4854, 59.9044 ], [ 15.4858, 59.905 ], [ 15.4849, 59.9052 ], [ 15.4843, 59.9048 ], [ 15.4844, 59.9045 ], [ 15.4854, 59.9044 ] ] ], [ [ [ 15.485, 59.9033 ], [ 15.4852, 59.9034 ], [ 15.4849, 59.904 ], [ 15.4845, 59.904 ], [ 15.4844, 59.9034 ], [ 15.485, 59.9033 ] ] ], [ [ [ 15.4898, 59.9018 ], [ 15.4915, 59.9021 ], [ 15.492, 59.9029 ], [ 15.4911, 59.9028 ], [ 15.4886, 59.9043 ], [ 15.4884, 59.9044 ], [ 15.4888, 59.9046 ], [ 15.4887, 59.905 ], [ 15.4894, 59.9054 ], [ 15.4895, 59.9058 ], [ 15.4888, 59.9059 ], [ 15.4883, 59.9056 ], [ 15.4886, 59.9056 ], [ 15.4887, 59.9054 ], [ 15.4882, 59.9052 ], [ 15.4881, 59.9049 ], [ 15.4874, 59.9049 ], [ 15.4874, 59.9047 ], [ 15.487, 59.9044 ], [ 15.4882, 59.904 ], [ 15.4889, 59.9034 ], [ 15.489, 59.903 ], [ 15.4895, 59.9029 ], [ 15.4901, 59.9024 ], [ 15.4898, 59.9018 ] ] ] ] } },
{ "type": "Feature", "properties": { "fid": 70329, "OBJECTID": 6210604, "Lannr": "19", "Lan": "VÄSTMANLANDS LÄN", "Kommunnr": "1904", "Kommun": "SKINNSKATTEBERG", "ArendeAr": 2026, "Beteckn": "A 2606-2026", "Avverktyp": "Föryngringsavverkning", "Andamal": "Uppgift saknas", "Inkomdatum": "2026-01-15T13:55:03", "AnmaldHa": 4.9, "ArendeStatus": "Anmält för avverkning", "AvverkningsanmalanKlass": "Avverkningsamalan", "Weeks": 36, "Naturvarden_Datinv": "1994-07-19", "Naturvarden_Area": 0.2, "Naturvarden_Hektar_calc": 7.0, "Naturvarden_Beteckn": "N 4344-1994", "Naturvarden_area(%)": 2, "Bolag": "-", "N": 6640838, "E": 527310, "URL": "https:\/\/kartor.skogsstyrelsen.se\/kartor\/?startapp=skogligagrunddata&x=6640838&y=527310&scale=7000&bg=Karta" }, "geometry": { "type": "MultiPolygon", "coordinates": [ [ [ [ 15.4868, 59.9053 ], [ 15.4888, 59.9059 ], [ 15.4882, 59.906 ], [ 15.4872, 59.9059 ], [ 15.4861, 59.9064 ], [ 15.4855, 59.9061 ], [ 15.486, 59.9055 ], [ 15.4868, 59.9053 ] ] ], [ [ [ 15.4854, 59.9044 ], [ 15.4858, 59.905 ], [ 15.4849, 59.9052 ], [ 15.4843, 59.9048 ], [ 15.4844, 59.9045 ], [ 15.4854, 59.9044 ] ] ], [ [ [ 15.485, 59.9033 ], [ 15.4852, 59.9034 ], [ 15.4849, 59.904 ], [ 15.4845, 59.904 ], [ 15.4844, 59.9034 ], [ 15.485, 59.9033 ] ] ], [ [ [ 15.4898, 59.9018 ], [ 15.4915, 59.9021 ], [ 15.492, 59.9029 ], [ 15.4911, 59.9028 ], [ 15.4886, 59.9043 ], [ 15.4884, 59.9044 ], [ 15.4888, 59.9046 ], [ 15.4887, 59.905 ], [ 15.4894, 59.9054 ], [ 15.4895, 59.9058 ], [ 15.4888, 59.9059 ], [ 15.4883, 59.9056 ], [ 15.4886, 59.9056 ], [ 15.4887, 59.9054 ], [ 15.4882, 59.9052 ], [ 15.4881, 59.9049 ], [ 15.4874, 59.9049 ], [ 15.4874, 59.9047 ], [ 15.487, 59.9044 ], [ 15.4882, 59.904 ], [ 15.4889, 59.9034 ], [ 15.489, 59.903 ], [ 15.4895, 59.9029 ], [ 15.4901, 59.9024 ], [ 15.4898, 59.9018 ] ] ] ] } },
{ "type": "Feature", "properties": { "fid": 46300, "OBJECTID": 6118131, "Lannr": "08", "Lan": "KALMAR LÄN", "Kommunnr": "0862", "Kommun": "EMMABODA", "ArendeAr": 2025, "Beteckn": "A 52182-2025", "Avverktyp": "Föryngringsavverkning", "Andamal": "Uppgift saknas", "Inkomdatum": "2025-10-23T09:09:09", "AnmaldHa": 7.6, "ArendeStatus": "Anmält för avverkning", "AvverkningsanmalanKlass": "Avverkningsamalan", "Weeks": 48, "Naturvarden_Datinv": "1994-08-01", "Naturvarden_Area": 0.5, "Naturvarden_Hektar_calc": 7.2, "Naturvarden_Beteckn": "N 4552-1994", "Naturvarden_area(%)": 7, "Bolag": "-", "N": 6266201, "E": 537609, "URL": "https:\/\/kartor.skogsstyrelsen.se\/kartor\/?startapp=skogligagrunddata&x=6266201&y=537609&scale=7000&bg=Karta" }, "geometry": { "type": "Polygon", "coordinates": [ [ [ 15.6111, 56.5364 ], [ 15.6117, 56.5366 ], [ 15.6128, 56.5365 ], [ 15.6129, 56.5375 ], [ 15.612, 56.5378 ], [ 15.6129, 56.5381 ], [ 15.6127, 56.5413 ], [ 15.6122, 56.5415 ], [ 15.6109, 56.5404 ], [ 15.6098, 56.5398 ], [ 15.6108, 56.5395 ], [ 15.6103, 56.5379 ], [ 15.6105, 56.5375 ], [ 15.6091, 56.5369 ], [ 15.6101, 56.5366 ], [ 15.6111, 56.5364 ] ] ] } },
{ "type": "Feature", "properties": { "fid": 47242, "OBJECTID": 6120870, "Lannr": "21", "Lan": "GÄVLEBORGS LÄN", "Kommunnr": "2182", "Kommun": "SÖDERHAMN", "ArendeAr": 2025, "Beteckn": "A 52886-2025", "Avverktyp": "Föryngringsavverkning", "Andamal": "Uppgift saknas", "Inkomdatum": "2025-10-27T13:33:00", "AnmaldHa": 1.6, "ArendeStatus": "Anmält för avverkning", "AvverkningsanmalanKlass": "Avverkningsamalan", "Weeks": 47, "Naturvarden_Datinv": "1994-08-01", "Naturvarden_Area": 0.1, "Naturvarden_Hektar_calc": 1.3, "Naturvarden_Beteckn": "N 4561-1994", "Naturvarden_area(%)": 6, "Bolag": "-", "N": 6801762, "E": 613864, "URL": "https:\/\/kartor.skogsstyrelsen.se\/kartor\/?startapp=skogligagrunddata&x=6801762&y=613864&scale=7000&bg=Karta" }, "geometry": { "type": "Polygon", "coordinates": [ [ [ 17.1278, 61.3323 ], [ 17.1296, 61.3342 ], [ 17.1294, 61.3342 ], [ 17.1264, 61.3333 ], [ 17.1263, 61.3328 ], [ 17.1268, 61.3327 ], [ 17.1278, 61.3323 ] ] ] } },
{ "type": "Feature", "properties": { "fid": 70734, "OBJECTID": 6408569, "Lannr": "21", "Lan": "GÄVLEBORGS LÄN", "Kommunnr": "2181", "Kommun": "SANDVIKEN", "ArendeAr": 2026, "Beteckn": "A 2905-2026", "Avverktyp": "Föryngringsavverkning", "Andamal": "Uppgift saknas", "Inkomdatum": "2026-01-16T13:25:17", "AnmaldHa": 4.2, "ArendeStatus": "Anmält för avverkning", "AvverkningsanmalanKlass": "Avverkningsamalan", "Weeks": 36, "Naturvarden_Datinv": "1994-08-01", "Naturvarden_Area": 3.0, "Naturvarden_Hektar_calc": 3.4, "Naturvarden_Beteckn": "N 4583-1994", "Naturvarden_area(%)": 90, "Bolag": "-", "N": 6729495, "E": 581356, "URL": "https:\/\/kartor.skogsstyrelsen.se\/kartor\/?startapp=skogligagrunddata&x=6729495&y=581356&scale=7000&bg=Karta" }, "geometry": { "type": "Polygon", "coordinates": [ [ [ 16.4905, 60.6915 ], [ 16.4916, 60.6922 ], [ 16.491, 60.6926 ], [ 16.4911, 60.6927 ], [ 16.4915, 60.693 ], [ 16.4923, 60.6928 ], [ 16.4926, 60.6932 ], [ 16.4911, 60.6937 ], [ 16.4899, 60.6937 ], [ 16.489, 60.6939 ], [ 16.4874, 60.6927 ], [ 16.4886, 60.692 ], [ 16.4892, 60.6918 ], [ 16.49, 60.6918 ], [ 16.4905, 60.6915 ] ] ] } },
{ "type": "Feature", "properties": { "fid": 80896, "OBJECTID": 6438780, "Lannr": "17", "Lan": "VÄRMLANDS LÄN", "Kommunnr": "1785", "Kommun": "SÄFFLE", "ArendeAr": 2026, "Beteckn": "A 23669-2026", "Avverktyp": "Föryngringsavverkning", "Andamal": "Uppgift saknas", "Inkomdatum": "2026-05-22T09:15:09", "AnmaldHa": 1.5, "ArendeStatus": "Anmält för avverkning", "AvverkningsanmalanKlass": "Avverkningsamalan", "Weeks": 18, "Naturvarden_Datinv": "1994-08-12", "Naturvarden_Area": 0.8, "Naturvarden_Hektar_calc": 3.4, "Naturvarden_Beteckn": "N 5227-1994", "Naturvarden_area(%)": 25, "Bolag": "-", "N": 6572240, "E": 361117, "URL": "https:\/\/kartor.skogsstyrelsen.se\/kartor\/?startapp=skogligagrunddata&x=6572240&y=361117&scale=7000&bg=Karta" }, "geometry": { "type": "Polygon", "coordinates": [ [ [ 12.5644, 59.2656 ], [ 12.5651, 59.2667 ], [ 12.5629, 59.2669 ], [ 12.5627, 59.2665 ], [ 12.5619, 59.2664 ], [ 12.5616, 59.266 ], [ 12.5644, 59.2656 ] ] ] } },
{ "type": "Feature", "properties": { "fid": 41955, "OBJECTID": 6275364, "Lannr": "14", "Lan": "VÄSTRA GÖTALANDS LÄN", "Kommunnr": "1430", "Kommun": "MUNKEDAL", "ArendeAr": 2026, "Beteckn": "A 16405-2026", "Avverktyp": "Föryngringsavverkning", "Andamal": "Uppgift saknas", "Inkomdatum": "2026-03-30T15:25:09", "AnmaldHa": 5.6, "ArendeStatus": "Anmält för avverkning", "AvverkningsanmalanKlass": "Avverkningsamalan", "Weeks": 25, "Naturvarden_Datinv": "1994-08-24", "Naturvarden_Area": 0.0, "Naturvarden_Hektar_calc": 2.3, "Naturvarden_Beteckn": "N 5655-1994", "Naturvarden_area(%)": 2, "Bolag": "-", "N": 6482013, "E": 305389, "URL": "https:\/\/kartor.skogsstyrelsen.se\/kartor\/?startapp=skogligagrunddata&x=6482013&y=305389&scale=7000&bg=Karta" }, "geometry": { "type": "Polygon", "coordinates": [ [ [ 11.6649, 58.4337 ], [ 11.6649, 58.4338 ], [ 11.6664, 58.4339 ], [ 11.6664, 58.4345 ], [ 11.6659, 58.4346 ], [ 11.6663, 58.4351 ], [ 11.6668, 58.4352 ], [ 11.667, 58.4358 ], [ 11.6677, 58.4356 ], [ 11.6681, 58.4357 ], [ 11.6682, 58.4359 ], [ 11.6689, 58.4359 ], [ 11.6695, 58.4363 ], [ 11.6692, 58.4367 ], [ 11.6694, 58.4369 ], [ 11.6688, 58.437 ], [ 11.6685, 58.4369 ], [ 11.6678, 58.4371 ], [ 11.667, 58.4369 ], [ 11.6644, 58.435 ], [ 11.6632, 58.4348 ], [ 11.6626, 58.4342 ], [ 11.6649, 58.4337 ] ] ] } },
{ "type": "Feature", "properties": { "fid": 51840, "OBJECTID": 6290992, "Lannr": "01", "Lan": "STOCKHOLMS LÄN", "Kommunnr": "0188", "Kommun": "NORRTÄLJE", "ArendeAr": 2026, "Beteckn": "A 15836-2026", "Avverktyp": "Föryngringsavverkning", "Andamal": "Uppgift saknas", "Inkomdatum": "2026-03-26T00:00:00", "AnmaldHa": 8.5, "ArendeStatus": "Anmält för avverkning", "AvverkningsanmalanKlass": "Avverkningsamalan", "Weeks": 26, "Naturvarden_Datinv": "1994-09-28", "Naturvarden_Area": 0.2, "Naturvarden_Hektar_calc": 12.4, "Naturvarden_Beteckn": "N 7209-1994", "Naturvarden_area(%)": 1, "Bolag": "-", "N": 6655288, "E": 694896, "URL": "https:\/\/kartor.skogsstyrelsen.se\/kartor\/?startapp=skogligagrunddata&x=6655288&y=694896&scale=7000&bg=Karta" }, "geometry": { "type": "Polygon", "coordinates": [ [ [ 18.4931, 59.9868 ], [ 18.4991, 59.9895 ], [ 18.4994, 59.9895 ], [ 18.4968, 59.9899 ], [ 18.495, 59.9898 ], [ 18.4916, 59.9893 ], [ 18.4903, 59.9893 ], [ 18.4902, 59.9889 ], [ 18.4913, 59.9883 ], [ 18.4901, 59.9878 ], [ 18.4906, 59.9874 ], [ 18.4923, 59.9872 ], [ 18.4925, 59.987 ], [ 18.4931, 59.9868 ] ] ] } },
{ "type": "Feature", "properties": { "fid": 106526, "OBJECTID": 6477356, "Lannr": "14", "Lan": "VÄSTRA GÖTALANDS LÄN", "Kommunnr": "1491", "Kommun": "ULRICEHAMN", "ArendeAr": 2026, "Beteckn": "A 33631-2026", "Avverktyp": "Föryngringsavverkning", "Andamal": "Uppgift saknas", "Inkomdatum": "2026-08-14T14:26:39", "AnmaldHa": 2.9, "ArendeStatus": "Anmält för avverkning", "AvverkningsanmalanKlass": "NyAvverkningsanmalan", "Weeks": 6, "Naturvarden_Datinv": "1994-09-29", "Naturvarden_Area": 0.5, "Naturvarden_Hektar_calc": 1.0, "Naturvarden_Beteckn": "N 7308-1994", "Naturvarden_area(%)": 47, "Bolag": "-", "N": 6412780, "E": 412253, "URL": "https:\/\/kartor.skogsstyrelsen.se\/kartor\/?startapp=skogligagrunddata&x=6412780&y=412253&scale=7000&bg=Karta" }, "geometry": { "type": "Polygon", "coordinates": [ [ [ 13.5205, 57.8474 ], [ 13.5223, 57.8477 ], [ 13.5234, 57.8481 ], [ 13.5234, 57.8491 ], [ 13.5231, 57.849 ], [ 13.5226, 57.8493 ], [ 13.5221, 57.8491 ], [ 13.5212, 57.8489 ], [ 13.5203, 57.8482 ], [ 13.5193, 57.8477 ], [ 13.5205, 57.8474 ] ] ] } },
{ "type": "Feature", "properties": { "fid": 86493, "OBJECTID": 6456968, "Lannr": "04", "Lan": "SÖDERMANLANDS LÄN", "Kommunnr": "0484", "Kommun": "ESKILSTUNA", "ArendeAr": 2026, "Beteckn": "A 26008-2026", "Avverktyp": "Föryngringsavverkning", "Andamal": "Uppgift saknas", "Inkomdatum": "2026-06-08T10:48:38", "AnmaldHa": 2.8, "ArendeStatus": "Anmält för avverkning", "AvverkningsanmalanKlass": "Avverkningsamalan", "Weeks": 15, "Naturvarden_Datinv": "1994-09-30", "Naturvarden_Area": 0.5, "Naturvarden_Hektar_calc": 0.6, "Naturvarden_Beteckn": "N 7361-1994", "Naturvarden_area(%)": 91, "Bolag": "-", "N": 6577029, "E": 592413, "URL": "https:\/\/kartor.skogsstyrelsen.se\/kartor\/?startapp=skogligagrunddata&x=6577029&y=592413&scale=7000&bg=Karta" }, "geometry": { "type": "MultiPolygon", "coordinates": [ [ [ [ 16.6231, 59.3222 ], [ 16.6237, 59.3224 ], [ 16.6236, 59.3227 ], [ 16.6243, 59.3231 ], [ 16.6221, 59.3231 ], [ 16.6231, 59.3222 ] ] ], [ [ [ 16.6271, 59.322 ], [ 16.6267, 59.3227 ], [ 16.6263, 59.3227 ], [ 16.626, 59.3231 ], [ 16.6249, 59.3231 ], [ 16.6256, 59.3224 ], [ 16.6263, 59.3221 ], [ 16.6271, 59.322 ] ] ], [ [ [ 16.6214, 59.3215 ], [ 16.6218, 59.3215 ], [ 16.6219, 59.3217 ], [ 16.6204, 59.3222 ], [ 16.6202, 59.3218 ], [ 16.6214, 59.3215 ] ] ], [ [ [ 16.6242, 59.3205 ], [ 16.6263, 59.321 ], [ 16.6269, 59.3215 ], [ 16.628, 59.3218 ], [ 16.6269, 59.3217 ], [ 16.6263, 59.3211 ], [ 16.6245, 59.3208 ], [ 16.6233, 59.3211 ], [ 16.6222, 59.3211 ], [ 16.6217, 59.3214 ], [ 16.6207, 59.3214 ], [ 16.6202, 59.3216 ], [ 16.6204, 59.321 ], [ 16.6208, 59.3209 ], [ 16.6208, 59.3211 ], [ 16.623, 59.321 ], [ 16.6242, 59.3205 ] ] ] ] } },
{ "type": "Feature", "properties": { "fid": 66890, "OBJECTID": 6390424, "Lannr": "21", "Lan": "GÄVLEBORGS LÄN", "Kommunnr": "2183", "Kommun": "BOLLNÄS", "ArendeAr": 2026, "Beteckn": "A 20244-2026", "Avverktyp": "Föryngringsavverkning", "Andamal": "Uppgift saknas", "Inkomdatum": "2026-04-27T11:25:44", "AnmaldHa": 42.9, "ArendeStatus": "Anmält för avverkning", "AvverkningsanmalanKlass": "Avverkningsamalan", "Weeks": 21, "Naturvarden_Datinv": "1994-10-01", "Naturvarden_Area": 0.5, "Naturvarden_Hektar_calc": 1.0, "Naturvarden_Beteckn": "N 7426-1994", "Naturvarden_area(%)": 52, "Bolag": "-", "N": 6814380, "E": 589174, "URL": "https:\/\/kartor.skogsstyrelsen.se\/kartor\/?startapp=skogligagrunddata&x=6814380&y=589174&scale=7000&bg=Karta" }, "geometry": { "type": "MultiPolygon", "coordinates": [ [ [ [ 16.6686, 61.4613 ], [ 16.6694, 61.4615 ], [ 16.6701, 61.4615 ], [ 16.6713, 61.4623 ], [ 16.6694, 61.4624 ], [ 16.6687, 61.4629 ], [ 16.6686, 61.4613 ] ] ], [ [ [ 16.6722, 61.4594 ], [ 16.6729, 61.4595 ], [ 16.673, 61.4608 ], [ 16.6721, 61.4609 ], [ 16.6718, 61.4612 ], [ 16.6707, 61.461 ], [ 16.6704, 61.4598 ], [ 16.6712, 61.4596 ], [ 16.6719, 61.4596 ], [ 16.6722, 61.4594 ] ] ], [ [ [ 16.671, 61.4549 ], [ 16.6711, 61.4557 ], [ 16.6726, 61.4558 ], [ 16.6728, 61.4585 ], [ 16.6716, 61.4589 ], [ 16.6706, 61.4591 ], [ 16.6703, 61.4557 ], [ 16.6697, 61.4556 ], [ 16.6703, 61.4551 ], [ 16.671, 61.4549 ] ] ], [ [ [ 16.6736, 61.4539 ], [ 16.6729, 61.455 ], [ 16.6708, 61.4549 ], [ 16.6703, 61.4551 ], [ 16.6699, 61.4553 ], [ 16.6697, 61.4556 ], [ 16.6685, 61.4556 ], [ 16.6682, 61.4555 ], [ 16.6683, 61.4552 ], [ 16.6691, 61.4549 ], [ 16.6698, 61.4549 ], [ 16.6697, 61.4545 ], [ 16.6729, 61.454 ], [ 16.6736, 61.4539 ] ], [ [ 16.6726, 61.4543 ], [ 16.6719, 61.4544 ], [ 16.6719, 61.4547 ], [ 16.6726, 61.4547 ], [ 16.6726, 61.4543 ] ] ], [ [ [ 16.6666, 61.453 ], [ 16.6681, 61.4538 ], [ 16.6677, 61.4546 ], [ 16.6669, 61.4546 ], [ 16.6666, 61.453 ] ] ], [ [ [ 16.6681, 61.4519 ], [ 16.6686, 61.4521 ], [ 16.6697, 61.4529 ], [ 16.6703, 61.4537 ], [ 16.6695, 61.4542 ], [ 16.6696, 61.4544 ], [ 16.6687, 61.4544 ], [ 16.6687, 61.4546 ], [ 16.6669, 61.455 ], [ 16.6669, 61.4546 ], [ 16.6673, 61.4546 ], [ 16.6677, 61.4546 ], [ 16.668, 61.4544 ], [ 16.6681, 61.4543 ], [ 16.6681, 61.4538 ], [ 16.6677, 61.4535 ], [ 16.6666, 61.4529 ], [ 16.6665, 61.4525 ], [ 16.6671, 61.4524 ], [ 16.6681, 61.4519 ] ] ], [ [ [ 16.6758, 61.4511 ], [ 16.6768, 61.4511 ], [ 16.677, 61.4514 ], [ 16.6797, 61.4517 ], [ 16.6793, 61.452 ], [ 16.6797, 61.4529 ], [ 16.6807, 61.4532 ], [ 16.6807, 61.4533 ], [ 16.674, 61.4537 ], [ 16.6746, 61.4533 ], [ 16.6753, 61.4526 ], [ 16.6758, 61.4511 ] ] ], [ [ [ 16.6752, 61.4507 ], [ 16.6755, 61.451 ], [ 16.6749, 61.4511 ], [ 16.6748, 61.4511 ], [ 16.6747, 61.4512 ], [ 16.6747, 61.4514 ], [ 16.6749, 61.4517 ], [ 16.6747, 61.4519 ], [ 16.6743, 61.452 ], [ 16.6734, 61.4519 ], [ 16.6731, 61.4515 ], [ 16.6733, 61.4512 ], [ 16.674, 61.4508 ], [ 16.6745, 61.4509 ], [ 16.6752, 61.4507 ] ] ], [ [ [ 16.6729, 61.4502 ], [ 16.6731, 61.4506 ], [ 16.6729, 61.4507 ], [ 16.6718, 61.4507 ], [ 16.6708, 61.451 ], [ 16.6703, 61.451 ], [ 16.6704, 61.4508 ], [ 16.6705, 61.4506 ], [ 16.6705, 61.4504 ], [ 16.6729, 61.4502 ] ] ], [ [ [ 16.6742, 61.4501 ], [ 16.6743, 61.4505 ], [ 16.6733, 61.4512 ], [ 16.6731, 61.4515 ], [ 16.6731, 61.4516 ], [ 16.6732, 61.4517 ], [ 16.6734, 61.4519 ], [ 16.6739, 61.452 ], [ 16.6743, 61.452 ], [ 16.6745, 61.452 ], [ 16.6747, 61.4519 ], [ 16.6749, 61.4518 ], [ 16.6749, 61.4517 ], [ 16.6749, 61.4516 ], [ 16.6747, 61.4514 ], [ 16.6748, 61.4511 ], [ 16.6758, 61.4511 ], [ 16.6751, 61.4528 ], [ 16.6746, 61.4533 ], [ 16.674, 61.4537 ], [ 16.6738, 61.4539 ], [ 16.6736, 61.4539 ], [ 16.6708, 61.4543 ], [ 16.6705, 61.4539 ], [ 16.671, 61.4536 ], [ 16.6711, 61.4526 ], [ 16.67, 61.4513 ], [ 16.6703, 61.451 ], [ 16.6704, 61.451 ], [ 16.6708, 61.451 ], [ 16.6712, 61.451 ], [ 16.6718, 61.4507 ], [ 16.6726, 61.4508 ], [ 16.6729, 61.4507 ], [ 16.6731, 61.4506 ], [ 16.6731, 61.4506 ], [ 16.6731, 61.4505 ], [ 16.673, 61.4503 ], [ 16.6729, 61.4502 ], [ 16.6742, 61.4501 ] ] ], [ [ [ 16.6767, 61.45 ], [ 16.6767, 61.4504 ], [ 16.6768, 61.4511 ], [ 16.6755, 61.451 ], [ 16.6756, 61.4509 ], [ 16.6755, 61.4508 ], [ 16.6754, 61.4507 ], [ 16.6752, 61.4507 ], [ 16.6748, 61.4508 ], [ 16.6745, 61.4509 ], [ 16.674, 61.4508 ], [ 16.674, 61.4508 ], [ 16.6744, 61.4505 ], [ 16.6744, 61.4503 ], [ 16.6742, 61.4501 ], [ 16.6767, 61.45 ] ] ], [ [ [ 16.6698, 61.4499 ], [ 16.6699, 61.4504 ], [ 16.6705, 61.4504 ], [ 16.6705, 61.4506 ], [ 16.6704, 61.4508 ], [ 16.67, 61.4513 ], [ 16.6698, 61.4517 ], [ 16.6691, 61.4519 ], [ 16.6684, 61.452 ], [ 16.6681, 61.4519 ], [ 16.6677, 61.452 ], [ 16.6671, 61.4524 ], [ 16.6665, 61.4525 ], [ 16.6661, 61.4507 ], [ 16.6616, 61.451 ], [ 16.6625, 61.4503 ], [ 16.6698, 61.4499 ] ] ], [ [ [ 16.68, 61.4487 ], [ 16.6803, 61.4505 ], [ 16.6792, 61.4502 ], [ 16.6787, 61.4504 ], [ 16.6786, 61.4507 ], [ 16.6776, 61.4508 ], [ 16.6768, 61.4507 ], [ 16.6767, 61.4504 ], [ 16.6768, 61.45 ], [ 16.6766, 61.449 ], [ 16.6789, 61.4491 ], [ 16.6793, 61.449 ], [ 16.68, 61.4487 ] ] ], [ [ [ 16.6763, 61.4472 ], [ 16.6779, 61.4472 ], [ 16.678, 61.4474 ], [ 16.6799, 61.4477 ], [ 16.68, 61.4487 ], [ 16.6799, 61.4487 ], [ 16.6796, 61.4488 ], [ 16.6793, 61.449 ], [ 16.6789, 61.449 ], [ 16.6772, 61.4489 ], [ 16.6766, 61.4489 ], [ 16.6763, 61.4472 ] ] ] ] } },
{ "type": "Feature", "properties": { "fid": 74610, "OBJECTID": 6420068, "Lannr": "21", "Lan": "GÄVLEBORGS LÄN", "Kommunnr": "2183", "Kommun": "BOLLNÄS", "ArendeAr": 2026, "Beteckn": "A 8036-2026", "Avverktyp": "Föryngringsavverkning", "Andamal": "Uppgift saknas", "Inkomdatum": "2026-02-10T00:00:00", "AnmaldHa": 1.2, "ArendeStatus": "Anmält för avverkning", "AvverkningsanmalanKlass": "Avverkningsamalan", "Weeks": 32, "Naturvarden_Datinv": "1994-10-01", "Naturvarden_Area": 0.1, "Naturvarden_Hektar_calc": 0.5, "Naturvarden_Beteckn": "N 7441-1994", "Naturvarden_area(%)": 15, "Bolag": "-", "N": 6800785, "E": 584420, "URL": "https:\/\/kartor.skogsstyrelsen.se\/kartor\/?startapp=skogligagrunddata&x=6800785&y=584420&scale=7000&bg=Karta" }, "geometry": { "type": "Polygon", "coordinates": [ [ [ 16.5764, 61.3314 ], [ 16.5781, 61.3316 ], [ 16.5784, 61.3321 ], [ 16.5788, 61.3322 ], [ 16.5785, 61.3326 ], [ 16.5776, 61.3326 ], [ 16.5758, 61.3316 ], [ 16.5764, 61.3314 ] ] ] } },
{ "type": "Feature", "properties": { "fid": 113468, "OBJECTID": 6486312, "Lannr": "21", "Lan": "GÄVLEBORGS LÄN", "Kommunnr": "2183", "Kommun": "BOLLNÄS", "ArendeAr": 2026, "Beteckn": "A 34784-2026", "Avverktyp": "Föryngringsavverkning", "Andamal": "Uppgift saknas", "Inkomdatum": "2026-08-24T13:22:47", "AnmaldHa": 12.7, "ArendeStatus": "Anmält för avverkning", "AvverkningsanmalanKlass": "NyAvverkningsanmalan", "Weeks": 4, "Naturvarden_Datinv": "1994-10-01", "Naturvarden_Area": 0.2, "Naturvarden_Hektar_calc": 30.7, "Naturvarden_Beteckn": "N 7447-1994", "Naturvarden_area(%)": 1, "Bolag": "-", "N": 6813625, "E": 586925, "URL": "https:\/\/kartor.skogsstyrelsen.se\/kartor\/?startapp=skogligagrunddata&x=6813625&y=586925&scale=7000&bg=Karta" }, "geometry": { "type": "Polygon", "coordinates": [ [ [ 16.6304, 61.4433 ], [ 16.6342, 61.4482 ], [ 16.6284, 61.449 ], [ 16.6286, 61.4484 ], [ 16.6277, 61.4479 ], [ 16.6267, 61.4476 ], [ 16.6261, 61.4469 ], [ 16.6283, 61.446 ], [ 16.628, 61.4456 ], [ 16.6292, 61.4439 ], [ 16.6304, 61.4433 ] ], [ [ 16.6301, 61.4454 ], [ 16.629, 61.4457 ], [ 16.6301, 61.4467 ], [ 16.6305, 61.4469 ], [ 16.6312, 61.4467 ], [ 16.6314, 61.4464 ], [ 16.631, 61.4459 ], [ 16.6301, 61.4454 ] ] ] } },
{ "type": "Feature", "properties": { "fid": 76764, "OBJECTID": 6230978, "Lannr": "21", "Lan": "GÄVLEBORGS LÄN", "Kommunnr": "2183", "Kommun": "BOLLNÄS", "ArendeAr": 2026, "Beteckn": "A 6773-2026", "Avverktyp": "Föryngringsavverkning", "Andamal": "Uppgift saknas", "Inkomdatum": "2026-02-04T07:04:02", "AnmaldHa": 4.4, "ArendeStatus": "Anmält för avverkning", "AvverkningsanmalanKlass": "Avverkningsamalan", "Weeks": 33, "Naturvarden_Datinv": "1994-10-01", "Naturvarden_Area": 0.1, "Naturvarden_Hektar_calc": 0.6, "Naturvarden_Beteckn": "N 7452-1994", "Naturvarden_area(%)": 23, "Bolag": "-", "N": 6815672, "E": 590522, "URL": "https:\/\/kartor.skogsstyrelsen.se\/kartor\/?startapp=skogligagrunddata&x=6815672&y=590522&scale=7000&bg=Karta" }, "geometry": { "type": "Polygon", "coordinates": [ [ [ 16.6997, 61.4629 ], [ 16.7007, 61.463 ], [ 16.7015, 61.4634 ], [ 16.7011, 61.4638 ], [ 16.7, 61.4638 ], [ 16.7005, 61.4648 ], [ 16.6988, 61.4652 ], [ 16.6977, 61.4651 ], [ 16.6974, 61.4664 ], [ 16.6969, 61.4664 ], [ 16.6967, 61.4653 ], [ 16.6972, 61.4636 ], [ 16.6964, 61.4632 ], [ 16.6992, 61.463 ], [ 16.6997, 61.4629 ] ] ] } },
{ "type": "Feature", "properties": { "fid": 65526, "OBJECTID": 6168418, "Lannr": "21", "Lan": "GÄVLEBORGS LÄN", "Kommunnr": "2184", "Kommun": "HUDIKSVALL", "ArendeAr": 2025, "Beteckn": "A 63541-2025", "Avverktyp": "Avverkning för annat ändamål", "Andamal": "Skogsbilväg", "Inkomdatum": "2025-12-22T14:08:56", "AnmaldHa": 0.9, "ArendeStatus": "Anmält för avverkning", "AvverkningsanmalanKlass": "Avverkningsamalan", "Weeks": 39, "Naturvarden_Datinv": "1994-10-04", "Naturvarden_Area": 0.1, "Naturvarden_Hektar_calc": 1.4, "Naturvarden_Beteckn": "N 7544-1994", "Naturvarden_area(%)": 8, "Bolag": "-", "N": 6849013, "E": 574270, "URL": "https:\/\/kartor.skogsstyrelsen.se\/kartor\/?startapp=skogligagrunddata&x=6849013&y=574270&scale=7000&bg=Karta" }, "geometry": { "type": "Polygon", "coordinates": [ [ [ 16.4127, 61.7647 ], [ 16.4132, 61.7647 ], [ 16.4135, 61.7652 ], [ 16.4131, 61.7648 ], [ 16.4127, 61.7648 ], [ 16.4091, 61.7657 ], [ 16.4085, 61.7663 ], [ 16.4084, 61.7668 ], [ 16.4058, 61.7682 ], [ 16.4034, 61.7686 ], [ 16.4001, 61.7686 ], [ 16.4034, 61.7686 ], [ 16.4057, 61.7681 ], [ 16.4082, 61.7668 ], [ 16.4083, 61.7662 ], [ 16.4089, 61.7656 ], [ 16.4109, 61.765 ], [ 16.4127, 61.7647 ] ] ] } },
{ "type": "Feature", "properties": { "fid": 48573, "OBJECTID": 6284535, "Lannr": "22", "Lan": "VÄSTERNORRLANDS LÄN", "Kommunnr": "2284", "Kommun": "ÖRNSKÖLDSVIK", "ArendeAr": 2026, "Beteckn": "A 18367-2026", "Avverktyp": "Föryngringsavverkning", "Andamal": "Uppgift saknas", "Inkomdatum": "2026-04-13T00:00:00", "AnmaldHa": 4.6, "ArendeStatus": "Anmält för avverkning", "AvverkningsanmalanKlass": "Avverkningsamalan", "Weeks": 23, "Naturvarden_Datinv": "1994-10-24", "Naturvarden_Area": 0.1, "Naturvarden_Hektar_calc": 0.1, "Naturvarden_Beteckn": "N 8333-1994", "Naturvarden_area(%)": 97, "Bolag": "-", "N": 7039672, "E": 712289, "URL": "https:\/\/kartor.skogsstyrelsen.se\/kartor\/?startapp=skogligagrunddata&x=7039672&y=712289&scale=7000&bg=Karta" }, "geometry": { "type": "MultiPolygon", "coordinates": [ [ [ [ 19.2561, 63.4206 ], [ 19.258, 63.4207 ], [ 19.2581, 63.421 ], [ 19.2574, 63.4212 ], [ 19.258, 63.4216 ], [ 19.2575, 63.4218 ], [ 19.2575, 63.422 ], [ 19.2579, 63.4221 ], [ 19.2586, 63.4218 ], [ 19.2595, 63.4221 ], [ 19.2592, 63.4222 ], [ 19.2594, 63.4223 ], [ 19.2584, 63.4224 ], [ 19.259, 63.4229 ], [ 19.2558, 63.4232 ], [ 19.2562, 63.4225 ], [ 19.2567, 63.4224 ], [ 19.2568, 63.4222 ], [ 19.2564, 63.4218 ], [ 19.2561, 63.4222 ], [ 19.2557, 63.4219 ], [ 19.2557, 63.4215 ], [ 19.2548, 63.4212 ], [ 19.2549, 63.4209 ], [ 19.2553, 63.4209 ], [ 19.2555, 63.4206 ], [ 19.2561, 63.4206 ] ] ], [ [ [ 19.2532, 63.4205 ], [ 19.254, 63.421 ], [ 19.2541, 63.4216 ], [ 19.2527, 63.4222 ], [ 19.2534, 63.4235 ], [ 19.251, 63.4238 ], [ 19.2509, 63.4231 ], [ 19.2515, 63.4227 ], [ 19.2511, 63.4221 ], [ 19.2513, 63.4218 ], [ 19.2528, 63.4218 ], [ 19.2523, 63.4212 ], [ 19.2524, 63.421 ], [ 19.253, 63.421 ], [ 19.2532, 63.4205 ] ] ] ] } },
{ "type": "Feature", "properties": { "fid": 73990, "OBJECTID": 6221767, "Lannr": "17", "Lan": "VÄRMLANDS LÄN", "Kommunnr": "1765", "Kommun": "ÅRJÄNG", "ArendeAr": 2026, "Beteckn": "A 5214-2026", "Avverktyp": "Föryngringsavverkning", "Andamal": "Uppgift saknas", "Inkomdatum": "2026-01-27T17:38:48", "AnmaldHa": 2.3, "ArendeStatus": "Anmält för avverkning", "AvverkningsanmalanKlass": "Avverkningsamalan", "Weeks": 34, "Naturvarden_Datinv": "1995-03-01", "Naturvarden_Area": 0.2, "Naturvarden_Hektar_calc": 0.2, "Naturvarden_Beteckn": "N 323-1995", "Naturvarden_area(%)": 99, "Bolag": "-", "N": 6573561, "E": 333089, "URL": "https:\/\/kartor.skogsstyrelsen.se\/kartor\/?startapp=skogligagrunddata&x=6573561&y=333089&scale=7000&bg=Karta" }, "geometry": { "type": "Polygon", "coordinates": [ [ [ 12.0744, 59.2664 ], [ 12.075, 59.2666 ], [ 12.0683, 59.2696 ], [ 12.068, 59.2692 ], [ 12.0744, 59.2664 ] ] ] } },
{ "type": "Feature", "properties": { "fid": 38215, "OBJECTID": 6265665, "Lannr": "01", "Lan": "STOCKHOLMS LÄN", "Kommunnr": "0117", "Kommun": "ÖSTERÅKER", "ArendeAr": 2025, "Beteckn": "A 62831-2025", "Avverktyp": "Föryngringsavverkning", "Andamal": "Uppgift saknas", "Inkomdatum": "2025-12-17T00:00:00", "AnmaldHa": 1.6, "ArendeStatus": "Anmält för avverkning", "AvverkningsanmalanKlass": "Avverkningsamalan", "Weeks": 40, "Naturvarden_Datinv": "1995-03-21", "Naturvarden_Area": 1.4, "Naturvarden_Hektar_calc": 9.3, "Naturvarden_Beteckn": "N 537-1995", "Naturvarden_area(%)": 15, "Bolag": "Övriga (HB, KB, gemensamhetsskogar", "N": 6603654, "E": 688615, "URL": "https:\/\/kartor.skogsstyrelsen.se\/kartor\/?startapp=skogligagrunddata&x=6603654&y=688615&scale=7000&bg=Karta" }, "geometry": { "type": "Polygon", "coordinates": [ [ [ 18.3375, 59.5278 ], [ 18.3375, 59.5282 ], [ 18.3329, 59.5294 ], [ 18.332, 59.5294 ], [ 18.3375, 59.5278 ] ] ] } },
{ "type": "Feature", "properties": { "fid": 33596, "OBJECTID": 6253068, "Lannr": "18", "Lan": "ÖREBRO LÄN", "Kommunnr": "1862", "Kommun": "DEGERFORS", "ArendeAr": 2026, "Beteckn": "A 9273-2026", "Avverktyp": "Föryngringsavverkning", "Andamal": "Uppgift saknas", "Inkomdatum": "2026-02-17T00:00:00", "AnmaldHa": 2.2, "ArendeStatus": "Anmält för avverkning", "AvverkningsanmalanKlass": "Avverkningsamalan", "Weeks": 31, "Naturvarden_Datinv": "1995-04-04", "Naturvarden_Area": 1.2, "Naturvarden_Hektar_calc": 6.2, "Naturvarden_Beteckn": "N 804-1995", "Naturvarden_area(%)": 19, "Bolag": "-", "N": 6571256, "E": 467778, "URL": "https:\/\/kartor.skogsstyrelsen.se\/kartor\/?startapp=skogligagrunddata&x=6571256&y=467778&scale=7000&bg=Karta" }, "geometry": { "type": "MultiPolygon", "coordinates": [ [ [ [ 14.4335, 59.279 ], [ 14.4341, 59.2792 ], [ 14.4346, 59.2795 ], [ 14.4325, 59.2803 ], [ 14.4319, 59.2797 ], [ 14.4335, 59.279 ] ] ], [ [ [ 14.4353, 59.2777 ], [ 14.4359, 59.2781 ], [ 14.4372, 59.2781 ], [ 14.4374, 59.2785 ], [ 14.4358, 59.2791 ], [ 14.4346, 59.278 ], [ 14.4353, 59.2777 ] ] ] ] } },
{ "type": "Feature", "properties": { "fid": 49239, "OBJECTID": 6287924, "Lannr": "04", "Lan": "SÖDERMANLANDS LÄN", "Kommunnr": "0482", "Kommun": "FLEN", "ArendeAr": 2026, "Beteckn": "A 18499-2026", "Avverktyp": "Föryngringsavverkning", "Andamal": "Uppgift saknas", "Inkomdatum": "2026-04-14T00:00:00", "AnmaldHa": 7.8, "ArendeStatus": "Anmält för avverkning", "AvverkningsanmalanKlass": "Avverkningsamalan", "Weeks": 23, "Naturvarden_Datinv": "1995-04-04", "Naturvarden_Area": 0.8, "Naturvarden_Hektar_calc": 0.8, "Naturvarden_Beteckn": "N 827-1995", "Naturvarden_area(%)": 100, "Bolag": "-", "N": 6545028, "E": 597277, "URL": "https:\/\/kartor.skogsstyrelsen.se\/kartor\/?startapp=skogligagrunddata&x=6545028&y=597277&scale=7000&bg=Karta" }, "geometry": { "type": "Polygon", "coordinates": [ [ [ 16.6926, 59.0307 ], [ 16.6934, 59.0308 ], [ 16.6943, 59.0314 ], [ 16.6945, 59.0317 ], [ 16.6969, 59.032 ], [ 16.6974, 59.0318 ], [ 16.6986, 59.0326 ], [ 16.6986, 59.0327 ], [ 16.6983, 59.0328 ], [ 16.6976, 59.0321 ], [ 16.6967, 59.0326 ], [ 16.697, 59.0331 ], [ 16.6968, 59.0341 ], [ 16.6966, 59.0343 ], [ 16.6961, 59.0343 ], [ 16.6962, 59.0353 ], [ 16.695, 59.0362 ], [ 16.6939, 59.0367 ], [ 16.6936, 59.0365 ], [ 16.6936, 59.0362 ], [ 16.6945, 59.0362 ], [ 16.695, 59.0358 ], [ 16.6949, 59.0354 ], [ 16.6941, 59.0353 ], [ 16.6938, 59.0344 ], [ 16.6922, 59.0344 ], [ 16.6924, 59.0333 ], [ 16.6934, 59.0329 ], [ 16.6936, 59.0324 ], [ 16.693, 59.0321 ], [ 16.694, 59.0317 ], [ 16.694, 59.0314 ], [ 16.6926, 59.0307 ] ], [ [ 16.6955, 59.0321 ], [ 16.6948, 59.0321 ], [ 16.6938, 59.0332 ], [ 16.694, 59.0336 ], [ 16.6948, 59.0337 ], [ 16.6954, 59.0335 ], [ 16.6953, 59.0329 ], [ 16.6959, 59.0327 ], [ 16.6959, 59.0323 ], [ 16.6955, 59.0321 ] ] ] } },
{ "type": "Feature", "properties": { "fid": 54381, "OBJECTID": 6135534, "Lannr": "18", "Lan": "ÖREBRO LÄN", "Kommunnr": "1862", "Kommun": "DEGERFORS", "ArendeAr": 2025, "Beteckn": "A 57086-2025", "Avverktyp": "Avverkning för att bevara och utveckla \/försöksver", "Andamal": "bevara och utveckla natur- och kulturmiljövärden", "Inkomdatum": "2025-11-18T10:07:48", "AnmaldHa": 6.1, "ArendeStatus": "Anmält för avverkning", "AvverkningsanmalanKlass": "Avverkningsamalan", "Weeks": 44, "Naturvarden_Datinv": "1995-04-10", "Naturvarden_Area": 1.1, "Naturvarden_Hektar_calc": 1.1, "Naturvarden_Beteckn": "N 983-1995", "Naturvarden_area(%)": 100, "Bolag": "-", "N": 6564534, "E": 464162, "URL": "https:\/\/kartor.skogsstyrelsen.se\/kartor\/?startapp=skogligagrunddata&x=6564534&y=464162&scale=7000&bg=Karta" }, "geometry": { "type": "Polygon", "coordinates": [ [ [ 14.3731, 59.2168 ], [ 14.3743, 59.2176 ], [ 14.3753, 59.2178 ], [ 14.3755, 59.2184 ], [ 14.3688, 59.2201 ], [ 14.369, 59.2193 ], [ 14.3697, 59.2188 ], [ 14.3698, 59.219 ], [ 14.3702, 59.219 ], [ 14.3705, 59.2186 ], [ 14.3714, 59.2184 ], [ 14.3717, 59.2182 ], [ 14.371, 59.218 ], [ 14.3696, 59.2178 ], [ 14.3731, 59.2168 ] ] ] } },
{ "type": "Feature", "properties": { "fid": 82677, "OBJECTID": 6445378, "Lannr": "14", "Lan": "VÄSTRA GÖTALANDS LÄN", "Kommunnr": "1494", "Kommun": "LIDKÖPING", "ArendeAr": 2026, "Beteckn": "A 24279-2026", "Avverktyp": "Föryngringsavverkning", "Andamal": "Uppgift saknas", "Inkomdatum": "2026-05-27T08:56:42", "AnmaldHa": 11.7, "ArendeStatus": "Anmält för avverkning", "AvverkningsanmalanKlass": "Avverkningsamalan", "Weeks": 17, "Naturvarden_Datinv": "1995-04-11", "Naturvarden_Area": 2.5, "Naturvarden_Hektar_calc": 6.5, "Naturvarden_Beteckn": "N 1054-1995", "Naturvarden_area(%)": 39, "Bolag": "-", "N": 6477924, "E": 371385, "URL": "https:\/\/kartor.skogsstyrelsen.se\/kartor\/?startapp=skogligagrunddata&x=6477924&y=371385&scale=7000&bg=Karta" }, "geometry": { "type": "Polygon", "coordinates": [ [ [ 12.7929, 58.4215 ], [ 12.7955, 58.4225 ], [ 12.798, 58.4226 ], [ 12.799, 58.4229 ], [ 12.8009, 58.4219 ], [ 12.8031, 58.4231 ], [ 12.8046, 58.4235 ], [ 12.8049, 58.4239 ], [ 12.7996, 58.424 ], [ 12.7969, 58.4244 ], [ 12.7951, 58.4235 ], [ 12.7918, 58.4232 ], [ 12.792, 58.4218 ], [ 12.7929, 58.4215 ] ] ] } },
{ "type": "Feature", "properties": { "fid": 76618, "OBJECTID": 6230660, "Lannr": "14", "Lan": "VÄSTRA GÖTALANDS LÄN", "Kommunnr": "1460", "Kommun": "BENGTSFORS", "ArendeAr": 2026, "Beteckn": "A 7325-2026", "Avverktyp": "Föryngringsavverkning", "Andamal": "Uppgift saknas", "Inkomdatum": "2026-02-05T16:20:01", "AnmaldHa": 1.5, "ArendeStatus": "Anmält för avverkning", "AvverkningsanmalanKlass": "Avverkningsamalan", "Weeks": 33, "Naturvarden_Datinv": "1995-04-12", "Naturvarden_Area": 0.2, "Naturvarden_Hektar_calc": 0.2, "Naturvarden_Beteckn": "N 1112-1995", "Naturvarden_area(%)": 99, "Bolag": "-", "N": 6565974, "E": 334140, "URL": "https:\/\/kartor.skogsstyrelsen.se\/kartor\/?startapp=skogligagrunddata&x=6565974&y=334140&scale=7000&bg=Karta" }, "geometry": { "type": "Polygon", "coordinates": [ [ [ 12.0965, 59.1985 ], [ 12.096, 59.1989 ], [ 12.0959, 59.2004 ], [ 12.0965, 59.2007 ], [ 12.0965, 59.2011 ], [ 12.0971, 59.2015 ], [ 12.0951, 59.2016 ], [ 12.0945, 59.2001 ], [ 12.0955, 59.1993 ], [ 12.0954, 59.1986 ], [ 12.0965, 59.1985 ] ] ] } },
{ "type": "Feature", "properties": { "fid": 62920, "OBJECTID": 6158494, "Lannr": "17", "Lan": "VÄRMLANDS LÄN", "Kommunnr": "1765", "Kommun": "ÅRJÄNG", "ArendeAr": 2025, "Beteckn": "A 62804-2025", "Avverktyp": "Föryngringsavverkning", "Andamal": "Uppgift saknas", "Inkomdatum": "2025-12-17T15:25:53", "AnmaldHa": 8.5, "ArendeStatus": "Anmält för avverkning", "AvverkningsanmalanKlass": "Avverkningsamalan", "Weeks": 40, "Naturvarden_Datinv": "1995-04-20", "Naturvarden_Area": 1.0, "Naturvarden_Hektar_calc": 1.2, "Naturvarden_Beteckn": "N 1288-1995", "Naturvarden_area(%)": 79, "Bolag": "Kyrkan", "N": 6572044, "E": 352974, "URL": "https:\/\/kartor.skogsstyrelsen.se\/kartor\/?startapp=skogligagrunddata&x=6572044&y=352974&scale=7000&bg=Karta" }, "geometry": { "type": "MultiPolygon", "coordinates": [ [ [ [ 12.4175, 59.2605 ], [ 12.4179, 59.2612 ], [ 12.4171, 59.2618 ], [ 12.4171, 59.2627 ], [ 12.4181, 59.2629 ], [ 12.419, 59.2627 ], [ 12.4191, 59.2629 ], [ 12.4199, 59.2628 ], [ 12.4204, 59.2623 ], [ 12.4212, 59.2625 ], [ 12.4207, 59.2627 ], [ 12.4199, 59.2636 ], [ 12.4197, 59.2634 ], [ 12.4193, 59.2636 ], [ 12.4191, 59.2633 ], [ 12.4183, 59.2637 ], [ 12.418, 59.2636 ], [ 12.4161, 59.2639 ], [ 12.4156, 59.2626 ], [ 12.4158, 59.2611 ], [ 12.4161, 59.2608 ], [ 12.4175, 59.2605 ] ] ], [ [ [ 12.4273, 59.2603 ], [ 12.4274, 59.2604 ], [ 12.4271, 59.2611 ], [ 12.4265, 59.2612 ], [ 12.426, 59.2616 ], [ 12.4247, 59.2617 ], [ 12.4248, 59.2618 ], [ 12.4229, 59.2624 ], [ 12.4202, 59.2615 ], [ 12.4206, 59.261 ], [ 12.4203, 59.2605 ], [ 12.4207, 59.2604 ], [ 12.4218, 59.2603 ], [ 12.4224, 59.2608 ], [ 12.4234, 59.2609 ], [ 12.4241, 59.2608 ], [ 12.4243, 59.2603 ], [ 12.4273, 59.2603 ] ] ] ] } },
{ "type": "Feature", "properties": { "fid": 32595, "OBJECTID": 6250172, "Lannr": "04", "Lan": "SÖDERMANLANDS LÄN", "Kommunnr": "0482", "Kommun": "FLEN", "ArendeAr": 2026, "Beteckn": "A 11339-2026", "Avverktyp": "Föryngringsavverkning", "Andamal": "Uppgift saknas", "Inkomdatum": "2026-03-01T10:57:11", "AnmaldHa": 6.4, "ArendeStatus": "Anmält för avverkning", "AvverkningsanmalanKlass": "Avverkningsamalan", "Weeks": 29, "Naturvarden_Datinv": "1995-05-02", "Naturvarden_Area": 0.5, "Naturvarden_Hektar_calc": 1.2, "Naturvarden_Beteckn": "N 1707-1995", "Naturvarden_area(%)": 41, "Bolag": "-", "N": 6557476, "E": 593557, "URL": "https:\/\/kartor.skogsstyrelsen.se\/kartor\/?startapp=skogligagrunddata&x=6557476&y=593557&scale=7000&bg=Karta" }, "geometry": { "type": "MultiPolygon", "coordinates": [ [ [ [ 16.6381, 59.145 ], [ 16.6392, 59.145 ], [ 16.639, 59.1472 ], [ 16.6384, 59.1475 ], [ 16.6377, 59.1475 ], [ 16.6375, 59.1474 ], [ 16.6381, 59.1473 ], [ 16.6385, 59.147 ], [ 16.6385, 59.1468 ], [ 16.6381, 59.1466 ], [ 16.6368, 59.1471 ], [ 16.6358, 59.1472 ], [ 16.6349, 59.1468 ], [ 16.6312, 59.1468 ], [ 16.6297, 59.146 ], [ 16.6302, 59.1456 ], [ 16.6313, 59.1454 ], [ 16.6318, 59.1459 ], [ 16.6324, 59.1458 ], [ 16.634, 59.1458 ], [ 16.636, 59.1462 ], [ 16.6363, 59.1458 ], [ 16.6381, 59.145 ] ] ], [ [ [ 16.6402, 59.1445 ], [ 16.6405, 59.1447 ], [ 16.6406, 59.1456 ], [ 16.64, 59.1458 ], [ 16.6402, 59.1445 ] ] ] ] } },
{ "type": "Feature", "properties": { "fid": 37341, "OBJECTID": 6086357, "Lannr": "25", "Lan": "NORRBOTTENS LÄN", "Kommunnr": "2582", "Kommun": "BODEN", "ArendeAr": 2025, "Beteckn": "A 45969-2025", "Avverktyp": "Avverkning för annat ändamål", "Andamal": "Skogsbilväg", "Inkomdatum": "2025-09-24T00:00:00", "AnmaldHa": 1.8, "ArendeStatus": "Anmält för avverkning", "AvverkningsanmalanKlass": "Avverkningsamalan", "Weeks": 52, "Naturvarden_Datinv": "1995-05-02", "Naturvarden_Area": 1.8, "Naturvarden_Hektar_calc": 19.1, "Naturvarden_Beteckn": "N 1728-1995", "Naturvarden_area(%)": 9, "Bolag": "-", "N": 7322843, "E": 812516, "URL": "https:\/\/kartor.skogsstyrelsen.se\/kartor\/?startapp=skogligagrunddata&x=7322843&y=812516&scale=7000&bg=Karta" }, "geometry": { "type": "Polygon", "coordinates": [ [ [ 21.8551, 65.8726 ], [ 21.8606, 65.8732 ], [ 21.8635, 65.8726 ], [ 21.8664, 65.8724 ], [ 21.872, 65.8731 ], [ 21.8664, 65.8725 ], [ 21.8636, 65.8727 ], [ 21.8606, 65.8733 ], [ 21.8551, 65.8727 ], [ 21.8532, 65.8731 ], [ 21.8551, 65.8726 ] ] ] } },
{ "type": "Feature", "properties": { "fid": 100088, "OBJECTID": 6469663, "Lannr": "25", "Lan": "NORRBOTTENS LÄN", "Kommunnr": "2582", "Kommun": "BODEN", "ArendeAr": 2026, "Beteckn": "A 29467-2026", "Avverktyp": "Föryngringsavverkning", "Andamal": "Uppgift saknas", "Inkomdatum": "2026-06-25T00:00:00", "AnmaldHa": 14.5, "ArendeStatus": "Anmält för avverkning", "AvverkningsanmalanKlass": "Avverkningsamalan", "Weeks": 13, "Naturvarden_Datinv": "1995-05-02", "Naturvarden_Area": 1.8, "Naturvarden_Hektar_calc": 19.1, "Naturvarden_Beteckn": "N 1728-1995", "Naturvarden_area(%)": 9, "Bolag": "-", "N": 7322872, "E": 812562, "URL": "https:\/\/kartor.skogsstyrelsen.se\/kartor\/?startapp=skogligagrunddata&x=7322872&y=812562&scale=7000&bg=Karta" }, "geometry": { "type": "Polygon", "coordinates": [ [ [ 21.8577, 65.8713 ], [ 21.8706, 65.8729 ], [ 21.8704, 65.8731 ], [ 21.8714, 65.8732 ], [ 21.8692, 65.8743 ], [ 21.8717, 65.8753 ], [ 21.8729, 65.8748 ], [ 21.8733, 65.8749 ], [ 21.8727, 65.8754 ], [ 21.8721, 65.8757 ], [ 21.8699, 65.8754 ], [ 21.8697, 65.8753 ], [ 21.8698, 65.8747 ], [ 21.8693, 65.8749 ], [ 21.869, 65.8748 ], [ 21.8684, 65.8748 ], [ 21.8685, 65.8746 ], [ 21.8626, 65.8735 ], [ 21.8585, 65.8732 ], [ 21.8549, 65.8726 ], [ 21.8544, 65.8729 ], [ 21.8528, 65.8731 ], [ 21.8548, 65.872 ], [ 21.8565, 65.8719 ], [ 21.8577, 65.8713 ] ] ] } },
{ "type": "Feature", "properties": { "fid": 69898, "OBJECTID": 6208448, "Lannr": "06", "Lan": "JÖNKÖPINGS LÄN", "Kommunnr": "0662", "Kommun": "GISLAVED", "ArendeAr": 2026, "Beteckn": "A 2197-2026", "Avverktyp": "Föryngringsavverkning", "Andamal": "Uppgift saknas", "Inkomdatum": "2026-01-14T11:20:35", "AnmaldHa": 0.5, "ArendeStatus": "Anmält för avverkning", "AvverkningsanmalanKlass": "Avverkningsamalan", "Weeks": 36, "Naturvarden_Datinv": "1995-05-10", "Naturvarden_Area": 0.6, "Naturvarden_Hektar_calc": 6.2, "Naturvarden_Beteckn": "N 2222-1995", "Naturvarden_area(%)": 9, "Bolag": "-", "N": 6345254, "E": 401036, "URL": "https:\/\/kartor.skogsstyrelsen.se\/kartor\/?startapp=skogligagrunddata&x=6345254&y=401036&scale=7000&bg=Karta" }, "geometry": { "type": "Polygon", "coordinates": [ [ [ 13.3594, 57.2394 ], [ 13.361, 57.2394 ], [ 13.361, 57.2399 ], [ 13.3598, 57.2398 ], [ 13.3594, 57.2394 ] ] ] } },
{ "type": "Feature", "properties": { "fid": 70049, "OBJECTID": 6208821, "Lannr": "06", "Lan": "JÖNKÖPINGS LÄN", "Kommunnr": "0662", "Kommun": "GISLAVED", "ArendeAr": 2026, "Beteckn": "A 2194-2026", "Avverktyp": "Avverkning för att bevara och utveckla \/försöksver", "Andamal": "bevara och utveckla natur- och kulturmiljövärden", "Inkomdatum": "2026-01-14T11:17:00", "AnmaldHa": 3.4, "ArendeStatus": "Anmält för avverkning", "AvverkningsanmalanKlass": "Avverkningsamalan", "Weeks": 36, "Naturvarden_Datinv": "1995-05-10", "Naturvarden_Area": 2.8, "Naturvarden_Hektar_calc": 6.2, "Naturvarden_Beteckn": "N 2222-1995", "Naturvarden_area(%)": 45, "Bolag": "-", "N": 6345364, "E": 401269, "URL": "https:\/\/kartor.skogsstyrelsen.se\/kartor\/?startapp=skogligagrunddata&x=6345364&y=401269&scale=7000&bg=Karta" }, "geometry": { "type": "Polygon", "coordinates": [ [ [ 13.3636, 57.2394 ], [ 13.3648, 57.2395 ], [ 13.3654, 57.2417 ], [ 13.3633, 57.2423 ], [ 13.363, 57.242 ], [ 13.3639, 57.2413 ], [ 13.3637, 57.241 ], [ 13.3635, 57.2406 ], [ 13.3622, 57.24 ], [ 13.3636, 57.2394 ] ] ] } },
{ "type": "Feature", "properties": { "fid": 79444, "OBJECTID": 6431660, "Lannr": "10", "Lan": "BLEKINGE LÄN", "Kommunnr": "1080", "Kommun": "KARLSKRONA", "ArendeAr": 2026, "Beteckn": "A 22801-2026", "Avverktyp": "Föryngringsavverkning", "Andamal": "Uppgift saknas", "Inkomdatum": "2026-05-16T16:39:05", "AnmaldHa": 5.4, "ArendeStatus": "Anmält för avverkning", "AvverkningsanmalanKlass": "Avverkningsamalan", "Weeks": 18, "Naturvarden_Datinv": "1995-05-16", "Naturvarden_Area": 0.1, "Naturvarden_Hektar_calc": 7.2, "Naturvarden_Beteckn": "N 2574-1995", "Naturvarden_area(%)": 1, "Bolag": "-", "N": 6232179, "E": 548220, "URL": "https:\/\/kartor.skogsstyrelsen.se\/kartor\/?startapp=skogligagrunddata&x=6232179&y=548220&scale=7000&bg=Karta" }, "geometry": { "type": "Polygon", "coordinates": [ [ [ 15.7776, 56.23 ], [ 15.7787, 56.2312 ], [ 15.7794, 56.2314 ], [ 15.7792, 56.2325 ], [ 15.7787, 56.2336 ], [ 15.7782, 56.234 ], [ 15.7765, 56.2339 ], [ 15.7768, 56.2337 ], [ 15.7771, 56.233 ], [ 15.7768, 56.2316 ], [ 15.7764, 56.2311 ], [ 15.7763, 56.2302 ], [ 15.7776, 56.23 ] ] ] } },
{ "type": "Feature", "properties": { "fid": 70949, "OBJECTID": 6211860, "Lannr": "12", "Lan": "SKÅNE LÄN", "Kommunnr": "1267", "Kommun": "HÖÖR", "ArendeAr": 2026, "Beteckn": "A 2852-2026", "Avverktyp": "Föryngringsavverkning", "Andamal": "Uppgift saknas", "Inkomdatum": "2026-01-16T11:33:23", "AnmaldHa": 1.0, "ArendeStatus": "Anmält för avverkning", "AvverkningsanmalanKlass": "Avverkningsamalan", "Weeks": 36, "Naturvarden_Datinv": "1995-05-16", "Naturvarden_Area": 0.1, "Naturvarden_Hektar_calc": 4.4, "Naturvarden_Beteckn": "N 2621-1995", "Naturvarden_area(%)": 3, "Bolag": "-", "N": 6208417, "E": 405950, "URL": "https:\/\/kartor.skogsstyrelsen.se\/kartor\/?startapp=skogligagrunddata&x=6208417&y=405950&scale=7000&bg=Karta" }, "geometry": { "type": "Polygon", "coordinates": [ [ [ 13.4926, 56.011 ], [ 13.4925, 56.0113 ], [ 13.4919, 56.0117 ], [ 13.4919, 56.0122 ], [ 13.4914, 56.0125 ], [ 13.4908, 56.0124 ], [ 13.4905, 56.0122 ], [ 13.4909, 56.0118 ], [ 13.4909, 56.0114 ], [ 13.4926, 56.011 ] ] ] } },
{ "type": "Feature", "properties": { "fid": 50322, "OBJECTID": 6289102, "Lannr": "08", "Lan": "KALMAR LÄN", "Kommunnr": "0862", "Kommun": "EMMABODA", "ArendeAr": 2026, "Beteckn": "A 18444-2026", "Avverktyp": "Avverkning för att bevara och utveckla \/försöksver", "Andamal": "bevara och utveckla natur- och kulturmiljövärden", "Inkomdatum": "2026-04-15T08:58:50", "AnmaldHa": 1.3, "ArendeStatus": "Anmält för avverkning", "AvverkningsanmalanKlass": "Avverkningsamalan", "Weeks": 23, "Naturvarden_Datinv": "1995-05-22", "Naturvarden_Area": 1.3, "Naturvarden_Hektar_calc": 5.3, "Naturvarden_Beteckn": "N 2955-1995", "Naturvarden_area(%)": 24, "Bolag": "-", "N": 6277107, "E": 527424, "URL": "https:\/\/kartor.skogsstyrelsen.se\/kartor\/?startapp=skogligagrunddata&x=6277107&y=527424&scale=7000&bg=Karta" }, "geometry": { "type": "Polygon", "coordinates": [ [ [ 15.446, 56.6365 ], [ 15.446, 56.6367 ], [ 15.4466, 56.637 ], [ 15.4476, 56.6366 ], [ 15.4484, 56.6369 ], [ 15.45, 56.6369 ], [ 15.4494, 56.6374 ], [ 15.4487, 56.6373 ], [ 15.4483, 56.6369 ], [ 15.4481, 56.6372 ], [ 15.4467, 56.6374 ], [ 15.4459, 56.6378 ], [ 15.4456, 56.6382 ], [ 15.4444, 56.6387 ], [ 15.444, 56.6385 ], [ 15.4443, 56.6383 ], [ 15.4446, 56.6381 ], [ 15.4457, 56.6381 ], [ 15.4458, 56.6378 ], [ 15.4467, 56.6373 ], [ 15.4467, 56.6372 ], [ 15.4459, 56.6367 ], [ 15.4454, 56.6369 ], [ 15.446, 56.6365 ] ] ] } },
{ "type": "Feature", "properties": { "fid": 111845, "OBJECTID": 6485263, "Lannr": "08", "Lan": "KALMAR LÄN", "Kommunnr": "0862", "Kommun": "EMMABODA", "ArendeAr": 2026, "Beteckn": "A 30949-2026", "Avverktyp": "Avverkning för att bevara och utveckla \/försöksver", "Andamal": "bevara och utveckla natur- och kulturmiljövärden", "Inkomdatum": "2026-07-10T11:08:18", "AnmaldHa": 3.3, "ArendeStatus": "Anmält för avverkning", "AvverkningsanmalanKlass": "Avverkningsamalan", "Weeks": 11, "Naturvarden_Datinv": "1995-05-22", "Naturvarden_Area": 2.8, "Naturvarden_Hektar_calc": 5.3, "Naturvarden_Beteckn": "N 2955-1995", "Naturvarden_area(%)": 53, "Bolag": "-", "N": 6277223, "E": 527473, "URL": "https:\/\/kartor.skogsstyrelsen.se\/kartor\/?startapp=skogligagrunddata&x=6277223&y=527473&scale=7000&bg=Karta" }, "geometry": { "type": "Polygon", "coordinates": [ [ [ 15.4478, 56.6372 ], [ 15.4473, 56.6378 ], [ 15.4469, 56.6379 ], [ 15.4468, 56.6381 ], [ 15.447, 56.6383 ], [ 15.4479, 56.6384 ], [ 15.4493, 56.6378 ], [ 15.4505, 56.6376 ], [ 15.451, 56.6376 ], [ 15.4508, 56.6381 ], [ 15.4498, 56.6387 ], [ 15.4476, 56.6388 ], [ 15.4467, 56.6397 ], [ 15.4459, 56.6394 ], [ 15.4457, 56.6389 ], [ 15.4464, 56.638 ], [ 15.4463, 56.6376 ], [ 15.4468, 56.6373 ], [ 15.4478, 56.6372 ] ] ] } },
{ "type": "Feature", "properties": { "fid": 39959, "OBJECTID": 6091338, "Lannr": "14", "Lan": "VÄSTRA GÖTALANDS LÄN", "Kommunnr": "1441", "Kommun": "LERUM", "ArendeAr": 2025, "Beteckn": "A 46957-2025", "Avverktyp": "Avverkning för annat ändamål", "Andamal": "Bete", "Inkomdatum": "2025-09-29T00:00:00", "AnmaldHa": 8.7, "ArendeStatus": "Anmält för avverkning", "AvverkningsanmalanKlass": "Avverkningsamalan", "Weeks": 51, "Naturvarden_Datinv": "1995-05-23", "Naturvarden_Area": 4.9, "Naturvarden_Hektar_calc": 6.9, "Naturvarden_Beteckn": "N 3076-1995", "Naturvarden_area(%)": 70, "Bolag": "-", "N": 6413549, "E": 335802, "URL": "https:\/\/kartor.skogsstyrelsen.se\/kartor\/?startapp=skogligagrunddata&x=6413549&y=335802&scale=7000&bg=Karta" }, "geometry": { "type": "Polygon", "coordinates": [ [ [ 12.2323, 57.8317 ], [ 12.2383, 57.8341 ], [ 12.2362, 57.8358 ], [ 12.2357, 57.8359 ], [ 12.2338, 57.8338 ], [ 12.2312, 57.8339 ], [ 12.2307, 57.8335 ], [ 12.231, 57.8329 ], [ 12.2323, 57.8317 ] ] ] } },
{ "type": "Feature", "properties": { "fid": 52786, "OBJECTID": 6292580, "Lannr": "04", "Lan": "SÖDERMANLANDS LÄN", "Kommunnr": "0482", "Kommun": "FLEN", "ArendeAr": 2026, "Beteckn": "A 17847-2026", "Avverktyp": "Föryngringsavverkning", "Andamal": "Uppgift saknas", "Inkomdatum": "2026-04-09T00:00:00", "AnmaldHa": 3.3, "ArendeStatus": "Anmält för avverkning", "AvverkningsanmalanKlass": "Avverkningsamalan", "Weeks": 24, "Naturvarden_Datinv": "1995-05-24", "Naturvarden_Area": 0.4, "Naturvarden_Hektar_calc": 0.8, "Naturvarden_Beteckn": "N 3154-1995", "Naturvarden_area(%)": 49, "Bolag": "-", "N": 6553643, "E": 589824, "URL": "https:\/\/kartor.skogsstyrelsen.se\/kartor\/?startapp=skogligagrunddata&x=6553643&y=589824&scale=7000&bg=Karta" }, "geometry": { "type": "Polygon", "coordinates": [ [ [ 16.5688, 59.1115 ], [ 16.5695, 59.1119 ], [ 16.57, 59.1118 ], [ 16.5714, 59.1124 ], [ 16.5704, 59.113 ], [ 16.5695, 59.1128 ], [ 16.569, 59.1131 ], [ 16.5684, 59.113 ], [ 16.5679, 59.1134 ], [ 16.5667, 59.1134 ], [ 16.5663, 59.1132 ], [ 16.5667, 59.1121 ], [ 16.5679, 59.1124 ], [ 16.5688, 59.1115 ] ] ] } },
{ "type": "Feature", "properties": { "fid": 50421, "OBJECTID": 6129928, "Lannr": "18", "Lan": "ÖREBRO LÄN", "Kommunnr": "1860", "Kommun": "LAXÅ", "ArendeAr": 2025, "Beteckn": "A 54901-2025", "Avverktyp": "Föryngringsavverkning", "Andamal": "Uppgift saknas", "Inkomdatum": "2025-11-06T08:47:01", "AnmaldHa": 3.8, "ArendeStatus": "Anmält för avverkning", "AvverkningsanmalanKlass": "Avverkningsamalan", "Weeks": 46, "Naturvarden_Datinv": "1995-05-30", "Naturvarden_Area": 0.4, "Naturvarden_Hektar_calc": 2.3, "Naturvarden_Beteckn": "N 3475-1995", "Naturvarden_area(%)": 16, "Bolag": "-", "N": 6523432, "E": 463902, "URL": "https:\/\/kartor.skogsstyrelsen.se\/kartor\/?startapp=skogligagrunddata&x=6523432&y=463902&scale=7000&bg=Karta" }, "geometry": { "type": "Polygon", "coordinates": [ [ [ 14.3754, 58.8474 ], [ 14.3765, 58.8481 ], [ 14.3758, 58.8484 ], [ 14.375, 58.8492 ], [ 14.3759, 58.85 ], [ 14.3756, 58.8505 ], [ 14.3741, 58.8504 ], [ 14.3728, 58.8505 ], [ 14.3731, 58.8496 ], [ 14.3728, 58.8489 ], [ 14.3728, 58.8484 ], [ 14.375, 58.8483 ], [ 14.3752, 58.8476 ], [ 14.3754, 58.8474 ] ] ] } },
{ "type": "Feature", "properties": { "fid": 60557, "OBJECTID": 6151019, "Lannr": "04", "Lan": "SÖDERMANLANDS LÄN", "Kommunnr": "0484", "Kommun": "ESKILSTUNA", "ArendeAr": 2025, "Beteckn": "A 61070-2025", "Avverktyp": "Föryngringsavverkning", "Andamal": "Uppgift saknas", "Inkomdatum": "2025-12-09T09:07:25", "AnmaldHa": 0.5, "ArendeStatus": "Anmält för avverkning", "AvverkningsanmalanKlass": "Avverkningsamalan", "Weeks": 41, "Naturvarden_Datinv": "1995-05-31", "Naturvarden_Area": 0.0, "Naturvarden_Hektar_calc": 3.2, "Naturvarden_Beteckn": "N 3497-1995", "Naturvarden_area(%)": 1, "Bolag": "Allmännings- och besparingsskogar", "N": 6578317, "E": 600046, "URL": "https:\/\/kartor.skogsstyrelsen.se\/kartor\/?startapp=skogligagrunddata&x=6578317&y=600046&scale=7000&bg=Karta" }, "geometry": { "type": "Polygon", "coordinates": [ [ [ 16.7583, 59.3314 ], [ 16.759, 59.3315 ], [ 16.7593, 59.3321 ], [ 16.7587, 59.3322 ], [ 16.7586, 59.332 ], [ 16.7581, 59.3321 ], [ 16.7575, 59.3316 ], [ 16.7583, 59.3314 ] ] ] } },
{ "type": "Feature", "properties": { "fid": 41105, "OBJECTID": 6272781, "Lannr": "21", "Lan": "GÄVLEBORGS LÄN", "Kommunnr": "2121", "Kommun": "OVANÅKER", "ArendeAr": 2026, "Beteckn": "A 15705-2026", "Avverktyp": "Föryngringsavverkning", "Andamal": "Uppgift saknas", "Inkomdatum": "2026-03-26T00:00:00", "AnmaldHa": 0.9, "ArendeStatus": "Anmält för avverkning", "AvverkningsanmalanKlass": "Avverkningsamalan", "Weeks": 26, "Naturvarden_Datinv": "1995-06-01", "Naturvarden_Area": 0.3, "Naturvarden_Hektar_calc": 4.6, "Naturvarden_Beteckn": "N 3662-1995", "Naturvarden_area(%)": 7, "Bolag": "-", "N": 6789949, "E": 540667, "URL": "https:\/\/kartor.skogsstyrelsen.se\/kartor\/?startapp=skogligagrunddata&x=6789949&y=540667&scale=7000&bg=Karta" }, "geometry": { "type": "Polygon", "coordinates": [ [ [ 15.7579, 61.2411 ], [ 15.7587, 61.2413 ], [ 15.7592, 61.2419 ], [ 15.7563, 61.2422 ], [ 15.7561, 61.2418 ], [ 15.7577, 61.2414 ], [ 15.7579, 61.2411 ] ] ] } },
{ "type": "Feature", "properties": { "fid": 63537, "OBJECTID": 6379645, "Lannr": "21", "Lan": "GÄVLEBORGS LÄN", "Kommunnr": "2121", "Kommun": "OVANÅKER", "ArendeAr": 2026, "Beteckn": "A 20309-2026", "Avverktyp": "Föryngringsavverkning", "Andamal": "Uppgift saknas", "Inkomdatum": "2026-04-27T00:00:00", "AnmaldHa": 1.6, "ArendeStatus": "Anmält för avverkning", "AvverkningsanmalanKlass": "Avverkningsamalan", "Weeks": 21, "Naturvarden_Datinv": "1995-06-02", "Naturvarden_Area": 0.2, "Naturvarden_Hektar_calc": 1.9, "Naturvarden_Beteckn": "N 3759-1995", "Naturvarden_area(%)": 8, "Bolag": "-", "N": 6790674, "E": 539854, "URL": "https:\/\/kartor.skogsstyrelsen.se\/kartor\/?startapp=skogligagrunddata&x=6790674&y=539854&scale=7000&bg=Karta" }, "geometry": { "type": "Polygon", "coordinates": [ [ [ 15.7405, 61.2468 ], [ 15.7422, 61.2471 ], [ 15.7425, 61.2475 ], [ 15.7422, 61.2476 ], [ 15.7422, 61.2481 ], [ 15.743, 61.2488 ], [ 15.7449, 61.2493 ], [ 15.7443, 61.2498 ], [ 15.7439, 61.2499 ], [ 15.7405, 61.2468 ] ] ] } },
{ "type": "Feature", "properties": { "fid": 61318, "OBJECTID": 6153520, "Lannr": "06", "Lan": "JÖNKÖPINGS LÄN", "Kommunnr": "0643", "Kommun": "HABO", "ArendeAr": 2025, "Beteckn": "A 61271-2025", "Avverktyp": "Föryngringsavverkning", "Andamal": "Uppgift saknas", "Inkomdatum": "2025-12-09T16:25:53", "AnmaldHa": 0.8, "ArendeStatus": "Anmält för avverkning", "AvverkningsanmalanKlass": "Avverkningsamalan", "Weeks": 41, "Naturvarden_Datinv": "1995-06-07", "Naturvarden_Area": 0.4, "Naturvarden_Hektar_calc": 4.3, "Naturvarden_Beteckn": "N 3867-1995", "Naturvarden_area(%)": 10, "Bolag": "-", "N": 6434948, "E": 450784, "URL": "https:\/\/kartor.skogsstyrelsen.se\/kartor\/?startapp=skogligagrunddata&x=6434948&y=450784&scale=7000&bg=Karta" }, "geometry": { "type": "Polygon", "coordinates": [ [ [ 14.1652, 58.0529 ], [ 14.1658, 58.0532 ], [ 14.1676, 58.053 ], [ 14.1679, 58.0533 ], [ 14.1654, 58.0537 ], [ 14.1647, 58.053 ], [ 14.1652, 58.0529 ] ] ] } },
{ "type": "Feature", "properties": { "fid": 128535, "OBJECTID": 6513319, "Lannr": "07", "Lan": "KRONOBERGS LÄN", "Kommunnr": "0781", "Kommun": "LJUNGBY", "ArendeAr": 2026, "Beteckn": "A 36693-2026", "Avverktyp": "Föryngringsavverkning", "Andamal": "Uppgift saknas", "Inkomdatum": "2026-09-07T00:00:00", "AnmaldHa": 2.9, "ArendeStatus": "Anmält för avverkning", "AvverkningsanmalanKlass": "NyAvverkningsanmalan", "Weeks": 2, "Naturvarden_Datinv": "1995-06-08", "Naturvarden_Area": 1.0, "Naturvarden_Hektar_calc": 1.0, "Naturvarden_Beteckn": "N 3947-1995", "Naturvarden_area(%)": 98, "Bolag": "-", "N": 6300949, "E": 409659, "URL": "https:\/\/kartor.skogsstyrelsen.se\/kartor\/?startapp=skogligagrunddata&x=6300949&y=409659&scale=7000&bg=Karta" }, "geometry": { "type": "Polygon", "coordinates": [ [ [ 13.5184, 56.8426 ], [ 13.5198, 56.8432 ], [ 13.5203, 56.8432 ], [ 13.5203, 56.8435 ], [ 13.5209, 56.8438 ], [ 13.5207, 56.8439 ], [ 13.5208, 56.8443 ], [ 13.5201, 56.8444 ], [ 13.5197, 56.8446 ], [ 13.5184, 56.8439 ], [ 13.5176, 56.844 ], [ 13.5172, 56.8439 ], [ 13.5172, 56.8436 ], [ 13.5175, 56.8436 ], [ 13.5178, 56.8438 ], [ 13.5181, 56.8437 ], [ 13.517, 56.8428 ], [ 13.5173, 56.8426 ], [ 13.5184, 56.8426 ] ] ] } },
{ "type": "Feature", "properties": { "fid": 94519, "OBJECTID": 6464593, "Lannr": "14", "Lan": "VÄSTRA GÖTALANDS LÄN", "Kommunnr": "1463", "Kommun": "MARK", "ArendeAr": 2026, "Beteckn": "A 27675-2026", "Avverktyp": "Avverkning för att bevara och utveckla \/försöksver", "Andamal": "bevara och utveckla natur- och kulturmiljövärden", "Inkomdatum": "2026-06-17T14:36:43", "AnmaldHa": 1.2, "ArendeStatus": "Anmält för avverkning", "AvverkningsanmalanKlass": "Avverkningsamalan", "Weeks": 14, "Naturvarden_Datinv": "1995-06-19", "Naturvarden_Area": 1.5, "Naturvarden_Hektar_calc": 1.9, "Naturvarden_Beteckn": "N 4662-1995", "Naturvarden_area(%)": 79, "Bolag": "-", "N": 6363189, "E": 343952, "URL": "https:\/\/kartor.skogsstyrelsen.se\/kartor\/?startapp=skogligagrunddata&x=6363189&y=343952&scale=7000&bg=Karta" }, "geometry": { "type": "Polygon", "coordinates": [ [ [ 12.4059, 57.3839 ], [ 12.4062, 57.3843 ], [ 12.4016, 57.3856 ], [ 12.4017, 57.3851 ], [ 12.4024, 57.3849 ], [ 12.403, 57.3852 ], [ 12.4032, 57.3851 ], [ 12.4031, 57.385 ], [ 12.4037, 57.385 ], [ 12.4037, 57.3845 ], [ 12.4059, 57.3839 ] ] ] } },
{ "type": "Feature", "properties": { "fid": 128757, "OBJECTID": 6513765, "Lannr": "07", "Lan": "KRONOBERGS LÄN", "Kommunnr": "0765", "Kommun": "ÄLMHULT", "ArendeAr": 2026, "Beteckn": "A 8632-2026", "Avverktyp": "Föryngringsavverkning", "Andamal": "Uppgift saknas", "Inkomdatum": "2026-02-13T08:24:12", "AnmaldHa": 2.7, "ArendeStatus": "Anmält för avverkning", "AvverkningsanmalanKlass": "Avverkningsamalan", "Weeks": 32, "Naturvarden_Datinv": "1995-06-22", "Naturvarden_Area": 0.2, "Naturvarden_Hektar_calc": 4.9, "Naturvarden_Beteckn": "N 4920-1995", "Naturvarden_area(%)": 3, "Bolag": "-", "N": 6262055, "E": 450383, "URL": "https:\/\/kartor.skogsstyrelsen.se\/kartor\/?startapp=skogligagrunddata&x=6262055&y=450383&scale=7000&bg=Karta" }, "geometry": { "type": "Polygon", "coordinates": [ [ [ 14.195, 56.4992 ], [ 14.1954, 56.4997 ], [ 14.1963, 56.5002 ], [ 14.1935, 56.5011 ], [ 14.1929, 56.5022 ], [ 14.1926, 56.5022 ], [ 14.193, 56.5018 ], [ 14.193, 56.501 ], [ 14.1927, 56.501 ], [ 14.1922, 56.5002 ], [ 14.1914, 56.5002 ], [ 14.1912, 56.5 ], [ 14.1919, 56.4996 ], [ 14.1927, 56.5001 ], [ 14.1933, 56.5007 ], [ 14.1938, 56.5005 ], [ 14.194, 56.5002 ], [ 14.194, 56.4997 ], [ 14.195, 56.4992 ] ] ] } },
{ "type": "Feature", "properties": { "fid": 74860, "OBJECTID": 6420584, "Lannr": "22", "Lan": "VÄSTERNORRLANDS LÄN", "Kommunnr": "2283", "Kommun": "SOLLEFTEÅ", "ArendeAr": 2026, "Beteckn": "A 22441-2026", "Avverktyp": "Föryngringsavverkning", "Andamal": "Uppgift saknas", "Inkomdatum": "2026-05-11T00:00:00", "AnmaldHa": 3.1, "ArendeStatus": "Anmält för avverkning", "AvverkningsanmalanKlass": "Avverkningsamalan", "Weeks": 19, "Naturvarden_Datinv": "1995-06-26", "Naturvarden_Area": 0.1, "Naturvarden_Hektar_calc": 0.1, "Naturvarden_Beteckn": "N 5024-1995", "Naturvarden_area(%)": 90, "Bolag": "-", "N": 6997054, "E": 610573, "URL": "https:\/\/kartor.skogsstyrelsen.se\/kartor\/?startapp=skogligagrunddata&x=6997054&y=610573&scale=7000&bg=Karta" }, "geometry": { "type": "Polygon", "coordinates": [ [ [ 17.1891, 63.0846 ], [ 17.1895, 63.085 ], [ 17.1892, 63.0857 ], [ 17.1896, 63.0858 ], [ 17.1899, 63.085 ], [ 17.1904, 63.0848 ], [ 17.1908, 63.0848 ], [ 17.1916, 63.0852 ], [ 17.1923, 63.085 ], [ 17.1893, 63.0873 ], [ 17.1881, 63.0875 ], [ 17.1879, 63.087 ], [ 17.1887, 63.0858 ], [ 17.1887, 63.0848 ], [ 17.1891, 63.0846 ] ] ] } },
{ "type": "Feature", "properties": { "fid": 114775, "OBJECTID": 6488695, "Lannr": "14", "Lan": "VÄSTRA GÖTALANDS LÄN", "Kommunnr": "1446", "Kommun": "KARLSBORG", "ArendeAr": 2026, "Beteckn": "A 35151-2026", "Avverktyp": "Föryngringsavverkning", "Andamal": "Uppgift saknas", "Inkomdatum": "2026-08-26T00:00:00", "AnmaldHa": 7.6, "ArendeStatus": "Anmält för avverkning", "AvverkningsanmalanKlass": "NyAvverkningsanmalan", "Weeks": 4, "Naturvarden_Datinv": "1995-07-07", "Naturvarden_Area": 0.3, "Naturvarden_Hektar_calc": 0.4, "Naturvarden_Beteckn": "N 5913-1995", "Naturvarden_area(%)": 95, "Bolag": "-", "N": 6502015, "E": 470069, "URL": "https:\/\/kartor.skogsstyrelsen.se\/kartor\/?startapp=skogligagrunddata&x=6502015&y=470069&scale=7000&bg=Karta" }, "geometry": { "type": "Polygon", "coordinates": [ [ [ 14.4883, 58.6557 ], [ 14.4892, 58.6562 ], [ 14.4875, 58.6579 ], [ 14.4873, 58.6578 ], [ 14.4876, 58.6574 ], [ 14.4874, 58.657 ], [ 14.4863, 58.6574 ], [ 14.4854, 58.6575 ], [ 14.4852, 58.6579 ], [ 14.4848, 58.6581 ], [ 14.4849, 58.6588 ], [ 14.4829, 58.6587 ], [ 14.4815, 58.6584 ], [ 14.4809, 58.6576 ], [ 14.4792, 58.657 ], [ 14.4821, 58.6564 ], [ 14.4833, 58.6572 ], [ 14.4856, 58.6568 ], [ 14.4883, 58.6557 ] ] ] } },
{ "type": "Feature", "properties": { "fid": 43915, "OBJECTID": 6106465, "Lannr": "23", "Lan": "JÄMTLANDS LÄN", "Kommunnr": "2303", "Kommun": "RAGUNDA", "ArendeAr": 2025, "Beteckn": "A 50260-2025", "Avverktyp": "Föryngringsavverkning", "Andamal": "Uppgift saknas", "Inkomdatum": "2025-10-14T08:17:01", "AnmaldHa": 4.3, "ArendeStatus": "Anmält för avverkning", "AvverkningsanmalanKlass": "Avverkningsamalan", "Weeks": 49, "Naturvarden_Datinv": "1995-07-08", "Naturvarden_Area": 0.9, "Naturvarden_Hektar_calc": 40.2, "Naturvarden_Beteckn": "N 5922-1995", "Naturvarden_area(%)": 2, "Bolag": "SCA", "N": 7016656, "E": 547192, "URL": "https:\/\/kartor.skogsstyrelsen.se\/kartor\/?startapp=skogligagrunddata&x=7016656&y=547192&scale=7000&bg=Karta" }, "geometry": { "type": "MultiPolygon", "coordinates": [ [ [ [ 15.9447, 63.2741 ], [ 15.9457, 63.2741 ], [ 15.9464, 63.2746 ], [ 15.9451, 63.2743 ], [ 15.9428, 63.2743 ], [ 15.9415, 63.2748 ], [ 15.942, 63.2753 ], [ 15.9416, 63.2755 ], [ 15.9418, 63.2757 ], [ 15.9431, 63.2759 ], [ 15.945, 63.2768 ], [ 15.9424, 63.2773 ], [ 15.9411, 63.2765 ], [ 15.9407, 63.2767 ], [ 15.9403, 63.2776 ], [ 15.9387, 63.2779 ], [ 15.9383, 63.2774 ], [ 15.9394, 63.2768 ], [ 15.9399, 63.2771 ], [ 15.94, 63.2766 ], [ 15.9379, 63.2751 ], [ 15.9372, 63.2751 ], [ 15.9365, 63.2755 ], [ 15.9356, 63.2754 ], [ 15.9355, 63.2752 ], [ 15.9372, 63.2744 ], [ 15.9384, 63.2747 ], [ 15.9393, 63.2746 ], [ 15.94, 63.2749 ], [ 15.9407, 63.2749 ], [ 15.9411, 63.2745 ], [ 15.942, 63.2742 ], [ 15.9447, 63.2741 ] ] ], [ [ [ 15.9382, 63.2733 ], [ 15.9385, 63.2733 ], [ 15.9384, 63.2736 ], [ 15.9379, 63.2739 ], [ 15.9373, 63.274 ], [ 15.937, 63.2739 ], [ 15.9372, 63.2737 ], [ 15.9382, 63.2733 ] ] ] ] } },
{ "type": "Feature", "properties": { "fid": 128590, "OBJECTID": 6513422, "Lannr": "13", "Lan": "HALLANDS LÄN", "Kommunnr": "1315", "Kommun": "HYLTE", "ArendeAr": 2026, "Beteckn": "A 38748-2026", "Avverktyp": "Föryngringsavverkning", "Andamal": "Uppgift saknas", "Inkomdatum": "2026-09-21T07:54:35", "AnmaldHa": 2.9, "ArendeStatus": "Anmält för avverkning", "AvverkningsanmalanKlass": "NyAvverkningsanmalan", "Weeks": 0, "Naturvarden_Datinv": "1995-07-12", "Naturvarden_Area": 0.1, "Naturvarden_Hektar_calc": 1.7, "Naturvarden_Beteckn": "N 6038-1995", "Naturvarden_area(%)": 6, "Bolag": "-", "N": 6309597, "E": 381096, "URL": "https:\/\/kartor.skogsstyrelsen.se\/kartor\/?startapp=skogligagrunddata&x=6309597&y=381096&scale=7000&bg=Karta" }, "geometry": { "type": "Polygon", "coordinates": [ [ [ 13.0462, 56.9131 ], [ 13.0467, 56.9131 ], [ 13.0476, 56.9143 ], [ 13.0481, 56.9145 ], [ 13.0484, 56.9153 ], [ 13.0472, 56.9161 ], [ 13.0459, 56.9161 ], [ 13.0461, 56.9154 ], [ 13.0473, 56.9147 ], [ 13.0471, 56.9145 ], [ 13.0456, 56.9143 ], [ 13.0462, 56.9131 ] ] ] } },
{ "type": "Feature", "properties": { "fid": 123757, "OBJECTID": 6500948, "Lannr": "04", "Lan": "SÖDERMANLANDS LÄN", "Kommunnr": "0483", "Kommun": "KATRINEHOLM", "ArendeAr": 2026, "Beteckn": "A 33292-2026", "Avverktyp": "Avverkning för annat ändamål", "Andamal": "Bete", "Inkomdatum": "2026-08-11T00:00:00", "AnmaldHa": 2.4, "ArendeStatus": "Anmält för avverkning", "AvverkningsanmalanKlass": "NyAvverkningsanmalan", "Weeks": 6, "Naturvarden_Datinv": "1995-07-14", "Naturvarden_Area": 1.0, "Naturvarden_Hektar_calc": 1.0, "Naturvarden_Beteckn": "N 6172-1995", "Naturvarden_area(%)": 99, "Bolag": "Statens Fastighetsverk", "N": 6543838, "E": 586621, "URL": "https:\/\/kartor.skogsstyrelsen.se\/kartor\/?startapp=skogligagrunddata&x=6543838&y=586621&scale=7000&bg=Karta" }, "geometry": { "type": "Polygon", "coordinates": [ [ [ 16.509, 59.0241 ], [ 16.5089, 59.0248 ], [ 16.5099, 59.0241 ], [ 16.5108, 59.0245 ], [ 16.5105, 59.0254 ], [ 16.5097, 59.0261 ], [ 16.5093, 59.0259 ], [ 16.5093, 59.0258 ], [ 16.5102, 59.0253 ], [ 16.5098, 59.0251 ], [ 16.5092, 59.0253 ], [ 16.5088, 59.0258 ], [ 16.5076, 59.0262 ], [ 16.5082, 59.0264 ], [ 16.5071, 59.0265 ], [ 16.5071, 59.0257 ], [ 16.5079, 59.0252 ], [ 16.5078, 59.0248 ], [ 16.5084, 59.0242 ], [ 16.509, 59.0241 ] ] ] } },
{ "type": "Feature", "properties": { "fid": 58373, "OBJECTID": 6143598, "Lannr": "17", "Lan": "VÄRMLANDS LÄN", "Kommunnr": "1766", "Kommun": "SUNNE", "ArendeAr": 2025, "Beteckn": "A 59361-2025", "Avverktyp": "Föryngringsavverkning", "Andamal": "Uppgift saknas", "Inkomdatum": "2025-11-28T10:23:42", "AnmaldHa": 3.5, "ArendeStatus": "Anmält för avverkning", "AvverkningsanmalanKlass": "Avverkningsamalan", "Weeks": 43, "Naturvarden_Datinv": "1995-07-25", "Naturvarden_Area": 0.1, "Naturvarden_Hektar_calc": 1.3, "Naturvarden_Beteckn": "N 6414-1995", "Naturvarden_area(%)": 5, "Bolag": "-", "N": 6638697, "E": 384035, "URL": "https:\/\/kartor.skogsstyrelsen.se\/kartor\/?startapp=skogligagrunddata&x=6638697&y=384035&scale=7000&bg=Karta" }, "geometry": { "type": "Polygon", "coordinates": [ [ [ 12.9304, 59.8685 ], [ 12.9316, 59.8695 ], [ 12.927, 59.8707 ], [ 12.9266, 59.8694 ], [ 12.9304, 59.8685 ] ] ] } },
{ "type": "Feature", "properties": { "fid": 88672, "OBJECTID": 6459037, "Lannr": "17", "Lan": "VÄRMLANDS LÄN", "Kommunnr": "1766", "Kommun": "SUNNE", "ArendeAr": 2026, "Beteckn": "A 23032-2026", "Avverktyp": "Föryngringsavverkning", "Andamal": "Uppgift saknas", "Inkomdatum": "2026-05-19T00:00:00", "AnmaldHa": 4.5, "ArendeStatus": "Anmält för avverkning", "AvverkningsanmalanKlass": "Avverkningsamalan", "Weeks": 18, "Naturvarden_Datinv": "1995-07-26", "Naturvarden_Area": 2.7, "Naturvarden_Hektar_calc": 4.1, "Naturvarden_Beteckn": "N 6470-1995", "Naturvarden_area(%)": 67, "Bolag": "-", "N": 6638024, "E": 379325, "URL": "https:\/\/kartor.skogsstyrelsen.se\/kartor\/?startapp=skogligagrunddata&x=6638024&y=379325&scale=7000&bg=Karta" }, "geometry": { "type": "Polygon", "coordinates": [ [ [ 12.846, 59.8609 ], [ 12.848, 59.8612 ], [ 12.8469, 59.8617 ], [ 12.8469, 59.8622 ], [ 12.8489, 59.8624 ], [ 12.849, 59.8625 ], [ 12.8472, 59.863 ], [ 12.8469, 59.863 ], [ 12.8462, 59.8626 ], [ 12.8454, 59.8629 ], [ 12.8438, 59.863 ], [ 12.8425, 59.8629 ], [ 12.8421, 59.8626 ], [ 12.8421, 59.8623 ], [ 12.8428, 59.8615 ], [ 12.8431, 59.8614 ], [ 12.8437, 59.862 ], [ 12.845, 59.8619 ], [ 12.8455, 59.8616 ], [ 12.8448, 59.861 ], [ 12.8456, 59.8614 ], [ 12.846, 59.8609 ] ] ] } },
{ "type": "Feature", "properties": { "fid": 121290, "OBJECTID": 6498722, "Lannr": "20", "Lan": "DALARNAS LÄN", "Kommunnr": "2034", "Kommun": "ORSA", "ArendeAr": 2026, "Beteckn": "A 36237-2026", "Avverktyp": "Föryngringsavverkning", "Andamal": "Uppgift saknas", "Inkomdatum": "2026-09-03T08:23:59", "AnmaldHa": 3.3, "ArendeStatus": "Anmält för avverkning", "AvverkningsanmalanKlass": "NyAvverkningsanmalan", "Weeks": 3, "Naturvarden_Datinv": "1995-08-01", "Naturvarden_Area": 2.5, "Naturvarden_Hektar_calc": 6.0, "Naturvarden_Beteckn": "N 6627-1995", "Naturvarden_area(%)": 42, "Bolag": "-", "N": 6770728, "E": 480772, "URL": "https:\/\/kartor.skogsstyrelsen.se\/kartor\/?startapp=skogligagrunddata&x=6770728&y=480772&scale=7000&bg=Karta" }, "geometry": { "type": "Polygon", "coordinates": [ [ [ 14.6459, 61.07 ], [ 14.6457, 61.0702 ], [ 14.646, 61.0702 ], [ 14.645, 61.0715 ], [ 14.6409, 61.0716 ], [ 14.6416, 61.0713 ], [ 14.642, 61.0706 ], [ 14.6427, 61.0705 ], [ 14.6423, 61.0701 ], [ 14.6459, 61.07 ] ] ] } },
{ "type": "Feature", "properties": { "fid": 126225, "OBJECTID": 6507523, "Lannr": "19", "Lan": "VÄSTMANLANDS LÄN", "Kommunnr": "1904", "Kommun": "SKINNSKATTEBERG", "ArendeAr": 2026, "Beteckn": "A 32205-2026", "Avverktyp": "Föryngringsavverkning", "Andamal": "Uppgift saknas", "Inkomdatum": "2026-08-03T10:56:15", "AnmaldHa": 11.1, "ArendeStatus": "Anmält för avverkning", "AvverkningsanmalanKlass": "Avverkningsamalan", "Weeks": 7, "Naturvarden_Datinv": "1995-08-09", "Naturvarden_Area": 0.2, "Naturvarden_Hektar_calc": 0.6, "Naturvarden_Beteckn": "N 7046-1995", "Naturvarden_area(%)": 28, "Bolag": "-", "N": 6618016, "E": 554501, "URL": "https:\/\/kartor.skogsstyrelsen.se\/kartor\/?startapp=skogligagrunddata&x=6618016&y=554501&scale=7000&bg=Karta" }, "geometry": { "type": "Polygon", "coordinates": [ [ [ 15.9665, 59.6946 ], [ 15.9673, 59.6949 ], [ 15.9691, 59.6952 ], [ 15.9693, 59.6949 ], [ 15.9699, 59.6948 ], [ 15.9705, 59.695 ], [ 15.9703, 59.6956 ], [ 15.9706, 59.6957 ], [ 15.9715, 59.6957 ], [ 15.9719, 59.6961 ], [ 15.9715, 59.6967 ], [ 15.9716, 59.6972 ], [ 15.9725, 59.6974 ], [ 15.9718, 59.6976 ], [ 15.9719, 59.6979 ], [ 15.9724, 59.6979 ], [ 15.9718, 59.6981 ], [ 15.9714, 59.698 ], [ 15.9714, 59.6978 ], [ 15.9683, 59.6978 ], [ 15.9677, 59.6986 ], [ 15.9683, 59.699 ], [ 15.9681, 59.6991 ], [ 15.9682, 59.6993 ], [ 15.9668, 59.6987 ], [ 15.9663, 59.6987 ], [ 15.9659, 59.6982 ], [ 15.9672, 59.6974 ], [ 15.965, 59.6966 ], [ 15.9647, 59.6963 ], [ 15.9648, 59.696 ], [ 15.9642, 59.6956 ], [ 15.9647, 59.6952 ], [ 15.9655, 59.6951 ], [ 15.9665, 59.6946 ] ] ] } },
{ "type": "Feature", "properties": { "fid": 39698, "OBJECTID": 6268583, "Lannr": "21", "Lan": "GÄVLEBORGS LÄN", "Kommunnr": "2184", "Kommun": "HUDIKSVALL", "ArendeAr": 2026, "Beteckn": "A 14685-2026", "Avverktyp": "Föryngringsavverkning", "Andamal": "Uppgift saknas", "Inkomdatum": "2026-03-20T11:48:50", "AnmaldHa": 7.1, "ArendeStatus": "Anmält för avverkning", "AvverkningsanmalanKlass": "Avverkningsamalan", "Weeks": 27, "Naturvarden_Datinv": "1995-08-10", "Naturvarden_Area": 0.6, "Naturvarden_Hektar_calc": 2.9, "Naturvarden_Beteckn": "N 7166-1995", "Naturvarden_area(%)": 21, "Bolag": "-", "N": 6858578, "E": 589066, "URL": "https:\/\/kartor.skogsstyrelsen.se\/kartor\/?startapp=skogligagrunddata&x=6858578&y=589066&scale=7000&bg=Karta" }, "geometry": { "type": "MultiPolygon", "coordinates": [ [ [ [ 16.6946, 61.8491 ], [ 16.6949, 61.8495 ], [ 16.6945, 61.85 ], [ 16.6948, 61.8503 ], [ 16.6956, 61.8505 ], [ 16.6954, 61.851 ], [ 16.6945, 61.8514 ], [ 16.6935, 61.8512 ], [ 16.6911, 61.8518 ], [ 16.6906, 61.8514 ], [ 16.6907, 61.8506 ], [ 16.6918, 61.8498 ], [ 16.6937, 61.8499 ], [ 16.6943, 61.8498 ], [ 16.6943, 61.8493 ], [ 16.6946, 61.8491 ] ] ], [ [ [ 16.6934, 61.8475 ], [ 16.6944, 61.8476 ], [ 16.6944, 61.8483 ], [ 16.6939, 61.8486 ], [ 16.6903, 61.8489 ], [ 16.6887, 61.8486 ], [ 16.6894, 61.8481 ], [ 16.6896, 61.8482 ], [ 16.6894, 61.8486 ], [ 16.6906, 61.8487 ], [ 16.691, 61.8483 ], [ 16.6916, 61.8484 ], [ 16.6923, 61.8476 ], [ 16.6934, 61.8475 ] ] ], [ [ [ 16.6897, 61.8472 ], [ 16.6901, 61.8474 ], [ 16.6893, 61.8476 ], [ 16.6887, 61.8481 ], [ 16.6876, 61.8486 ], [ 16.6867, 61.8485 ], [ 16.6874, 61.8484 ], [ 16.6897, 61.8472 ] ] ], [ [ [ 16.6912, 61.8471 ], [ 16.6917, 61.8474 ], [ 16.6912, 61.8477 ], [ 16.6908, 61.8475 ], [ 16.6912, 61.8471 ] ] ] ] } },
{ "type": "Feature", "properties": { "fid": 87194, "OBJECTID": 6458667, "Lannr": "04", "Lan": "SÖDERMANLANDS LÄN", "Kommunnr": "0480", "Kommun": "NYKÖPING", "ArendeAr": 2026, "Beteckn": "A 19027-2026", "Avverktyp": "Föryngringsavverkning", "Andamal": "Uppgift saknas", "Inkomdatum": "2026-04-19T00:00:00", "AnmaldHa": 12.5, "ArendeStatus": "Anmält för avverkning", "AvverkningsanmalanKlass": "Avverkningsamalan", "Weeks": 22, "Naturvarden_Datinv": "1995-08-21", "Naturvarden_Area": 0.1, "Naturvarden_Hektar_calc": 1.1, "Naturvarden_Beteckn": "N 7718-1995", "Naturvarden_area(%)": 6, "Bolag": "-", "N": 6534923, "E": 616931, "URL": "https:\/\/kartor.skogsstyrelsen.se\/kartor\/?startapp=skogligagrunddata&x=6534923&y=616931&scale=7000&bg=Karta" }, "geometry": { "type": "MultiPolygon", "coordinates": [ [ [ [ 17.0281, 58.9379 ], [ 17.0289, 58.9383 ], [ 17.029, 58.9387 ], [ 17.0299, 58.9389 ], [ 17.0295, 58.9386 ], [ 17.03, 58.9387 ], [ 17.0314, 58.939 ], [ 17.0319, 58.9392 ], [ 17.0333, 58.9389 ], [ 17.0336, 58.9392 ], [ 17.035, 58.939 ], [ 17.0355, 58.9391 ], [ 17.0363, 58.9391 ], [ 17.0371, 58.9388 ], [ 17.0365, 58.9404 ], [ 17.0358, 58.9407 ], [ 17.0353, 58.9408 ], [ 17.0333, 58.94 ], [ 17.0324, 58.9401 ], [ 17.0316, 58.9396 ], [ 17.0302, 58.9391 ], [ 17.0304, 58.9393 ], [ 17.0299, 58.9395 ], [ 17.0298, 58.9404 ], [ 17.0275, 58.9399 ], [ 17.0281, 58.9379 ] ] ], [ [ [ 17.0306, 58.9343 ], [ 17.0328, 58.9348 ], [ 17.033, 58.9354 ], [ 17.0347, 58.9354 ], [ 17.034, 58.9361 ], [ 17.0343, 58.9364 ], [ 17.0336, 58.9366 ], [ 17.0323, 58.9366 ], [ 17.0309, 58.9369 ], [ 17.0302, 58.9369 ], [ 17.0294, 58.9375 ], [ 17.0282, 58.9376 ], [ 17.0298, 58.9346 ], [ 17.0302, 58.9347 ], [ 17.0306, 58.9343 ] ], [ [ 17.0304, 58.9348 ], [ 17.03, 58.9349 ], [ 17.0304, 58.9354 ], [ 17.0295, 58.9356 ], [ 17.0293, 58.9362 ], [ 17.0295, 58.9363 ], [ 17.0293, 58.9365 ], [ 17.0295, 58.9366 ], [ 17.0307, 58.9358 ], [ 17.0325, 58.9355 ], [ 17.0326, 58.9352 ], [ 17.0304, 58.9348 ] ] ] ] } },
{ "type": "Feature", "properties": { "fid": 57038, "OBJECTID": 6312365, "Lannr": "08", "Lan": "KALMAR LÄN", "Kommunnr": "0881", "Kommun": "NYBRO", "ArendeAr": 2025, "Beteckn": "A 47632-2025", "Avverktyp": "Föryngringsavverkning", "Andamal": "Uppgift saknas", "Inkomdatum": "2025-10-01T00:00:00", "AnmaldHa": 2.2, "ArendeStatus": "Anmält för avverkning", "AvverkningsanmalanKlass": "Avverkningsamalan", "Weeks": 51, "Naturvarden_Datinv": "1995-08-23", "Naturvarden_Area": 0.1, "Naturvarden_Hektar_calc": 68.1, "Naturvarden_Beteckn": "N 7978-1995", "Naturvarden_area(%)": 0, "Bolag": "Kyrkan", "N": 6293831, "E": 540706, "URL": "https:\/\/kartor.skogsstyrelsen.se\/kartor\/?startapp=skogligagrunddata&x=6293831&y=540706&scale=7000&bg=Karta" }, "geometry": { "type": "MultiPolygon", "coordinates": [ [ [ [ 15.6653, 56.7867 ], [ 15.667, 56.7869 ], [ 15.6672, 56.7876 ], [ 15.6663, 56.7877 ], [ 15.6662, 56.7882 ], [ 15.6658, 56.7879 ], [ 15.6652, 56.7877 ], [ 15.6653, 56.7867 ] ] ], [ [ [ 15.6656, 56.7853 ], [ 15.6678, 56.7855 ], [ 15.6683, 56.7857 ], [ 15.6673, 56.7858 ], [ 15.667, 56.7861 ], [ 15.6654, 56.7862 ], [ 15.6656, 56.7853 ] ] ] ] } },
{ "type": "Feature", "properties": { "fid": 68836, "OBJECTID": 6403076, "Lannr": "20", "Lan": "DALARNAS LÄN", "Kommunnr": "2080", "Kommun": "FALUN", "ArendeAr": 2026, "Beteckn": "A 20891-2026", "Avverktyp": "Föryngringsavverkning", "Andamal": "Uppgift saknas", "Inkomdatum": "2026-04-30T10:45:06", "AnmaldHa": 3.5, "ArendeStatus": "Anmält för avverkning", "AvverkningsanmalanKlass": "Avverkningsamalan", "Weeks": 21, "Naturvarden_Datinv": "1995-08-25", "Naturvarden_Area": 0.0, "Naturvarden_Hektar_calc": 7.3, "Naturvarden_Beteckn": "N 8137-1995", "Naturvarden_area(%)": 1, "Bolag": "-", "N": 6736662, "E": 574783, "URL": "https:\/\/kartor.skogsstyrelsen.se\/kartor\/?startapp=skogligagrunddata&x=6736662&y=574783&scale=7000&bg=Karta" }, "geometry": { "type": "Polygon", "coordinates": [ [ [ 16.3721, 60.7574 ], [ 16.3752, 60.758 ], [ 16.3753, 60.7582 ], [ 16.3737, 60.7583 ], [ 16.3739, 60.7591 ], [ 16.3726, 60.7593 ], [ 16.3702, 60.759 ], [ 16.3693, 60.7587 ], [ 16.371, 60.7579 ], [ 16.372, 60.758 ], [ 16.3721, 60.7574 ] ] ] } },
{ "type": "Feature", "properties": { "fid": 48656, "OBJECTID": 6284663, "Lannr": "21", "Lan": "GÄVLEBORGS LÄN", "Kommunnr": "2180", "Kommun": "GÄVLE", "ArendeAr": 2026, "Beteckn": "A 17976-2026", "Avverktyp": "Föryngringsavverkning", "Andamal": "Uppgift saknas", "Inkomdatum": "2026-04-12T09:25:59", "AnmaldHa": 0.5, "ArendeStatus": "Anmält för avverkning", "AvverkningsanmalanKlass": "Avverkningsamalan", "Weeks": 23, "Naturvarden_Datinv": "1995-08-25", "Naturvarden_Area": 0.2, "Naturvarden_Hektar_calc": 1.8, "Naturvarden_Beteckn": "N 8175-1995", "Naturvarden_area(%)": 9, "Bolag": "-", "N": 6755789, "E": 614329, "URL": "https:\/\/kartor.skogsstyrelsen.se\/kartor\/?startapp=skogligagrunddata&x=6755789&y=614329&scale=7000&bg=Karta" }, "geometry": { "type": "Polygon", "coordinates": [ [ [ 17.1088, 60.9202 ], [ 17.1098, 60.9206 ], [ 17.1096, 60.9208 ], [ 17.1092, 60.9208 ], [ 17.1088, 60.921 ], [ 17.1082, 60.921 ], [ 17.108, 60.9208 ], [ 17.1088, 60.9202 ] ] ] } },
{ "type": "Feature", "properties": { "fid": 125887, "OBJECTID": 6506846, "Lannr": "22", "Lan": "VÄSTERNORRLANDS LÄN", "Kommunnr": "2282", "Kommun": "KRAMFORS", "ArendeAr": 2026, "Beteckn": "A 28474-2026", "Avverktyp": "Föryngringsavverkning", "Andamal": "Uppgift saknas", "Inkomdatum": "2026-06-24T00:00:00", "AnmaldHa": 6.0, "ArendeStatus": "Anmält för avverkning", "AvverkningsanmalanKlass": "Avverkningsamalan", "Weeks": 13, "Naturvarden_Datinv": "1995-08-27", "Naturvarden_Area": 0.3, "Naturvarden_Hektar_calc": 1.6, "Naturvarden_Beteckn": "N 8180-1995", "Naturvarden_area(%)": 16, "Bolag": "Övriga (HB, KB, gemensamhetsskogar", "N": 7005665, "E": 653219, "URL": "https:\/\/kartor.skogsstyrelsen.se\/kartor\/?startapp=skogligagrunddata&x=7005665&y=653219&scale=7000&bg=Karta" }, "geometry": { "type": "Polygon", "coordinates": [ [ [ 18.0398, 63.146 ], [ 18.0399, 63.1468 ], [ 18.041, 63.147 ], [ 18.0415, 63.1469 ], [ 18.0415, 63.1465 ], [ 18.0438, 63.1459 ], [ 18.0441, 63.146 ], [ 18.0445, 63.1464 ], [ 18.0437, 63.1468 ], [ 18.043, 63.1482 ], [ 18.043, 63.1489 ], [ 18.042, 63.1488 ], [ 18.0411, 63.1489 ], [ 18.0389, 63.1488 ], [ 18.0375, 63.1486 ], [ 18.0383, 63.148 ], [ 18.0393, 63.1479 ], [ 18.0391, 63.1476 ], [ 18.0385, 63.1476 ], [ 18.0383, 63.1475 ], [ 18.0387, 63.147 ], [ 18.0393, 63.1468 ], [ 18.0392, 63.1464 ], [ 18.0398, 63.146 ] ] ] } },
{ "type": "Feature", "properties": { "fid": 106065, "OBJECTID": 6476955, "Lannr": "18", "Lan": "ÖREBRO LÄN", "Kommunnr": "1861", "Kommun": "HALLSBERG", "ArendeAr": 2026, "Beteckn": "A 29785-2026", "Avverktyp": "Avverkning för annat ändamål", "Andamal": "Bete", "Inkomdatum": "2026-07-02T00:00:00", "AnmaldHa": 6.4, "ArendeStatus": "Anmält för avverkning", "AvverkningsanmalanKlass": "Avverkningsamalan", "Weeks": 12, "Naturvarden_Datinv": "1995-08-28", "Naturvarden_Area": 0.9, "Naturvarden_Hektar_calc": 1.1, "Naturvarden_Beteckn": "N 8210-1995", "Naturvarden_area(%)": 80, "Bolag": "Övriga aktiebolag", "N": 6543769, "E": 524611, "URL": "https:\/\/kartor.skogsstyrelsen.se\/kartor\/?startapp=skogligagrunddata&x=6543769&y=524611&scale=7000&bg=Karta" }, "geometry": { "type": "Polygon", "coordinates": [ [ [ 15.426, 59.0302 ], [ 15.4264, 59.0304 ], [ 15.4267, 59.0309 ], [ 15.427, 59.031 ], [ 15.4278, 59.0308 ], [ 15.4282, 59.0309 ], [ 15.429, 59.0321 ], [ 15.4305, 59.0322 ], [ 15.4314, 59.0326 ], [ 15.432, 59.0322 ], [ 15.4328, 59.0323 ], [ 15.433, 59.0328 ], [ 15.4322, 59.0341 ], [ 15.4314, 59.0339 ], [ 15.432, 59.0329 ], [ 15.4315, 59.0327 ], [ 15.4301, 59.033 ], [ 15.4299, 59.0335 ], [ 15.4291, 59.0338 ], [ 15.4291, 59.0341 ], [ 15.4284, 59.0344 ], [ 15.4282, 59.035 ], [ 15.428, 59.035 ], [ 15.428, 59.0337 ], [ 15.4264, 59.0334 ], [ 15.4261, 59.033 ], [ 15.428, 59.0328 ], [ 15.4285, 59.0317 ], [ 15.4283, 59.0314 ], [ 15.4272, 59.0314 ], [ 15.4261, 59.0319 ], [ 15.4247, 59.0318 ], [ 15.4245, 59.0322 ], [ 15.4237, 59.0323 ], [ 15.4234, 59.0322 ], [ 15.4238, 59.0318 ], [ 15.4245, 59.0317 ], [ 15.4256, 59.0318 ], [ 15.426, 59.0315 ], [ 15.426, 59.0302 ] ] ] } },
{ "type": "Feature", "properties": { "fid": 70563, "OBJECTID": 6211137, "Lannr": "21", "Lan": "GÄVLEBORGS LÄN", "Kommunnr": "2181", "Kommun": "SANDVIKEN", "ArendeAr": 2026, "Beteckn": "A 2886-2026", "Avverktyp": "Föryngringsavverkning", "Andamal": "Uppgift saknas", "Inkomdatum": "2026-01-16T13:01:39", "AnmaldHa": 1.7, "ArendeStatus": "Anmält för avverkning", "AvverkningsanmalanKlass": "Avverkningsamalan", "Weeks": 36, "Naturvarden_Datinv": "1995-08-30", "Naturvarden_Area": 0.2, "Naturvarden_Hektar_calc": 1.6, "Naturvarden_Beteckn": "N 8408-1995", "Naturvarden_area(%)": 13, "Bolag": "-", "N": 6722365, "E": 586852, "URL": "https:\/\/kartor.skogsstyrelsen.se\/kartor\/?startapp=skogligagrunddata&x=6722365&y=586852&scale=7000&bg=Karta" }, "geometry": { "type": "Polygon", "coordinates": [ [ [ 16.5882, 60.6264 ], [ 16.5889, 60.6268 ], [ 16.5878, 60.6271 ], [ 16.5878, 60.6273 ], [ 16.5893, 60.6268 ], [ 16.5898, 60.6271 ], [ 16.588, 60.6278 ], [ 16.5869, 60.6279 ], [ 16.5866, 60.6286 ], [ 16.5862, 60.6287 ], [ 16.5851, 60.6288 ], [ 16.5847, 60.6286 ], [ 16.5859, 60.6284 ], [ 16.5882, 60.6264 ] ] ] } },
{ "type": "Feature", "properties": { "fid": 116185, "OBJECTID": 6491150, "Lannr": "18", "Lan": "ÖREBRO LÄN", "Kommunnr": "1880", "Kommun": "ÖREBRO", "ArendeAr": 2026, "Beteckn": "A 35411-2026", "Avverktyp": "Föryngringsavverkning", "Andamal": "Uppgift saknas", "Inkomdatum": "2026-08-27T16:29:19", "AnmaldHa": 2.8, "ArendeStatus": "Anmält för avverkning", "AvverkningsanmalanKlass": "NyAvverkningsanmalan", "Weeks": 4, "Naturvarden_Datinv": "1995-08-30", "Naturvarden_Area": 0.0, "Naturvarden_Hektar_calc": 15.6, "Naturvarden_Beteckn": "N 8430-1995", "Naturvarden_area(%)": 0, "Bolag": "Övriga aktiebolag", "N": 6542490, "E": 534949, "URL": "https:\/\/kartor.skogsstyrelsen.se\/kartor\/?startapp=skogligagrunddata&x=6542490&y=534949&scale=7000&bg=Karta" }, "geometry": { "type": "Polygon", "coordinates": [ [ [ 15.6103, 59.0188 ], [ 15.6106, 59.0188 ], [ 15.6105, 59.0189 ], [ 15.6104, 59.0191 ], [ 15.6099, 59.0192 ], [ 15.6095, 59.0199 ], [ 15.6092, 59.0211 ], [ 15.6088, 59.0215 ], [ 15.6076, 59.0225 ], [ 15.6066, 59.0224 ], [ 15.6084, 59.021 ], [ 15.6085, 59.0196 ], [ 15.6081, 59.0196 ], [ 15.608, 59.0194 ], [ 15.6083, 59.019 ], [ 15.6085, 59.0189 ], [ 15.6086, 59.0191 ], [ 15.6103, 59.0188 ] ] ] } },
{ "type": "Feature", "properties": { "fid": 99467, "OBJECTID": 6469599, "Lannr": "10", "Lan": "BLEKINGE LÄN", "Kommunnr": "1082", "Kommun": "KARLSHAMN", "ArendeAr": 2026, "Beteckn": "A 28320-2026", "Avverktyp": "Föryngringsavverkning", "Andamal": "Uppgift saknas", "Inkomdatum": "2026-06-23T13:34:04", "AnmaldHa": 2.2, "ArendeStatus": "Anmält för avverkning", "AvverkningsanmalanKlass": "Avverkningsamalan", "Weeks": 13, "Naturvarden_Datinv": "1995-09-22", "Naturvarden_Area": 0.1, "Naturvarden_Hektar_calc": 0.6, "Naturvarden_Beteckn": "N 9917-1995", "Naturvarden_area(%)": 12, "Bolag": "-", "N": 6235185, "E": 495928, "URL": "https:\/\/kartor.skogsstyrelsen.se\/kartor\/?startapp=skogligagrunddata&x=6235185&y=495928&scale=7000&bg=Karta" }, "geometry": { "type": "Polygon", "coordinates": [ [ [ 14.9333, 56.2608 ], [ 14.9344, 56.2612 ], [ 14.9355, 56.2612 ], [ 14.9378, 56.2615 ], [ 14.9357, 56.2617 ], [ 14.9351, 56.2619 ], [ 14.9341, 56.262 ], [ 14.9337, 56.2618 ], [ 14.9314, 56.2616 ], [ 14.9333, 56.2608 ] ] ] } },
{ "type": "Feature", "properties": { "fid": 52596, "OBJECTID": 6292132, "Lannr": "17", "Lan": "VÄRMLANDS LÄN", "Kommunnr": "1765", "Kommun": "ÅRJÄNG", "ArendeAr": 2026, "Beteckn": "A 19368-2026", "Avverktyp": "Föryngringsavverkning", "Andamal": "Uppgift saknas", "Inkomdatum": "2026-04-17T00:00:00", "AnmaldHa": 3.7, "ArendeStatus": "Anmält för avverkning", "AvverkningsanmalanKlass": "Avverkningsamalan", "Weeks": 23, "Naturvarden_Datinv": "1995-09-25", "Naturvarden_Area": 0.8, "Naturvarden_Hektar_calc": 3.8, "Naturvarden_Beteckn": "N 10012-1995", "Naturvarden_area(%)": 21, "Bolag": "-", "N": 6600712, "E": 323168, "URL": "https:\/\/kartor.skogsstyrelsen.se\/kartor\/?startapp=skogligagrunddata&x=6600712&y=323168&scale=7000&bg=Karta" }, "geometry": { "type": "Polygon", "coordinates": [ [ [ 11.8799, 59.5064 ], [ 11.8802, 59.507 ], [ 11.8701, 59.5084 ], [ 11.8699, 59.508 ], [ 11.8799, 59.5064 ] ] ] } },
{ "type": "Feature", "properties": { "fid": 51869, "OBJECTID": 6291034, "Lannr": "17", "Lan": "VÄRMLANDS LÄN", "Kommunnr": "1765", "Kommun": "ÅRJÄNG", "ArendeAr": 2026, "Beteckn": "A 19364-2026", "Avverktyp": "Föryngringsavverkning", "Andamal": "Uppgift saknas", "Inkomdatum": "2026-04-17T00:00:00", "AnmaldHa": 2.9, "ArendeStatus": "Anmält för avverkning", "AvverkningsanmalanKlass": "Avverkningsamalan", "Weeks": 23, "Naturvarden_Datinv": "1995-09-25", "Naturvarden_Area": 0.8, "Naturvarden_Hektar_calc": 3.8, "Naturvarden_Beteckn": "N 10012-1995", "Naturvarden_area(%)": 21, "Bolag": "-", "N": 6600764, "E": 323183, "URL": "https:\/\/kartor.skogsstyrelsen.se\/kartor\/?startapp=skogligagrunddata&x=6600764&y=323183&scale=7000&bg=Karta" }, "geometry": { "type": "Polygon", "coordinates": [ [ [ 11.8801, 59.507 ], [ 11.8804, 59.5072 ], [ 11.8804, 59.5075 ], [ 11.8702, 59.5088 ], [ 11.87, 59.5085 ], [ 11.8801, 59.507 ] ] ] } },
{ "type": "Feature", "properties": { "fid": 42386, "OBJECTID": 6100310, "Lannr": "05", "Lan": "ÖSTERGÖTLANDS LÄN", "Kommunnr": "0581", "Kommun": "NORRKÖPING", "ArendeAr": 2025, "Beteckn": "A 48735-2025", "Avverktyp": "Föryngringsavverkning", "Andamal": "Uppgift saknas", "Inkomdatum": "2025-10-06T00:00:00", "AnmaldHa": 3.6, "ArendeStatus": "Anmält för avverkning", "AvverkningsanmalanKlass": "Avverkningsamalan", "Weeks": 50, "Naturvarden_Datinv": "1995-10-03", "Naturvarden_Area": 0.1, "Naturvarden_Hektar_calc": 0.1, "Naturvarden_Beteckn": "N 10380-1995", "Naturvarden_area(%)": 96, "Bolag": "-", "N": 6487055, "E": 589929, "URL": "https:\/\/kartor.skogsstyrelsen.se\/kartor\/?startapp=skogligagrunddata&x=6487055&y=589929&scale=7000&bg=Karta" }, "geometry": { "type": "Polygon", "coordinates": [ [ [ 16.5456, 58.5136 ], [ 16.5462, 58.5141 ], [ 16.5457, 58.5146 ], [ 16.5458, 58.5147 ], [ 16.5436, 58.5154 ], [ 16.542, 58.5161 ], [ 16.5417, 58.5158 ], [ 16.5417, 58.5148 ], [ 16.5428, 58.5142 ], [ 16.5453, 58.5138 ], [ 16.5456, 58.5136 ] ] ] } },
{ "type": "Feature", "properties": { "fid": 77756, "OBJECTID": 6234337, "Lannr": "17", "Lan": "VÄRMLANDS LÄN", "Kommunnr": "1785", "Kommun": "SÄFFLE", "ArendeAr": 2026, "Beteckn": "A 7517-2026", "Avverktyp": "Föryngringsavverkning", "Andamal": "Uppgift saknas", "Inkomdatum": "2026-02-06T14:17:46", "AnmaldHa": 6.4, "ArendeStatus": "Anmält för avverkning", "AvverkningsanmalanKlass": "Avverkningsamalan", "Weeks": 33, "Naturvarden_Datinv": "1995-10-21", "Naturvarden_Area": 6.1, "Naturvarden_Hektar_calc": 18.7, "Naturvarden_Beteckn": "N 11410-1995", "Naturvarden_area(%)": 32, "Bolag": "-", "N": 6584459, "E": 378273, "URL": "https:\/\/kartor.skogsstyrelsen.se\/kartor\/?startapp=skogligagrunddata&x=6584459&y=378273&scale=7000&bg=Karta" }, "geometry": { "type": "Polygon", "coordinates": [ [ [ 12.8548, 59.3785 ], [ 12.8551, 59.3791 ], [ 12.8574, 59.3793 ], [ 12.8582, 59.38 ], [ 12.8587, 59.3809 ], [ 12.8583, 59.381 ], [ 12.858, 59.3807 ], [ 12.8575, 59.3807 ], [ 12.8581, 59.3814 ], [ 12.8589, 59.3813 ], [ 12.8591, 59.3815 ], [ 12.8593, 59.3828 ], [ 12.8586, 59.3831 ], [ 12.8585, 59.3835 ], [ 12.8589, 59.3838 ], [ 12.8594, 59.3838 ], [ 12.8595, 59.3837 ], [ 12.8595, 59.384 ], [ 12.8593, 59.3845 ], [ 12.8588, 59.3846 ], [ 12.8585, 59.3838 ], [ 12.8574, 59.383 ], [ 12.8546, 59.3789 ], [ 12.8542, 59.3787 ], [ 12.8542, 59.3785 ], [ 12.8548, 59.3785 ] ], [ [ 12.8581, 59.38 ], [ 12.8575, 59.38 ], [ 12.8573, 59.3803 ], [ 12.8576, 59.3806 ], [ 12.8583, 59.3806 ], [ 12.8581, 59.38 ] ] ] } },
{ "type": "Feature", "properties": { "fid": 63010, "OBJECTID": 6158668, "Lannr": "23", "Lan": "JÄMTLANDS LÄN", "Kommunnr": "2305", "Kommun": "BRÄCKE", "ArendeAr": 2025, "Beteckn": "A 62625-2025", "Avverktyp": "Avverkning för annat ändamål", "Andamal": "Annan väg", "Inkomdatum": "2025-12-17T08:16:54", "AnmaldHa": 1.0, "ArendeStatus": "Anmält för avverkning", "AvverkningsanmalanKlass": "Avverkningsamalan", "Weeks": 40, "Naturvarden_Datinv": "1995-10-26", "Naturvarden_Area": 0.7, "Naturvarden_Hektar_calc": 5.0, "Naturvarden_Beteckn": "N 11796-1995", "Naturvarden_area(%)": 15, "Bolag": "-", "N": 6982467, "E": 524743, "URL": "https:\/\/kartor.skogsstyrelsen.se\/kartor\/?startapp=skogligagrunddata&x=6982467&y=524743&scale=7000&bg=Karta" }, "geometry": { "type": "Polygon", "coordinates": [ [ [ 15.4844, 62.9701 ], [ 15.487, 62.9709 ], [ 15.4889, 62.9716 ], [ 15.4914, 62.9718 ], [ 15.4927, 62.9714 ], [ 15.493, 62.9717 ], [ 15.4907, 62.9719 ], [ 15.49, 62.9717 ], [ 15.4887, 62.9717 ], [ 15.4845, 62.9703 ], [ 15.4825, 62.9706 ], [ 15.4844, 62.9701 ] ] ] } },
{ "type": "Feature", "properties": { "fid": 73029, "OBJECTID": 6219142, "Lannr": "21", "Lan": "GÄVLEBORGS LÄN", "Kommunnr": "2161", "Kommun": "LJUSDAL", "ArendeAr": 2026, "Beteckn": "A 4803-2026", "Avverktyp": "Föryngringsavverkning", "Andamal": "Uppgift saknas", "Inkomdatum": "2026-01-26T00:00:00", "AnmaldHa": 3.0, "ArendeStatus": "Anmält för avverkning", "AvverkningsanmalanKlass": "Avverkningsamalan", "Weeks": 34, "Naturvarden_Datinv": "1995-10-27", "Naturvarden_Area": 0.8, "Naturvarden_Hektar_calc": 0.9, "Naturvarden_Beteckn": "N 11940-1995", "Naturvarden_area(%)": 91, "Bolag": "-", "N": 6835007, "E": 575536, "URL": "https:\/\/kartor.skogsstyrelsen.se\/kartor\/?startapp=skogligagrunddata&x=6835007&y=575536&scale=7000&bg=Karta" }, "geometry": { "type": "Polygon", "coordinates": [ [ [ 16.423, 61.6393 ], [ 16.4283, 61.6409 ], [ 16.4278, 61.6414 ], [ 16.4281, 61.6416 ], [ 16.428, 61.6422 ], [ 16.4283, 61.6424 ], [ 16.428, 61.6431 ], [ 16.4267, 61.6425 ], [ 16.4262, 61.6417 ], [ 16.4245, 61.641 ], [ 16.4237, 61.6409 ], [ 16.4219, 61.6401 ], [ 16.421, 61.6401 ], [ 16.423, 61.6393 ] ] ] } },
{ "type": "Feature", "properties": { "fid": 79186, "OBJECTID": 6430818, "Lannr": "21", "Lan": "GÄVLEBORGS LÄN", "Kommunnr": "2180", "Kommun": "GÄVLE", "ArendeAr": 2026, "Beteckn": "A 15790-2026", "Avverktyp": "Föryngringsavverkning", "Andamal": "Uppgift saknas", "Inkomdatum": "2026-03-26T00:00:00", "AnmaldHa": 1.1, "ArendeStatus": "Anmält för avverkning", "AvverkningsanmalanKlass": "Avverkningsamalan", "Weeks": 26, "Naturvarden_Datinv": "1995-11-01", "Naturvarden_Area": 0.7, "Naturvarden_Hektar_calc": 4.4, "Naturvarden_Beteckn": "N 12204-1995", "Naturvarden_area(%)": 16, "Bolag": "BillerudKorsnäs AB", "N": 6746187, "E": 609354, "URL": "https:\/\/kartor.skogsstyrelsen.se\/kartor\/?startapp=skogligagrunddata&x=6746187&y=609354&scale=7000&bg=Karta" }, "geometry": { "type": "MultiPolygon", "coordinates": [ [ [ [ 17.012, 60.837 ], [ 17.0126, 60.8372 ], [ 17.0125, 60.8374 ], [ 17.0109, 60.8373 ], [ 17.0112, 60.8371 ], [ 17.012, 60.837 ] ] ], [ [ [ 17.0121, 60.8365 ], [ 17.013, 60.8369 ], [ 17.0128, 60.837 ], [ 17.0124, 60.8369 ], [ 17.0121, 60.8365 ] ] ], [ [ [ 17.0125, 60.8356 ], [ 17.0124, 60.836 ], [ 17.0118, 60.8359 ], [ 17.0114, 60.8362 ], [ 17.0111, 60.8362 ], [ 17.0116, 60.8357 ], [ 17.0125, 60.8356 ] ] ], [ [ [ 17.0125, 60.8348 ], [ 17.0129, 60.8348 ], [ 17.0129, 60.835 ], [ 17.0121, 60.8353 ], [ 17.01, 60.8355 ], [ 17.0097, 60.8351 ], [ 17.0114, 60.8353 ], [ 17.0119, 60.8352 ], [ 17.0121, 60.8348 ], [ 17.0125, 60.8348 ] ] ] ] } },
{ "type": "Feature", "properties": { "fid": 105549, "OBJECTID": 6475228, "Lannr": "17", "Lan": "VÄRMLANDS LÄN", "Kommunnr": "1765", "Kommun": "ÅRJÄNG", "ArendeAr": 2026, "Beteckn": "A 33242-2026", "Avverktyp": "Föryngringsavverkning", "Andamal": "Uppgift saknas", "Inkomdatum": "2026-08-12T11:00:28", "AnmaldHa": 0.9, "ArendeStatus": "Anmält för avverkning", "AvverkningsanmalanKlass": "NyAvverkningsanmalan", "Weeks": 6, "Naturvarden_Datinv": "1995-11-03", "Naturvarden_Area": 0.2, "Naturvarden_Hektar_calc": 5.8, "Naturvarden_Beteckn": "N 12342-1995", "Naturvarden_area(%)": 3, "Bolag": "-", "N": 6594131, "E": 318760, "URL": "https:\/\/kartor.skogsstyrelsen.se\/kartor\/?startapp=skogligagrunddata&x=6594131&y=318760&scale=7000&bg=Karta" }, "geometry": { "type": "Polygon", "coordinates": [ [ [ 11.8014, 59.4461 ], [ 11.805, 59.4465 ], [ 11.8049, 59.4469 ], [ 11.8013, 59.4466 ], [ 11.8014, 59.4461 ] ] ] } },
{ "type": "Feature", "properties": { "fid": 127622, "OBJECTID": 6511640, "Lannr": "17", "Lan": "VÄRMLANDS LÄN", "Kommunnr": "1765", "Kommun": "ÅRJÄNG", "ArendeAr": 2026, "Beteckn": "A 32633-2026", "Avverktyp": "Föryngringsavverkning", "Andamal": "Uppgift saknas", "Inkomdatum": "2026-08-06T13:06:12", "AnmaldHa": 1.6, "ArendeStatus": "Anmält för avverkning", "AvverkningsanmalanKlass": "Avverkningsamalan", "Weeks": 7, "Naturvarden_Datinv": "1995-11-03", "Naturvarden_Area": 0.1, "Naturvarden_Hektar_calc": 5.8, "Naturvarden_Beteckn": "N 12342-1995", "Naturvarden_area(%)": 2, "Bolag": "-", "N": 6594031, "E": 318735, "URL": "https:\/\/kartor.skogsstyrelsen.se\/kartor\/?startapp=skogligagrunddata&x=6594031&y=318735&scale=7000&bg=Karta" }, "geometry": { "type": "MultiPolygon", "coordinates": [ [ [ [ 11.8014, 59.4458 ], [ 11.805, 59.4462 ], [ 11.8049, 59.4465 ], [ 11.8014, 59.4461 ], [ 11.8014, 59.4458 ] ] ], [ [ [ 11.8017, 59.4446 ], [ 11.8027, 59.4447 ], [ 11.803, 59.4451 ], [ 11.8032, 59.445 ], [ 11.8029, 59.4456 ], [ 11.8015, 59.4455 ], [ 11.8017, 59.4446 ] ] ] ] } },
{ "type": "Feature", "properties": { "fid": 117150, "OBJECTID": 6495920, "Lannr": "17", "Lan": "VÄRMLANDS LÄN", "Kommunnr": "1765", "Kommun": "ÅRJÄNG", "ArendeAr": 2026, "Beteckn": "A 36008-2026", "Avverktyp": "Föryngringsavverkning", "Andamal": "Uppgift saknas", "Inkomdatum": "2026-09-01T16:12:09", "AnmaldHa": 6.5, "ArendeStatus": "Anmält för avverkning", "AvverkningsanmalanKlass": "NyAvverkningsanmalan", "Weeks": 3, "Naturvarden_Datinv": "1995-11-06", "Naturvarden_Area": 0.7, "Naturvarden_Hektar_calc": 2.0, "Naturvarden_Beteckn": "N 12394-1995", "Naturvarden_area(%)": 37, "Bolag": "-", "N": 6597237, "E": 319437, "URL": "https:\/\/kartor.skogsstyrelsen.se\/kartor\/?startapp=skogligagrunddata&x=6597237&y=319437&scale=7000&bg=Karta" }, "geometry": { "type": "Polygon", "coordinates": [ [ [ 11.805, 59.4738 ], [ 11.8185, 59.4747 ], [ 11.8192, 59.4753 ], [ 11.8166, 59.4754 ], [ 11.8067, 59.4747 ], [ 11.8066, 59.4745 ], [ 11.8069, 59.4742 ], [ 11.8067, 59.474 ], [ 11.8059, 59.474 ], [ 11.8051, 59.4745 ], [ 11.8048, 59.4745 ], [ 11.805, 59.4738 ] ] ] } },
{ "type": "Feature", "properties": { "fid": 47777, "OBJECTID": 6281093, "Lannr": "20", "Lan": "DALARNAS LÄN", "Kommunnr": "2080", "Kommun": "FALUN", "ArendeAr": 2026, "Beteckn": "A 17252-2026", "Avverktyp": "Föryngringsavverkning", "Andamal": "Uppgift saknas", "Inkomdatum": "2026-04-07T10:45:17", "AnmaldHa": 88.9, "ArendeStatus": "Anmält för avverkning", "AvverkningsanmalanKlass": "Avverkningsamalan", "Weeks": 24, "Naturvarden_Datinv": "1995-11-09", "Naturvarden_Area": 0.1, "Naturvarden_Hektar_calc": 2.2, "Naturvarden_Beteckn": "N 12579-1995", "Naturvarden_area(%)": 4, "Bolag": "-", "N": 6738094, "E": 571477, "URL": "https:\/\/kartor.skogsstyrelsen.se\/kartor\/?startapp=skogligagrunddata&x=6738094&y=571477&scale=7000&bg=Karta" }, "geometry": { "type": "Polygon", "coordinates": [ [ [ 16.3145, 60.7607 ], [ 16.3164, 60.7831 ], [ 16.31, 60.7832 ], [ 16.3079, 60.7608 ], [ 16.3145, 60.7607 ] ] ] } },
{ "type": "Feature", "properties": { "fid": 77217, "OBJECTID": 6233284, "Lannr": "20", "Lan": "DALARNAS LÄN", "Kommunnr": "2039", "Kommun": "ÄLVDALEN", "ArendeAr": 2026, "Beteckn": "A 7782-2026", "Avverktyp": "Föryngringsavverkning", "Andamal": "Uppgift saknas", "Inkomdatum": "2026-02-09T13:53:02", "AnmaldHa": 5.0, "ArendeStatus": "Anmält för avverkning", "AvverkningsanmalanKlass": "Avverkningsamalan", "Weeks": 32, "Naturvarden_Datinv": "1995-11-24", "Naturvarden_Area": 2.6, "Naturvarden_Hektar_calc": 3.3, "Naturvarden_Beteckn": "N 13123-1995", "Naturvarden_area(%)": 79, "Bolag": "-", "N": 6808171, "E": 443270, "URL": "https:\/\/kartor.skogsstyrelsen.se\/kartor\/?startapp=skogligagrunddata&x=6808171&y=443270&scale=7000&bg=Karta" }, "geometry": { "type": "MultiPolygon", "coordinates": [ [ [ [ 13.939, 61.4031 ], [ 13.9385, 61.4036 ], [ 13.9387, 61.4042 ], [ 13.9378, 61.4047 ], [ 13.9372, 61.4045 ], [ 13.9365, 61.4049 ], [ 13.9366, 61.4053 ], [ 13.9356, 61.4054 ], [ 13.935, 61.4046 ], [ 13.9364, 61.4042 ], [ 13.9372, 61.4034 ], [ 13.939, 61.4031 ] ] ], [ [ [ 13.9364, 61.4023 ], [ 13.9375, 61.4027 ], [ 13.9374, 61.4029 ], [ 13.9368, 61.4031 ], [ 13.937, 61.4032 ], [ 13.9366, 61.4036 ], [ 13.9362, 61.4039 ], [ 13.9359, 61.4039 ], [ 13.9362, 61.4035 ], [ 13.9358, 61.4034 ], [ 13.9345, 61.4034 ], [ 13.9357, 61.4023 ], [ 13.9364, 61.4023 ] ] ], [ [ [ 13.9408, 61.4022 ], [ 13.9407, 61.403 ], [ 13.9391, 61.4032 ], [ 13.9398, 61.4031 ], [ 13.9391, 61.4031 ], [ 13.9401, 61.4026 ], [ 13.9403, 61.4022 ], [ 13.9408, 61.4022 ] ] ], [ [ [ 13.9394, 61.4012 ], [ 13.9406, 61.4019 ], [ 13.9395, 61.4028 ], [ 13.9388, 61.4029 ], [ 13.9389, 61.4026 ], [ 13.9387, 61.4025 ], [ 13.9379, 61.4026 ], [ 13.9384, 61.402 ], [ 13.9387, 61.402 ], [ 13.9391, 61.4017 ], [ 13.939, 61.4015 ], [ 13.9394, 61.4012 ] ] ] ] } },
{ "type": "Feature", "properties": { "fid": 77878, "OBJECTID": 6234485, "Lannr": "20", "Lan": "DALARNAS LÄN", "Kommunnr": "2039", "Kommun": "ÄLVDALEN", "ArendeAr": 2026, "Beteckn": "A 7784-2026", "Avverktyp": "Föryngringsavverkning", "Andamal": "Uppgift saknas", "Inkomdatum": "2026-02-09T14:00:33", "AnmaldHa": 0.9, "ArendeStatus": "Anmält för avverkning", "AvverkningsanmalanKlass": "Avverkningsamalan", "Weeks": 32, "Naturvarden_Datinv": "1995-11-24", "Naturvarden_Area": 0.1, "Naturvarden_Hektar_calc": 0.9, "Naturvarden_Beteckn": "N 13139-1995", "Naturvarden_area(%)": 16, "Bolag": "-", "N": 6807118, "E": 444243, "URL": "https:\/\/kartor.skogsstyrelsen.se\/kartor\/?startapp=skogligagrunddata&x=6807118&y=444243&scale=7000&bg=Karta" }, "geometry": { "type": "Polygon", "coordinates": [ [ [ 13.9556, 61.3934 ], [ 13.9559, 61.3936 ], [ 13.9561, 61.3935 ], [ 13.957, 61.3937 ], [ 13.9572, 61.3936 ], [ 13.9574, 61.3939 ], [ 13.9562, 61.3945 ], [ 13.9557, 61.3945 ], [ 13.955, 61.3943 ], [ 13.9555, 61.3937 ], [ 13.9552, 61.3935 ], [ 13.9556, 61.3934 ] ] ] } },
{ "type": "Feature", "properties": { "fid": 75270, "OBJECTID": 6224940, "Lannr": "17", "Lan": "VÄRMLANDS LÄN", "Kommunnr": "1784", "Kommun": "ARVIKA", "ArendeAr": 2025, "Beteckn": "A 48676-2025", "Avverktyp": "Föryngringsavverkning", "Andamal": "Uppgift saknas", "Inkomdatum": "2025-10-05T00:00:00", "AnmaldHa": 9.0, "ArendeStatus": "Anmält för avverkning", "AvverkningsanmalanKlass": "Avverkningsamalan", "Weeks": 50, "Naturvarden_Datinv": "1996-02-23", "Naturvarden_Area": 1.0, "Naturvarden_Hektar_calc": 2.4, "Naturvarden_Beteckn": "N 541-1996", "Naturvarden_area(%)": 40, "Bolag": "-", "N": 6613244, "E": 356751, "URL": "https:\/\/kartor.skogsstyrelsen.se\/kartor\/?startapp=skogligagrunddata&x=6613244&y=356751&scale=7000&bg=Karta" }, "geometry": { "type": "MultiPolygon", "coordinates": [ [ [ [ 12.4599, 59.6328 ], [ 12.4611, 59.6341 ], [ 12.4587, 59.6358 ], [ 12.4575, 59.6336 ], [ 12.4581, 59.6333 ], [ 12.4599, 59.6328 ] ] ], [ [ [ 12.4602, 59.6298 ], [ 12.4625, 59.6321 ], [ 12.459, 59.6329 ], [ 12.4575, 59.6329 ], [ 12.4569, 59.6327 ], [ 12.4566, 59.632 ], [ 12.4598, 59.6314 ], [ 12.4586, 59.6302 ], [ 12.4602, 59.6298 ] ] ] ] } },
{ "type": "Feature", "properties": { "fid": 65464, "OBJECTID": 6168256, "Lannr": "01", "Lan": "STOCKHOLMS LÄN", "Kommunnr": "0115", "Kommun": "VALLENTUNA", "ArendeAr": 2025, "Beteckn": "A 63539-2025", "Avverktyp": "Föryngringsavverkning", "Andamal": "Uppgift saknas", "Inkomdatum": "2025-12-22T14:07:04", "AnmaldHa": 1.1, "ArendeStatus": "Anmält för avverkning", "AvverkningsanmalanKlass": "Avverkningsamalan", "Weeks": 39, "Naturvarden_Datinv": "1996-02-28", "Naturvarden_Area": 0.8, "Naturvarden_Hektar_calc": 1.2, "Naturvarden_Beteckn": "N 567-1996", "Naturvarden_area(%)": 67, "Bolag": "Övriga (HB, KB, gemensamhetsskogar", "N": 6608754, "E": 689829, "URL": "https:\/\/kartor.skogsstyrelsen.se\/kartor\/?startapp=skogligagrunddata&x=6608754&y=689829&scale=7000&bg=Karta" }, "geometry": { "type": "Polygon", "coordinates": [ [ [ 18.3615, 59.5729 ], [ 18.3617, 59.5734 ], [ 18.3623, 59.5737 ], [ 18.3614, 59.5744 ], [ 18.3606, 59.5746 ], [ 18.3607, 59.5744 ], [ 18.36, 59.5741 ], [ 18.3601, 59.574 ], [ 18.3615, 59.5729 ] ] ] } },
{ "type": "Feature", "properties": { "fid": 107715, "OBJECTID": 6478479, "Lannr": "14", "Lan": "VÄSTRA GÖTALANDS LÄN", "Kommunnr": "1471", "Kommun": "GÖTENE", "ArendeAr": 2026, "Beteckn": "A 20507-2026", "Avverktyp": "Föryngringsavverkning", "Andamal": "Uppgift saknas", "Inkomdatum": "2026-04-28T12:47:00", "AnmaldHa": 1.4, "ArendeStatus": "Anmält för avverkning", "AvverkningsanmalanKlass": "Avverkningsamalan", "Weeks": 21, "Naturvarden_Datinv": "1996-03-27", "Naturvarden_Area": 1.2, "Naturvarden_Hektar_calc": 12.9, "Naturvarden_Beteckn": "N 909-1996", "Naturvarden_area(%)": 9, "Bolag": "-", "N": 6503495, "E": 412915, "URL": "https:\/\/kartor.skogsstyrelsen.se\/kartor\/?startapp=skogligagrunddata&x=6503495&y=412915&scale=7000&bg=Karta" }, "geometry": { "type": "Polygon", "coordinates": [ [ [ 13.4991, 58.6623 ], [ 13.4997, 58.6625 ], [ 13.4998, 58.6639 ], [ 13.4995, 58.6636 ], [ 13.4977, 58.6633 ], [ 13.4976, 58.6624 ], [ 13.4991, 58.6623 ] ] ] } },
{ "type": "Feature", "properties": { "fid": 36846, "OBJECTID": 6261105, "Lannr": "17", "Lan": "VÄRMLANDS LÄN", "Kommunnr": "1785", "Kommun": "SÄFFLE", "ArendeAr": 2026, "Beteckn": "A 13051-2026", "Avverktyp": "Föryngringsavverkning", "Andamal": "Uppgift saknas", "Inkomdatum": "2026-03-12T08:03:11", "AnmaldHa": 11.2, "ArendeStatus": "Anmält för avverkning", "AvverkningsanmalanKlass": "Avverkningsamalan", "Weeks": 28, "Naturvarden_Datinv": "1996-04-03", "Naturvarden_Area": 9.7, "Naturvarden_Hektar_calc": 27.2, "Naturvarden_Beteckn": "N 1015-1996", "Naturvarden_area(%)": 36, "Bolag": "-", "N": 6545381, "E": 398668, "URL": "https:\/\/kartor.skogsstyrelsen.se\/kartor\/?startapp=skogligagrunddata&x=6545381&y=398668&scale=7000&bg=Karta" }, "geometry": { "type": "Polygon", "coordinates": [ [ [ 13.2336, 59.0341 ], [ 13.2348, 59.0345 ], [ 13.2363, 59.0347 ], [ 13.2368, 59.0352 ], [ 13.2373, 59.0353 ], [ 13.2379, 59.035 ], [ 13.2379, 59.0347 ], [ 13.2384, 59.0347 ], [ 13.239, 59.0344 ], [ 13.2392, 59.0345 ], [ 13.2375, 59.0366 ], [ 13.2368, 59.0367 ], [ 13.2361, 59.0371 ], [ 13.2334, 59.0376 ], [ 13.233, 59.0372 ], [ 13.2322, 59.0368 ], [ 13.2319, 59.0364 ], [ 13.231, 59.0365 ], [ 13.2294, 59.0362 ], [ 13.229, 59.036 ], [ 13.2291, 59.0358 ], [ 13.2296, 59.0356 ], [ 13.2305, 59.0355 ], [ 13.2306, 59.0356 ], [ 13.2319, 59.0354 ], [ 13.2328, 59.0342 ], [ 13.2336, 59.0341 ] ] ] } },
{ "type": "Feature", "properties": { "fid": 35689, "OBJECTID": 6258108, "Lannr": "17", "Lan": "VÄRMLANDS LÄN", "Kommunnr": "1785", "Kommun": "SÄFFLE", "ArendeAr": 2026, "Beteckn": "A 12563-2026", "Avverktyp": "Föryngringsavverkning", "Andamal": "Uppgift saknas", "Inkomdatum": "2026-03-09T15:33:12", "AnmaldHa": 2.3, "ArendeStatus": "Anmält för avverkning", "AvverkningsanmalanKlass": "Avverkningsamalan", "Weeks": 28, "Naturvarden_Datinv": "1996-04-03", "Naturvarden_Area": 9.7, "Naturvarden_Hektar_calc": 27.2, "Naturvarden_Beteckn": "N 1015-1996", "Naturvarden_area(%)": 36, "Bolag": "-", "N": 6545137, "E": 398710, "URL": "https:\/\/kartor.skogsstyrelsen.se\/kartor\/?startapp=skogligagrunddata&x=6545137&y=398710&scale=7000&bg=Karta" }, "geometry": { "type": "Polygon", "coordinates": [ [ [ 13.2343, 59.0326 ], [ 13.2358, 59.0327 ], [ 13.2359, 59.0332 ], [ 13.2364, 59.0333 ], [ 13.2359, 59.0339 ], [ 13.2363, 59.0347 ], [ 13.2348, 59.0345 ], [ 13.2344, 59.0342 ], [ 13.2335, 59.0341 ], [ 13.2345, 59.0335 ], [ 13.2341, 59.0328 ], [ 13.2343, 59.0326 ] ] ] } },
{ "type": "Feature", "properties": { "fid": 53646, "OBJECTID": 6134840, "Lannr": "17", "Lan": "VÄRMLANDS LÄN", "Kommunnr": "1785", "Kommun": "SÄFFLE", "ArendeAr": 2025, "Beteckn": "A 56684-2025", "Avverktyp": "Avverkning för annat ändamål", "Andamal": "Åker", "Inkomdatum": "2025-11-14T00:00:00", "AnmaldHa": 4.2, "ArendeStatus": "Anmält för avverkning", "AvverkningsanmalanKlass": "Avverkningsamalan", "Weeks": 45, "Naturvarden_Datinv": "1996-04-03", "Naturvarden_Area": 1.2, "Naturvarden_Hektar_calc": 1.7, "Naturvarden_Beteckn": "N 1041-1996", "Naturvarden_area(%)": 70, "Bolag": "-", "N": 6545418, "E": 393489, "URL": "https:\/\/kartor.skogsstyrelsen.se\/kartor\/?startapp=skogligagrunddata&x=6545418&y=393489&scale=7000&bg=Karta" }, "geometry": { "type": "Polygon", "coordinates": [ [ [ 13.1459, 59.0337 ], [ 13.1468, 59.0355 ], [ 13.1444, 59.0359 ], [ 13.1439, 59.0358 ], [ 13.1438, 59.0353 ], [ 13.1435, 59.0351 ], [ 13.1427, 59.0352 ], [ 13.1421, 59.035 ], [ 13.1409, 59.035 ], [ 13.1406, 59.0347 ], [ 13.1399, 59.035 ], [ 13.1396, 59.0349 ], [ 13.1396, 59.0348 ], [ 13.144, 59.0341 ], [ 13.1442, 59.0347 ], [ 13.1446, 59.0349 ], [ 13.1451, 59.0349 ], [ 13.1455, 59.0342 ], [ 13.1454, 59.0338 ], [ 13.1459, 59.0337 ] ] ] } },
{ "type": "Feature", "properties": { "fid": 126469, "OBJECTID": 6508939, "Lannr": "17", "Lan": "VÄRMLANDS LÄN", "Kommunnr": "1785", "Kommun": "SÄFFLE", "ArendeAr": 2026, "Beteckn": "A 16802-2026", "Avverktyp": "Föryngringsavverkning", "Andamal": "Uppgift saknas", "Inkomdatum": "2026-04-01T00:00:00", "AnmaldHa": 16.0, "ArendeStatus": "Anmält för avverkning", "AvverkningsanmalanKlass": "Avverkningsamalan", "Weeks": 25, "Naturvarden_Datinv": "1996-04-04", "Naturvarden_Area": 0.9, "Naturvarden_Hektar_calc": 11.0, "Naturvarden_Beteckn": "N 1083-1996", "Naturvarden_area(%)": 8, "Bolag": "-", "N": 6549813, "E": 397248, "URL": "https:\/\/kartor.skogsstyrelsen.se\/kartor\/?startapp=skogligagrunddata&x=6549813&y=397248&scale=7000&bg=Karta" }, "geometry": { "type": "Polygon", "coordinates": [ [ [ 13.2027, 59.073 ], [ 13.2044, 59.0734 ], [ 13.2063, 59.0742 ], [ 13.2073, 59.0743 ], [ 13.2083, 59.0747 ], [ 13.2098, 59.0747 ], [ 13.2106, 59.0755 ], [ 13.2134, 59.0756 ], [ 13.2152, 59.076 ], [ 13.2153, 59.0762 ], [ 13.2164, 59.0764 ], [ 13.214, 59.0772 ], [ 13.213, 59.0773 ], [ 13.1987, 59.0744 ], [ 13.199, 59.0742 ], [ 13.2002, 59.074 ], [ 13.2017, 59.0741 ], [ 13.2022, 59.0731 ], [ 13.2027, 59.073 ] ] ] } },
{ "type": "Feature", "properties": { "fid": 43470, "OBJECTID": 6105518, "Lannr": "17", "Lan": "VÄRMLANDS LÄN", "Kommunnr": "1785", "Kommun": "SÄFFLE", "ArendeAr": 2025, "Beteckn": "A 50089-2025", "Avverktyp": "Föryngringsavverkning", "Andamal": "Uppgift saknas", "Inkomdatum": "2025-10-13T00:00:00", "AnmaldHa": 10.3, "ArendeStatus": "Anmält för avverkning", "AvverkningsanmalanKlass": "Avverkningsamalan", "Weeks": 49, "Naturvarden_Datinv": "1996-04-06", "Naturvarden_Area": 0.7, "Naturvarden_Hektar_calc": 5.1, "Naturvarden_Beteckn": "N 1112-1996", "Naturvarden_area(%)": 13, "Bolag": "-", "N": 6551144, "E": 395266, "URL": "https:\/\/kartor.skogsstyrelsen.se\/kartor\/?startapp=skogligagrunddata&x=6551144&y=395266&scale=7000&bg=Karta" }, "geometry": { "type": "Polygon", "coordinates": [ [ [ 13.1689, 59.0853 ], [ 13.1786, 59.0866 ], [ 13.1785, 59.0871 ], [ 13.1741, 59.0872 ], [ 13.1739, 59.0876 ], [ 13.1735, 59.0878 ], [ 13.1734, 59.0883 ], [ 13.1705, 59.0882 ], [ 13.1694, 59.088 ], [ 13.1704, 59.0875 ], [ 13.1702, 59.0872 ], [ 13.1698, 59.087 ], [ 13.1686, 59.0871 ], [ 13.1673, 59.0858 ], [ 13.1688, 59.0857 ], [ 13.1689, 59.0853 ] ] ] } },
{ "type": "Feature", "properties": { "fid": 48514, "OBJECTID": 6124378, "Lannr": "22", "Lan": "VÄSTERNORRLANDS LÄN", "Kommunnr": "2282", "Kommun": "KRAMFORS", "ArendeAr": 2025, "Beteckn": "A 54273-2025", "Avverktyp": "Föryngringsavverkning", "Andamal": "Uppgift saknas", "Inkomdatum": "2025-11-03T16:17:11", "AnmaldHa": 1.0, "ArendeStatus": "Anmält för avverkning", "AvverkningsanmalanKlass": "Avverkningsamalan", "Weeks": 46, "Naturvarden_Datinv": "1996-04-22", "Naturvarden_Area": 1.1, "Naturvarden_Hektar_calc": 2.5, "Naturvarden_Beteckn": "N 1642-1996", "Naturvarden_area(%)": 46, "Bolag": "-", "N": 6980867, "E": 649535, "URL": "https:\/\/kartor.skogsstyrelsen.se\/kartor\/?startapp=skogligagrunddata&x=6980867&y=649535&scale=7000&bg=Karta" }, "geometry": { "type": "Polygon", "coordinates": [ [ [ 17.9452, 62.926 ], [ 17.9456, 62.9261 ], [ 17.9462, 62.9268 ], [ 17.9468, 62.9269 ], [ 17.9466, 62.9274 ], [ 17.9462, 62.9275 ], [ 17.9459, 62.9275 ], [ 17.9456, 62.9272 ], [ 17.9452, 62.9274 ], [ 17.9445, 62.9269 ], [ 17.9437, 62.9268 ], [ 17.9444, 62.9265 ], [ 17.9451, 62.9267 ], [ 17.9455, 62.9266 ], [ 17.9452, 62.926 ] ] ] } },
{ "type": "Feature", "properties": { "fid": 36304, "OBJECTID": 6259013, "Lannr": "17", "Lan": "VÄRMLANDS LÄN", "Kommunnr": "1785", "Kommun": "SÄFFLE", "ArendeAr": 2026, "Beteckn": "A 12473-2026", "Avverktyp": "Föryngringsavverkning", "Andamal": "Uppgift saknas", "Inkomdatum": "2026-03-09T00:00:00", "AnmaldHa": 6.5, "ArendeStatus": "Anmält för avverkning", "AvverkningsanmalanKlass": "Avverkningsamalan", "Weeks": 28, "Naturvarden_Datinv": "1996-04-24", "Naturvarden_Area": 3.0, "Naturvarden_Hektar_calc": 3.5, "Naturvarden_Beteckn": "N 1712-1996", "Naturvarden_area(%)": 86, "Bolag": "-", "N": 6543731, "E": 388965, "URL": "https:\/\/kartor.skogsstyrelsen.se\/kartor\/?startapp=skogligagrunddata&x=6543731&y=388965&scale=7000&bg=Karta" }, "geometry": { "type": "Polygon", "coordinates": [ [ [ 13.0649, 59.0163 ], [ 13.0652, 59.0165 ], [ 13.0668, 59.0169 ], [ 13.0673, 59.0172 ], [ 13.0676, 59.0181 ], [ 13.0676, 59.0182 ], [ 13.0669, 59.0183 ], [ 13.0666, 59.0187 ], [ 13.0654, 59.0191 ], [ 13.0652, 59.0197 ], [ 13.0661, 59.02 ], [ 13.0662, 59.0197 ], [ 13.0666, 59.0197 ], [ 13.0667, 59.0193 ], [ 13.0671, 59.0192 ], [ 13.0678, 59.0196 ], [ 13.068, 59.0195 ], [ 13.068, 59.0189 ], [ 13.0684, 59.0189 ], [ 13.069, 59.0205 ], [ 13.068, 59.0208 ], [ 13.0666, 59.0201 ], [ 13.0661, 59.0203 ], [ 13.0653, 59.02 ], [ 13.0644, 59.0202 ], [ 13.0639, 59.0201 ], [ 13.0636, 59.0198 ], [ 13.0656, 59.0186 ], [ 13.0654, 59.0177 ], [ 13.0635, 59.0175 ], [ 13.0636, 59.017 ], [ 13.0643, 59.0168 ], [ 13.0649, 59.0163 ] ] ] } },
{ "type": "Feature", "properties": { "fid": 38282, "OBJECTID": 6087963, "Lannr": "17", "Lan": "VÄRMLANDS LÄN", "Kommunnr": "1785", "Kommun": "SÄFFLE", "ArendeAr": 2025, "Beteckn": "A 46391-2025", "Avverktyp": "Avverkning för annat ändamål", "Andamal": "Bete", "Inkomdatum": "2025-09-25T00:00:00", "AnmaldHa": 2.2, "ArendeStatus": "Anmält för avverkning", "AvverkningsanmalanKlass": "Avverkningsamalan", "Weeks": 52, "Naturvarden_Datinv": "1996-04-25", "Naturvarden_Area": 0.8, "Naturvarden_Hektar_calc": 0.8, "Naturvarden_Beteckn": "N 1820-1996", "Naturvarden_area(%)": 99, "Bolag": "-", "N": 6559987, "E": 394485, "URL": "https:\/\/kartor.skogsstyrelsen.se\/kartor\/?startapp=skogligagrunddata&x=6559987&y=394485&scale=7000&bg=Karta" }, "geometry": { "type": "Polygon", "coordinates": [ [ [ 13.1544, 59.1652 ], [ 13.1556, 59.1653 ], [ 13.1559, 59.1657 ], [ 13.156, 59.167 ], [ 13.1556, 59.1671 ], [ 13.1542, 59.1662 ], [ 13.1536, 59.1661 ], [ 13.1529, 59.1661 ], [ 13.1521, 59.1658 ], [ 13.1516, 59.1659 ], [ 13.1514, 59.1657 ], [ 13.1516, 59.1655 ], [ 13.1524, 59.1654 ], [ 13.1543, 59.1658 ], [ 13.1541, 59.1654 ], [ 13.1544, 59.1652 ] ] ] } },
{ "type": "Feature", "properties": { "fid": 124612, "OBJECTID": 6502783, "Lannr": "17", "Lan": "VÄRMLANDS LÄN", "Kommunnr": "1764", "Kommun": "GRUMS", "ArendeAr": 2026, "Beteckn": "A 37243-2026", "Avverktyp": "Föryngringsavverkning", "Andamal": "Uppgift saknas", "Inkomdatum": "2026-09-09T14:17:13", "AnmaldHa": 13.9, "ArendeStatus": "Anmält för avverkning", "AvverkningsanmalanKlass": "NyAvverkningsanmalan", "Weeks": 2, "Naturvarden_Datinv": "1996-05-20", "Naturvarden_Area": 1.0, "Naturvarden_Hektar_calc": 1.1, "Naturvarden_Beteckn": "N 2913-1996", "Naturvarden_area(%)": 92, "Bolag": "-", "N": 6595567, "E": 378418, "URL": "https:\/\/kartor.skogsstyrelsen.se\/kartor\/?startapp=skogligagrunddata&x=6595567&y=378418&scale=7000&bg=Karta" }, "geometry": { "type": "Polygon", "coordinates": [ [ [ 12.8552, 59.4783 ], [ 12.8566, 59.4796 ], [ 12.8581, 59.4796 ], [ 12.8586, 59.4798 ], [ 12.8584, 59.4801 ], [ 12.859, 59.4816 ], [ 12.8588, 59.4819 ], [ 12.8537, 59.4824 ], [ 12.8524, 59.4814 ], [ 12.8517, 59.4812 ], [ 12.8497, 59.4814 ], [ 12.8502, 59.4818 ], [ 12.8499, 59.4821 ], [ 12.8487, 59.482 ], [ 12.8484, 59.4816 ], [ 12.8459, 59.4815 ], [ 12.8461, 59.482 ], [ 12.8451, 59.4821 ], [ 12.8448, 59.4813 ], [ 12.8454, 59.4809 ], [ 12.8465, 59.481 ], [ 12.8468, 59.4807 ], [ 12.8477, 59.4807 ], [ 12.849, 59.4805 ], [ 12.8499, 59.4806 ], [ 12.8535, 59.4808 ], [ 12.8548, 59.4798 ], [ 12.8549, 59.4796 ], [ 12.8543, 59.4795 ], [ 12.8541, 59.4792 ], [ 12.8548, 59.4791 ], [ 12.8545, 59.4786 ], [ 12.8552, 59.4783 ] ] ] } },
{ "type": "Feature", "properties": { "fid": 115143, "OBJECTID": 6489258, "Lannr": "20", "Lan": "DALARNAS LÄN", "Kommunnr": "2081", "Kommun": "BORLÄNGE", "ArendeAr": 2026, "Beteckn": "A 31096-2026", "Avverktyp": "Föryngringsavverkning", "Andamal": "Uppgift saknas", "Inkomdatum": "2026-07-13T11:37:12", "AnmaldHa": 4.7, "ArendeStatus": "Anmält för avverkning", "AvverkningsanmalanKlass": "Avverkningsamalan", "Weeks": 10, "Naturvarden_Datinv": "1996-05-21", "Naturvarden_Area": 0.3, "Naturvarden_Hektar_calc": 7.1, "Naturvarden_Beteckn": "N 3029-1996", "Naturvarden_area(%)": 4, "Bolag": "-", "N": 6697267, "E": 511374, "URL": "https:\/\/kartor.skogsstyrelsen.se\/kartor\/?startapp=skogligagrunddata&x=6697267&y=511374&scale=7000&bg=Karta" }, "geometry": { "type": "MultiPolygon", "coordinates": [ [ [ [ 15.2069, 60.4131 ], [ 15.2069, 60.4131 ], [ 15.2069, 60.4131 ], [ 15.2069, 60.4131 ] ] ], [ [ [ 15.2078, 60.4095 ], [ 15.2076, 60.41 ], [ 15.208, 60.411 ], [ 15.2073, 60.4113 ], [ 15.2083, 60.4116 ], [ 15.209, 60.4122 ], [ 15.2073, 60.4125 ], [ 15.2074, 60.4127 ], [ 15.2069, 60.4128 ], [ 15.2069, 60.4131 ], [ 15.2039, 60.412 ], [ 15.2052, 60.4107 ], [ 15.2058, 60.411 ], [ 15.2065, 60.4106 ], [ 15.2065, 60.4103 ], [ 15.207, 60.4101 ], [ 15.2069, 60.4098 ], [ 15.2078, 60.4095 ] ] ] ] } },
{ "type": "Feature", "properties": { "fid": 77161, "OBJECTID": 6421130, "Lannr": "07", "Lan": "KRONOBERGS LÄN", "Kommunnr": "0761", "Kommun": "LESSEBO", "ArendeAr": 2026, "Beteckn": "A 22423-2026", "Avverktyp": "Avverkning för att bevara och utveckla \/försöksver", "Andamal": "bevara och utveckla natur- och kulturmiljövärden", "Inkomdatum": "2026-05-12T17:17:39", "AnmaldHa": 2.3, "ArendeStatus": "Anmält för avverkning", "AvverkningsanmalanKlass": "Avverkningsamalan", "Weeks": 19, "Naturvarden_Datinv": "1996-05-30", "Naturvarden_Area": 2.6, "Naturvarden_Hektar_calc": 6.9, "Naturvarden_Beteckn": "N 3509-1996", "Naturvarden_area(%)": 37, "Bolag": "-", "N": 6288445, "E": 510391, "URL": "https:\/\/kartor.skogsstyrelsen.se\/kartor\/?startapp=skogligagrunddata&x=6288445&y=510391&scale=7000&bg=Karta" }, "geometry": { "type": "Polygon", "coordinates": [ [ [ 15.1724, 56.7387 ], [ 15.1724, 56.7388 ], [ 15.1708, 56.7394 ], [ 15.1708, 56.7399 ], [ 15.1702, 56.7401 ], [ 15.1688, 56.7409 ], [ 15.1694, 56.7413 ], [ 15.1704, 56.7415 ], [ 15.1704, 56.7417 ], [ 15.1686, 56.7414 ], [ 15.1684, 56.7408 ], [ 15.169, 56.7404 ], [ 15.1688, 56.7395 ], [ 15.169, 56.7392 ], [ 15.1697, 56.739 ], [ 15.1706, 56.739 ], [ 15.1711, 56.7388 ], [ 15.1724, 56.7387 ] ] ] } },
{ "type": "Feature", "properties": { "fid": 86941, "OBJECTID": 6458577, "Lannr": "22", "Lan": "VÄSTERNORRLANDS LÄN", "Kommunnr": "2260", "Kommun": "ÅNGE", "ArendeAr": 2026, "Beteckn": "A 26267-2026", "Avverktyp": "Föryngringsavverkning", "Andamal": "Uppgift saknas", "Inkomdatum": "2026-06-09T12:45:42", "AnmaldHa": 15.3, "ArendeStatus": "Anmält för avverkning", "AvverkningsanmalanKlass": "Avverkningsamalan", "Weeks": 15, "Naturvarden_Datinv": "1996-05-31", "Naturvarden_Area": 0.1, "Naturvarden_Hektar_calc": 1.9, "Naturvarden_Beteckn": "N 3595-1996", "Naturvarden_area(%)": 5, "Bolag": "SCA", "N": 6924333, "E": 536268, "URL": "https:\/\/kartor.skogsstyrelsen.se\/kartor\/?startapp=skogligagrunddata&x=6924333&y=536268&scale=7000&bg=Karta" }, "geometry": { "type": "MultiPolygon", "coordinates": [ [ [ [ 15.7058, 62.4455 ], [ 15.704, 62.4522 ], [ 15.7024, 62.4523 ], [ 15.7021, 62.4521 ], [ 15.7021, 62.4516 ], [ 15.701, 62.4518 ], [ 15.7004, 62.4517 ], [ 15.7, 62.4518 ], [ 15.6996, 62.4517 ], [ 15.7, 62.4502 ], [ 15.7007, 62.4502 ], [ 15.7009, 62.4499 ], [ 15.7004, 62.4491 ], [ 15.7007, 62.4487 ], [ 15.7004, 62.4486 ], [ 15.7008, 62.4469 ], [ 15.7016, 62.4473 ], [ 15.7025, 62.447 ], [ 15.7027, 62.4471 ], [ 15.7032, 62.4467 ], [ 15.7028, 62.4463 ], [ 15.7058, 62.4455 ] ] ], [ [ [ 15.7011, 62.4446 ], [ 15.7022, 62.4447 ], [ 15.7028, 62.4452 ], [ 15.7059, 62.4447 ], [ 15.7058, 62.4454 ], [ 15.7006, 62.4468 ], [ 15.7011, 62.4446 ] ] ] ] } },
{ "type": "Feature", "properties": { "fid": 128344, "OBJECTID": 6513015, "Lannr": "07", "Lan": "KRONOBERGS LÄN", "Kommunnr": "0781", "Kommun": "LJUNGBY", "ArendeAr": 2026, "Beteckn": "A 37929-2026", "Avverktyp": "Föryngringsavverkning", "Andamal": "Uppgift saknas", "Inkomdatum": "2026-09-15T00:00:00", "AnmaldHa": 2.6, "ArendeStatus": "Anmält för avverkning", "AvverkningsanmalanKlass": "NyAvverkningsanmalan", "Weeks": 1, "Naturvarden_Datinv": "1996-05-31", "Naturvarden_Area": 0.1, "Naturvarden_Hektar_calc": 0.6, "Naturvarden_Beteckn": "N 3607-1996", "Naturvarden_area(%)": 14, "Bolag": "-", "N": 6282247, "E": 411051, "URL": "https:\/\/kartor.skogsstyrelsen.se\/kartor\/?startapp=skogligagrunddata&x=6282247&y=411051&scale=7000&bg=Karta" }, "geometry": { "type": "Polygon", "coordinates": [ [ [ 13.5482, 56.6748 ], [ 13.5486, 56.6753 ], [ 13.5482, 56.6754 ], [ 13.548, 56.6759 ], [ 13.5489, 56.676 ], [ 13.5497, 56.6752 ], [ 13.5505, 56.6752 ], [ 13.5505, 56.6755 ], [ 13.5498, 56.6761 ], [ 13.5481, 56.6768 ], [ 13.5469, 56.6764 ], [ 13.5465, 56.6756 ], [ 13.5482, 56.6748 ] ] ] } },
{ "type": "Feature", "properties": { "fid": 44202, "OBJECTID": 6108067, "Lannr": "06", "Lan": "JÖNKÖPINGS LÄN", "Kommunnr": "0617", "Kommun": "GNOSJÖ", "ArendeAr": 2025, "Beteckn": "A 50728-2025", "Avverktyp": "Föryngringsavverkning", "Andamal": "Uppgift saknas", "Inkomdatum": "2025-10-16T08:24:21", "AnmaldHa": 15.2, "ArendeStatus": "Anmält för avverkning", "AvverkningsanmalanKlass": "Avverkningsamalan", "Weeks": 49, "Naturvarden_Datinv": "1996-06-10", "Naturvarden_Area": 1.3, "Naturvarden_Hektar_calc": 11.2, "Naturvarden_Beteckn": "N 4319-1996", "Naturvarden_area(%)": 11, "Bolag": "-", "N": 6344914, "E": 428031, "URL": "https:\/\/kartor.skogsstyrelsen.se\/kartor\/?startapp=skogligagrunddata&x=6344914&y=428031&scale=7000&bg=Karta" }, "geometry": { "type": "Polygon", "coordinates": [ [ [ 13.7982, 57.2398 ], [ 13.8067, 57.24 ], [ 13.8061, 57.2401 ], [ 13.8063, 57.2404 ], [ 13.8058, 57.2405 ], [ 13.8063, 57.241 ], [ 13.8076, 57.241 ], [ 13.8086, 57.2411 ], [ 13.8115, 57.2413 ], [ 13.8134, 57.2424 ], [ 13.8145, 57.2426 ], [ 13.8152, 57.2439 ], [ 13.8067, 57.2426 ], [ 13.8058, 57.2415 ], [ 13.8037, 57.2413 ], [ 13.8004, 57.2407 ], [ 13.799, 57.2407 ], [ 13.7982, 57.2398 ] ] ] } },
{ "type": "Feature", "properties": { "fid": 76065, "OBJECTID": 6228073, "Lannr": "21", "Lan": "GÄVLEBORGS LÄN", "Kommunnr": "2121", "Kommun": "OVANÅKER", "ArendeAr": 2026, "Beteckn": "A 6175-2026", "Avverktyp": "Föryngringsavverkning", "Andamal": "Uppgift saknas", "Inkomdatum": "2026-02-02T00:00:00", "AnmaldHa": 2.8, "ArendeStatus": "Anmält för avverkning", "AvverkningsanmalanKlass": "Avverkningsamalan", "Weeks": 33, "Naturvarden_Datinv": "1996-06-14", "Naturvarden_Area": 0.7, "Naturvarden_Hektar_calc": 1.4, "Naturvarden_Beteckn": "N 4781-1996", "Naturvarden_area(%)": 48, "Bolag": "-", "N": 6806966, "E": 564437, "URL": "https:\/\/kartor.skogsstyrelsen.se\/kartor\/?startapp=skogligagrunddata&x=6806966&y=564437&scale=7000&bg=Karta" }, "geometry": { "type": "Polygon", "coordinates": [ [ [ 16.2061, 61.3893 ], [ 16.2083, 61.3916 ], [ 16.2077, 61.3915 ], [ 16.2071, 61.3917 ], [ 16.2067, 61.3922 ], [ 16.2046, 61.3925 ], [ 16.2044, 61.3922 ], [ 16.205, 61.3914 ], [ 16.2052, 61.3913 ], [ 16.2059, 61.3914 ], [ 16.2064, 61.3911 ], [ 16.2064, 61.3903 ], [ 16.2055, 61.39 ], [ 16.2061, 61.3893 ] ] ] } },
{ "type": "Feature", "properties": { "fid": 50236, "OBJECTID": 6129379, "Lannr": "06", "Lan": "JÖNKÖPINGS LÄN", "Kommunnr": "0662", "Kommun": "GISLAVED", "ArendeAr": 2025, "Beteckn": "A 54970-2025", "Avverktyp": "Föryngringsavverkning", "Andamal": "Uppgift saknas", "Inkomdatum": "2025-11-06T11:54:51", "AnmaldHa": 2.2, "ArendeStatus": "Anmält för avverkning", "AvverkningsanmalanKlass": "Avverkningsamalan", "Weeks": 46, "Naturvarden_Datinv": "1996-06-18", "Naturvarden_Area": 0.1, "Naturvarden_Hektar_calc": 9.3, "Naturvarden_Beteckn": "N 5004-1996", "Naturvarden_area(%)": 1, "Bolag": "-", "N": 6328601, "E": 413528, "URL": "https:\/\/kartor.skogsstyrelsen.se\/kartor\/?startapp=skogligagrunddata&x=6328601&y=413528&scale=7000&bg=Karta" }, "geometry": { "type": "Polygon", "coordinates": [ [ [ 13.5711, 57.0914 ], [ 13.5738, 57.0928 ], [ 13.5757, 57.0927 ], [ 13.575, 57.0933 ], [ 13.5742, 57.0933 ], [ 13.5714, 57.0928 ], [ 13.5711, 57.0925 ], [ 13.5711, 57.0914 ] ] ] } },
{ "type": "Feature", "properties": { "fid": 51663, "OBJECTID": 6289795, "Lannr": "06", "Lan": "JÖNKÖPINGS LÄN", "Kommunnr": "0682", "Kommun": "NÄSSJÖ", "ArendeAr": 2026, "Beteckn": "A 18609-2026", "Avverktyp": "Föryngringsavverkning", "Andamal": "Uppgift saknas", "Inkomdatum": "2026-04-15T15:49:26", "AnmaldHa": 0.6, "ArendeStatus": "Anmält för avverkning", "AvverkningsanmalanKlass": "Avverkningsamalan", "Weeks": 23, "Naturvarden_Datinv": "1996-06-18", "Naturvarden_Area": 0.2, "Naturvarden_Hektar_calc": 3.0, "Naturvarden_Beteckn": "N 5010-1996", "Naturvarden_area(%)": 7, "Bolag": "-", "N": 6365309, "E": 485809, "URL": "https:\/\/kartor.skogsstyrelsen.se\/kartor\/?startapp=skogligagrunddata&x=6365309&y=485809&scale=7000&bg=Karta" }, "geometry": { "type": "Polygon", "coordinates": [ [ [ 14.7634, 57.4297 ], [ 14.7642, 57.4301 ], [ 14.7644, 57.4305 ], [ 14.764, 57.4307 ], [ 14.7628, 57.4308 ], [ 14.7633, 57.4306 ], [ 14.7629, 57.43 ], [ 14.7634, 57.4297 ] ] ] } },
{ "type": "Feature", "properties": { "fid": 50149, "OBJECTID": 6129114, "Lannr": "07", "Lan": "KRONOBERGS LÄN", "Kommunnr": "0761", "Kommun": "LESSEBO", "ArendeAr": 2025, "Beteckn": "A 49295-2025", "Avverktyp": "Föryngringsavverkning", "Andamal": "Uppgift saknas", "Inkomdatum": "2025-10-08T12:51:48", "AnmaldHa": 7.4, "ArendeStatus": "Anmält för avverkning", "AvverkningsanmalanKlass": "Avverkningsamalan", "Weeks": 50, "Naturvarden_Datinv": "1996-06-19", "Naturvarden_Area": 0.3, "Naturvarden_Hektar_calc": 9.2, "Naturvarden_Beteckn": "N 5091-1996", "Naturvarden_area(%)": 3, "Bolag": "-", "N": 6291662, "E": 505231, "URL": "https:\/\/kartor.skogsstyrelsen.se\/kartor\/?startapp=skogligagrunddata&x=6291662&y=505231&scale=7000&bg=Karta" }, "geometry": { "type": "Polygon", "coordinates": [ [ [ 15.0852, 56.7672 ], [ 15.0854, 56.7676 ], [ 15.0869, 56.768 ], [ 15.0872, 56.7678 ], [ 15.0878, 56.7684 ], [ 15.0876, 56.7691 ], [ 15.0884, 56.7698 ], [ 15.0883, 56.77 ], [ 15.0873, 56.7704 ], [ 15.0873, 56.7708 ], [ 15.0864, 56.7708 ], [ 15.0852, 56.7706 ], [ 15.0851, 56.7704 ], [ 15.0855, 56.77 ], [ 15.0862, 56.7701 ], [ 15.0869, 56.7699 ], [ 15.0865, 56.7695 ], [ 15.0856, 56.7695 ], [ 15.0856, 56.7694 ], [ 15.084, 56.7691 ], [ 15.0827, 56.7691 ], [ 15.0825, 56.7689 ], [ 15.082, 56.7689 ], [ 15.0822, 56.7685 ], [ 15.083, 56.7684 ], [ 15.0834, 56.7675 ], [ 15.0839, 56.7673 ], [ 15.0843, 56.7674 ], [ 15.0852, 56.7672 ] ] ] } },
{ "type": "Feature", "properties": { "fid": 63453, "OBJECTID": 6379280, "Lannr": "22", "Lan": "VÄSTERNORRLANDS LÄN", "Kommunnr": "2282", "Kommun": "KRAMFORS", "ArendeAr": 2026, "Beteckn": "A 20315-2026", "Avverktyp": "Avverkning för annat ändamål", "Andamal": "Skogsbilväg", "Inkomdatum": "2026-04-24T00:00:00", "AnmaldHa": 1.3, "ArendeStatus": "Anmält för avverkning", "AvverkningsanmalanKlass": "Avverkningsamalan", "Weeks": 22, "Naturvarden_Datinv": "1996-06-25", "Naturvarden_Area": 1.8, "Naturvarden_Hektar_calc": 1.8, "Naturvarden_Beteckn": "N 5599-1996", "Naturvarden_area(%)": 100, "Bolag": "-", "N": 6981159, "E": 672942, "URL": "https:\/\/kartor.skogsstyrelsen.se\/kartor\/?startapp=skogligagrunddata&x=6981159&y=672942&scale=7000&bg=Karta" }, "geometry": { "type": "Polygon", "coordinates": [ [ [ 18.405, 62.917 ], [ 18.4065, 62.9177 ], [ 18.4067, 62.9182 ], [ 18.4076, 62.9189 ], [ 18.4077, 62.9197 ], [ 18.4071, 62.92 ], [ 18.4054, 62.9201 ], [ 18.4041, 62.9206 ], [ 18.4038, 62.9211 ], [ 18.4038, 62.9204 ], [ 18.4052, 62.9199 ], [ 18.4069, 62.9199 ], [ 18.4073, 62.9196 ], [ 18.4069, 62.9186 ], [ 18.4064, 62.9183 ], [ 18.4062, 62.9178 ], [ 18.4049, 62.9172 ], [ 18.405, 62.917 ] ] ] } },
{ "type": "Feature", "properties": { "fid": 90738, "OBJECTID": 6462678, "Lannr": "22", "Lan": "VÄSTERNORRLANDS LÄN", "Kommunnr": "2282", "Kommun": "KRAMFORS", "ArendeAr": 2026, "Beteckn": "A 13423-2026", "Avverktyp": "Föryngringsavverkning", "Andamal": "Uppgift saknas", "Inkomdatum": "2026-03-13T00:00:00", "AnmaldHa": 14.2, "ArendeStatus": "Anmält för avverkning", "AvverkningsanmalanKlass": "Avverkningsamalan", "Weeks": 28, "Naturvarden_Datinv": "1996-06-25", "Naturvarden_Area": 1.8, "Naturvarden_Hektar_calc": 1.8, "Naturvarden_Beteckn": "N 5599-1996", "Naturvarden_area(%)": 100, "Bolag": "-", "N": 6981358, "E": 672714, "URL": "https:\/\/kartor.skogsstyrelsen.se\/kartor\/?startapp=skogligagrunddata&x=6981358&y=672714&scale=7000&bg=Karta" }, "geometry": { "type": "MultiPolygon", "coordinates": [ [ [ [ 18.4054, 62.9189 ], [ 18.4055, 62.919 ], [ 18.4044, 62.9193 ], [ 18.4036, 62.9197 ], [ 18.4034, 62.9196 ], [ 18.4037, 62.9194 ], [ 18.4054, 62.9189 ] ] ], [ [ [ 18.4028, 62.9186 ], [ 18.4031, 62.9193 ], [ 18.4045, 62.9205 ], [ 18.4041, 62.9207 ], [ 18.4038, 62.9211 ], [ 18.4041, 62.9221 ], [ 18.4039, 62.9229 ], [ 18.4032, 62.9231 ], [ 18.4017, 62.9229 ], [ 18.4005, 62.923 ], [ 18.4, 62.9233 ], [ 18.3985, 62.9237 ], [ 18.3976, 62.9235 ], [ 18.3975, 62.9212 ], [ 18.3988, 62.9197 ], [ 18.4028, 62.9186 ] ] ], [ [ [ 18.4067, 62.9185 ], [ 18.407, 62.9203 ], [ 18.4067, 62.9208 ], [ 18.4056, 62.9213 ], [ 18.4048, 62.9212 ], [ 18.4047, 62.9218 ], [ 18.4043, 62.9219 ], [ 18.4039, 62.9211 ], [ 18.4045, 62.9205 ], [ 18.4055, 62.9205 ], [ 18.4055, 62.9186 ], [ 18.4067, 62.9185 ] ] ], [ [ [ 18.4053, 62.9171 ], [ 18.4065, 62.9176 ], [ 18.4064, 62.9178 ], [ 18.4051, 62.9174 ], [ 18.405, 62.9172 ], [ 18.4053, 62.9171 ] ] ] ] } },
{ "type": "Feature", "properties": { "fid": 32439, "OBJECTID": 6249116, "Lannr": "19", "Lan": "VÄSTMANLANDS LÄN", "Kommunnr": "1984", "Kommun": "ARBOGA", "ArendeAr": 2026, "Beteckn": "A 10665-2026", "Avverktyp": "Föryngringsavverkning", "Andamal": "Uppgift saknas", "Inkomdatum": "2026-02-25T09:14:28", "AnmaldHa": 0.3, "ArendeStatus": "Anmält för avverkning", "AvverkningsanmalanKlass": "Avverkningsamalan", "Weeks": 30, "Naturvarden_Datinv": "1996-06-27", "Naturvarden_Area": 0.1, "Naturvarden_Hektar_calc": 1.3, "Naturvarden_Beteckn": "N 5804-1996", "Naturvarden_area(%)": 8, "Bolag": "-", "N": 6573633, "E": 544723, "URL": "https:\/\/kartor.skogsstyrelsen.se\/kartor\/?startapp=skogligagrunddata&x=6573633&y=544723&scale=7000&bg=Karta" }, "geometry": { "type": "Polygon", "coordinates": [ [ [ 15.7852, 59.2989 ], [ 15.7857, 59.2991 ], [ 15.7854, 59.2995 ], [ 15.7856, 59.2997 ], [ 15.7853, 59.2995 ], [ 15.7849, 59.2995 ], [ 15.7848, 59.2989 ], [ 15.7852, 59.2989 ] ] ] } },
{ "type": "Feature", "properties": { "fid": 84566, "OBJECTID": 6451776, "Lannr": "21", "Lan": "GÄVLEBORGS LÄN", "Kommunnr": "2121", "Kommun": "OVANÅKER", "ArendeAr": 2026, "Beteckn": "A 18977-2026", "Avverktyp": "Föryngringsavverkning", "Andamal": "Uppgift saknas", "Inkomdatum": "2026-04-17T14:48:40", "AnmaldHa": 9.1, "ArendeStatus": "Anmält för avverkning", "AvverkningsanmalanKlass": "Avverkningsamalan", "Weeks": 23, "Naturvarden_Datinv": "1996-07-15", "Naturvarden_Area": 0.5, "Naturvarden_Hektar_calc": 1.8, "Naturvarden_Beteckn": "N 6836-1996", "Naturvarden_area(%)": 25, "Bolag": "-", "N": 6798971, "E": 539327, "URL": "https:\/\/kartor.skogsstyrelsen.se\/kartor\/?startapp=skogligagrunddata&x=6798971&y=539327&scale=7000&bg=Karta" }, "geometry": { "type": "Polygon", "coordinates": [ [ [ 15.7374, 61.3212 ], [ 15.7373, 61.3217 ], [ 15.7376, 61.3219 ], [ 15.7375, 61.3227 ], [ 15.7381, 61.3231 ], [ 15.7357, 61.3245 ], [ 15.7343, 61.3245 ], [ 15.7334, 61.3243 ], [ 15.7327, 61.3233 ], [ 15.732, 61.3233 ], [ 15.7318, 61.323 ], [ 15.7312, 61.3231 ], [ 15.7289, 61.3227 ], [ 15.7374, 61.3212 ] ] ] } },
{ "type": "Feature", "properties": { "fid": 36447, "OBJECTID": 6259374, "Lannr": "20", "Lan": "DALARNAS LÄN", "Kommunnr": "2080", "Kommun": "FALUN", "ArendeAr": 2026, "Beteckn": "A 12775-2026", "Avverktyp": "Avverkning för att bevara och utveckla \/försöksver", "Andamal": "bevara och utveckla natur- och kulturmiljövärden", "Inkomdatum": "2026-03-10T00:00:00", "AnmaldHa": 3.5, "ArendeStatus": "Anmält för avverkning", "AvverkningsanmalanKlass": "Avverkningsamalan", "Weeks": 28, "Naturvarden_Datinv": "1996-07-30", "Naturvarden_Area": 3.7, "Naturvarden_Hektar_calc": 4.0, "Naturvarden_Beteckn": "N 7539-1996", "Naturvarden_area(%)": 93, "Bolag": "-", "N": 6740468, "E": 544992, "URL": "https:\/\/kartor.skogsstyrelsen.se\/kartor\/?startapp=skogligagrunddata&x=6740468&y=544992&scale=7000&bg=Karta" }, "geometry": { "type": "Polygon", "coordinates": [ [ [ 15.8239, 60.7959 ], [ 15.8249, 60.7961 ], [ 15.8262, 60.7961 ], [ 15.8274, 60.7969 ], [ 15.8282, 60.7967 ], [ 15.8287, 60.7969 ], [ 15.8289, 60.7974 ], [ 15.8286, 60.7982 ], [ 15.8268, 60.7982 ], [ 15.8259, 60.7968 ], [ 15.8256, 60.7967 ], [ 15.8245, 60.7971 ], [ 15.8235, 60.7962 ], [ 15.8239, 60.7959 ] ] ] } },
{ "type": "Feature", "properties": { "fid": 32928, "OBJECTID": 6250680, "Lannr": "05", "Lan": "ÖSTERGÖTLANDS LÄN", "Kommunnr": "0560", "Kommun": "BOXHOLM", "ArendeAr": 2026, "Beteckn": "A 11304-2026", "Avverktyp": "Föryngringsavverkning", "Andamal": "Uppgift saknas", "Inkomdatum": "2026-02-27T15:16:34", "AnmaldHa": 0.9, "ArendeStatus": "Anmält för avverkning", "AvverkningsanmalanKlass": "Avverkningsamalan", "Weeks": 30, "Naturvarden_Datinv": "1996-08-16", "Naturvarden_Area": 0.1, "Naturvarden_Hektar_calc": 0.6, "Naturvarden_Beteckn": "N 8896-1996", "Naturvarden_area(%)": 23, "Bolag": "Allmännings- och besparingsskogar", "N": 6456566, "E": 494376, "URL": "https:\/\/kartor.skogsstyrelsen.se\/kartor\/?startapp=skogligagrunddata&x=6456566&y=494376&scale=7000&bg=Karta" }, "geometry": { "type": "MultiPolygon", "coordinates": [ [ [ [ 14.9047, 58.2499 ], [ 14.9048, 58.2499 ], [ 14.9047, 58.2499 ], [ 14.9047, 58.2499 ] ] ], [ [ [ 14.9038, 58.2493 ], [ 14.9039, 58.2493 ], [ 14.9041, 58.2494 ], [ 14.9042, 58.2494 ], [ 14.9044, 58.2499 ], [ 14.9051, 58.25 ], [ 14.9046, 58.2507 ], [ 14.9033, 58.2505 ], [ 14.9035, 58.2499 ], [ 14.9039, 58.2498 ], [ 14.9038, 58.2493 ] ] ] ] } },
{ "type": "Feature", "properties": { "fid": 110186, "OBJECTID": 6481971, "Lannr": "19", "Lan": "VÄSTMANLANDS LÄN", "Kommunnr": "1984", "Kommun": "ARBOGA", "ArendeAr": 2026, "Beteckn": "A 30092-2026", "Avverktyp": "Föryngringsavverkning", "Andamal": "Uppgift saknas", "Inkomdatum": "2026-07-03T10:16:22", "AnmaldHa": 2.0, "ArendeStatus": "Anmält för avverkning", "AvverkningsanmalanKlass": "Avverkningsamalan", "Weeks": 12, "Naturvarden_Datinv": "1996-08-28", "Naturvarden_Area": 0.5, "Naturvarden_Hektar_calc": 0.7, "Naturvarden_Beteckn": "N 9908-1996", "Naturvarden_area(%)": 77, "Bolag": "-", "N": 6579967, "E": 541950, "URL": "https:\/\/kartor.skogsstyrelsen.se\/kartor\/?startapp=skogligagrunddata&x=6579967&y=541950&scale=7000&bg=Karta" }, "geometry": { "type": "MultiPolygon", "coordinates": [ [ [ [ 15.7386, 59.3568 ], [ 15.7392, 59.3568 ], [ 15.7387, 59.3574 ], [ 15.7382, 59.3575 ], [ 15.7386, 59.3579 ], [ 15.7385, 59.3583 ], [ 15.7381, 59.3583 ], [ 15.7375, 59.3581 ], [ 15.7372, 59.3569 ], [ 15.7379, 59.3571 ], [ 15.7386, 59.3568 ] ] ], [ [ [ 15.7373, 59.3544 ], [ 15.7385, 59.355 ], [ 15.7381, 59.3551 ], [ 15.7388, 59.3565 ], [ 15.7379, 59.3555 ], [ 15.7366, 59.3555 ], [ 15.7364, 59.3546 ], [ 15.7374, 59.355 ], [ 15.7373, 59.3544 ] ] ] ] } },
{ "type": "Feature", "properties": { "fid": 69381, "OBJECTID": 6205869, "Lannr": "20", "Lan": "DALARNAS LÄN", "Kommunnr": "2026", "Kommun": "GAGNEF", "ArendeAr": 2026, "Beteckn": "A 1432-2026", "Avverktyp": "Föryngringsavverkning", "Andamal": "Uppgift saknas", "Inkomdatum": "2026-01-10T10:00:35", "AnmaldHa": 1.1, "ArendeStatus": "Anmält för avverkning", "AvverkningsanmalanKlass": "Avverkningsamalan", "Weeks": 36, "Naturvarden_Datinv": "1996-08-29", "Naturvarden_Area": 0.2, "Naturvarden_Hektar_calc": 0.2, "Naturvarden_Beteckn": "N 9979-1996", "Naturvarden_area(%)": 82, "Bolag": "-", "N": 6709288, "E": 507487, "URL": "https:\/\/kartor.skogsstyrelsen.se\/kartor\/?startapp=skogligagrunddata&x=6709288&y=507487&scale=7000&bg=Karta" }, "geometry": { "type": "Polygon", "coordinates": [ [ [ 15.1362, 60.5193 ], [ 15.1383, 60.5193 ], [ 15.1384, 60.5198 ], [ 15.1342, 60.5199 ], [ 15.1345, 60.5194 ], [ 15.1362, 60.5193 ] ] ] } },
{ "type": "Feature", "properties": { "fid": 126483, "OBJECTID": 6508954, "Lannr": "08", "Lan": "KALMAR LÄN", "Kommunnr": "0881", "Kommun": "NYBRO", "ArendeAr": 2026, "Beteckn": "A 38288-2026", "Avverktyp": "Avverkning för annat ändamål", "Andamal": "Bete", "Inkomdatum": "2026-09-17T00:00:00", "AnmaldHa": 8.8, "ArendeStatus": "Anmält för avverkning", "AvverkningsanmalanKlass": "NyAvverkningsanmalan", "Weeks": 1, "Naturvarden_Datinv": "1996-08-30", "Naturvarden_Area": 4.6, "Naturvarden_Hektar_calc": 10.5, "Naturvarden_Beteckn": "N 10106-1996", "Naturvarden_area(%)": 44, "Bolag": "-", "N": 6295749, "E": 564324, "URL": "https:\/\/kartor.skogsstyrelsen.se\/kartor\/?startapp=skogligagrunddata&x=6295749&y=564324&scale=7000&bg=Karta" }, "geometry": { "type": "Polygon", "coordinates": [ [ [ 16.0547, 56.798 ], [ 16.0561, 56.7995 ], [ 16.0553, 56.801 ], [ 16.0545, 56.8013 ], [ 16.0541, 56.8009 ], [ 16.0535, 56.8009 ], [ 16.0532, 56.8013 ], [ 16.0538, 56.8014 ], [ 16.054, 56.8019 ], [ 16.0533, 56.8025 ], [ 16.0533, 56.8039 ], [ 16.05, 56.8032 ], [ 16.0514, 56.8017 ], [ 16.0518, 56.8006 ], [ 16.0536, 56.8003 ], [ 16.0544, 56.7996 ], [ 16.0536, 56.799 ], [ 16.0536, 56.7985 ], [ 16.0547, 56.798 ] ] ] } },
{ "type": "Feature", "properties": { "fid": 107357, "OBJECTID": 6478125, "Lannr": "21", "Lan": "GÄVLEBORGS LÄN", "Kommunnr": "2184", "Kommun": "HUDIKSVALL", "ArendeAr": 2026, "Beteckn": "A 29790-2026", "Avverktyp": "Föryngringsavverkning", "Andamal": "Uppgift saknas", "Inkomdatum": "2026-07-02T07:27:46", "AnmaldHa": 6.0, "ArendeStatus": "Anmält för avverkning", "AvverkningsanmalanKlass": "Avverkningsamalan", "Weeks": 12, "Naturvarden_Datinv": "1996-09-03", "Naturvarden_Area": 0.3, "Naturvarden_Hektar_calc": 0.4, "Naturvarden_Beteckn": "N 10256-1996", "Naturvarden_area(%)": 67, "Bolag": "-", "N": 6860542, "E": 575838, "URL": "https:\/\/kartor.skogsstyrelsen.se\/kartor\/?startapp=skogligagrunddata&x=6860542&y=575838&scale=7000&bg=Karta" }, "geometry": { "type": "Polygon", "coordinates": [ [ [ 16.4426, 61.8684 ], [ 16.4451, 61.8713 ], [ 16.4412, 61.871 ], [ 16.4403, 61.8712 ], [ 16.4392, 61.87 ], [ 16.4396, 61.87 ], [ 16.439, 61.8691 ], [ 16.441, 61.8689 ], [ 16.441, 61.8687 ], [ 16.4426, 61.8684 ] ] ] } },
{ "type": "Feature", "properties": { "fid": 117207, "OBJECTID": 6495945, "Lannr": "21", "Lan": "GÄVLEBORGS LÄN", "Kommunnr": "2104", "Kommun": "HOFORS", "ArendeAr": 2026, "Beteckn": "A 35941-2026", "Avverktyp": "Föryngringsavverkning", "Andamal": "Uppgift saknas", "Inkomdatum": "2026-09-01T13:19:13", "AnmaldHa": 10.5, "ArendeStatus": "Anmält för avverkning", "AvverkningsanmalanKlass": "NyAvverkningsanmalan", "Weeks": 3, "Naturvarden_Datinv": "1996-09-04", "Naturvarden_Area": 8.8, "Naturvarden_Hektar_calc": 9.4, "Naturvarden_Beteckn": "N 10457-1996", "Naturvarden_area(%)": 94, "Bolag": "-", "N": 6695211, "E": 584124, "URL": "https:\/\/kartor.skogsstyrelsen.se\/kartor\/?startapp=skogligagrunddata&x=6695211&y=584124&scale=7000&bg=Karta" }, "geometry": { "type": "Polygon", "coordinates": [ [ [ 16.5262, 60.3825 ], [ 16.5262, 60.3832 ], [ 16.5264, 60.3834 ], [ 16.5276, 60.3832 ], [ 16.5279, 60.3828 ], [ 16.5293, 60.3829 ], [ 16.529, 60.3835 ], [ 16.5294, 60.384 ], [ 16.5265, 60.3861 ], [ 16.522, 60.3858 ], [ 16.5262, 60.3825 ] ] ] } },
{ "type": "Feature", "properties": { "fid": 110271, "OBJECTID": 6482091, "Lannr": "19", "Lan": "VÄSTMANLANDS LÄN", "Kommunnr": "1984", "Kommun": "ARBOGA", "ArendeAr": 2026, "Beteckn": "A 30073-2026", "Avverktyp": "Föryngringsavverkning", "Andamal": "Uppgift saknas", "Inkomdatum": "2026-07-03T09:41:39", "AnmaldHa": 1.6, "ArendeStatus": "Anmält för avverkning", "AvverkningsanmalanKlass": "Avverkningsamalan", "Weeks": 12, "Naturvarden_Datinv": "1996-09-05", "Naturvarden_Area": 1.1, "Naturvarden_Hektar_calc": 1.2, "Naturvarden_Beteckn": "N 10530-1996", "Naturvarden_area(%)": 99, "Bolag": "-", "N": 6581433, "E": 540683, "URL": "https:\/\/kartor.skogsstyrelsen.se\/kartor\/?startapp=skogligagrunddata&x=6581433&y=540683&scale=7000&bg=Karta" }, "geometry": { "type": "Polygon", "coordinates": [ [ [ 15.7145, 59.369 ], [ 15.7155, 59.3691 ], [ 15.7158, 59.3694 ], [ 15.7168, 59.3694 ], [ 15.7169, 59.3696 ], [ 15.7177, 59.3699 ], [ 15.7176, 59.3702 ], [ 15.7142, 59.3699 ], [ 15.7145, 59.369 ] ] ] } },
{ "type": "Feature", "properties": { "fid": 63627, "OBJECTID": 6159716, "Lannr": "10", "Lan": "BLEKINGE LÄN", "Kommunnr": "1081", "Kommun": "RONNEBY", "ArendeAr": 2025, "Beteckn": "A 62465-2025", "Avverktyp": "Avverkning för att bevara och utveckla \/försöksver", "Andamal": "bevara och utveckla natur- och kulturmiljövärden", "Inkomdatum": "2025-12-16T00:00:00", "AnmaldHa": 1.3, "ArendeStatus": "Anmält för avverkning", "AvverkningsanmalanKlass": "Avverkningsamalan", "Weeks": 40, "Naturvarden_Datinv": "1996-09-05", "Naturvarden_Area": 2.0, "Naturvarden_Hektar_calc": 27.2, "Naturvarden_Beteckn": "N 10546-1996", "Naturvarden_area(%)": 7, "Bolag": "-", "N": 6223327, "E": 505305, "URL": "https:\/\/kartor.skogsstyrelsen.se\/kartor\/?startapp=skogligagrunddata&x=6223327&y=505305&scale=7000&bg=Karta" }, "geometry": { "type": "Polygon", "coordinates": [ [ [ 15.0839, 56.1543 ], [ 15.0844, 56.1543 ], [ 15.0854, 56.1551 ], [ 15.0863, 56.1548 ], [ 15.0874, 56.1548 ], [ 15.0879, 56.155 ], [ 15.0867, 56.1551 ], [ 15.0853, 56.1556 ], [ 15.0844, 56.1549 ], [ 15.0838, 56.1548 ], [ 15.0834, 56.1544 ], [ 15.0839, 56.1543 ] ] ] } },
{ "type": "Feature", "properties": { "fid": 28506, "OBJECTID": 6245544, "Lannr": "17", "Lan": "VÄRMLANDS LÄN", "Kommunnr": "1766", "Kommun": "SUNNE", "ArendeAr": 2026, "Beteckn": "A 10283-2026", "Avverktyp": "Föryngringsavverkning", "Andamal": "Uppgift saknas", "Inkomdatum": "2026-02-23T14:17:58", "AnmaldHa": 1.3, "ArendeStatus": "Anmält för avverkning", "AvverkningsanmalanKlass": "Avverkningsamalan", "Weeks": 30, "Naturvarden_Datinv": "1996-09-11", "Naturvarden_Area": 0.2, "Naturvarden_Hektar_calc": 13.0, "Naturvarden_Beteckn": "N 10993-1996", "Naturvarden_area(%)": 2, "Bolag": "-", "N": 6624640, "E": 406159, "URL": "https:\/\/kartor.skogsstyrelsen.se\/kartor\/?startapp=skogligagrunddata&x=6624640&y=406159&scale=7000&bg=Karta" }, "geometry": { "type": "Polygon", "coordinates": [ [ [ 13.3269, 59.7479 ], [ 13.3316, 59.7489 ], [ 13.3308, 59.7501 ], [ 13.3304, 59.7501 ], [ 13.3305, 59.7498 ], [ 13.3303, 59.7496 ], [ 13.3304, 59.7492 ], [ 13.3301, 59.7487 ], [ 13.3268, 59.7481 ], [ 13.3269, 59.7479 ] ] ] } },
{ "type": "Feature", "properties": { "fid": 121829, "OBJECTID": 6500062, "Lannr": "07", "Lan": "KRONOBERGS LÄN", "Kommunnr": "0765", "Kommun": "ÄLMHULT", "ArendeAr": 2026, "Beteckn": "A 31711-2026", "Avverktyp": "Föryngringsavverkning", "Andamal": "Uppgift saknas", "Inkomdatum": "2026-07-23T15:46:09", "AnmaldHa": 0.6, "ArendeStatus": "Anmält för avverkning", "AvverkningsanmalanKlass": "Avverkningsamalan", "Weeks": 9, "Naturvarden_Datinv": "1996-09-13", "Naturvarden_Area": 0.4, "Naturvarden_Hektar_calc": 47.2, "Naturvarden_Beteckn": "N 11210-1996", "Naturvarden_area(%)": 1, "Bolag": "-", "N": 6256908, "E": 430432, "URL": "https:\/\/kartor.skogsstyrelsen.se\/kartor\/?startapp=skogligagrunddata&x=6256908&y=430432&scale=7000&bg=Karta" }, "geometry": { "type": "Polygon", "coordinates": [ [ [ 13.8711, 56.4513 ], [ 13.8721, 56.4514 ], [ 13.8726, 56.4517 ], [ 13.8717, 56.4519 ], [ 13.8715, 56.4516 ], [ 13.8705, 56.4518 ], [ 13.87, 56.4516 ], [ 13.8703, 56.4514 ], [ 13.8711, 56.4513 ] ] ] } },
{ "type": "Feature", "properties": { "fid": 121160, "OBJECTID": 6498561, "Lannr": "18", "Lan": "ÖREBRO LÄN", "Kommunnr": "1863", "Kommun": "HÄLLEFORS", "ArendeAr": 2026, "Beteckn": "A 31555-2026", "Avverktyp": "Föryngringsavverkning", "Andamal": "Uppgift saknas", "Inkomdatum": "2026-07-21T08:18:22", "AnmaldHa": 4.7, "ArendeStatus": "Anmält för avverkning", "AvverkningsanmalanKlass": "Avverkningsamalan", "Weeks": 9, "Naturvarden_Datinv": "1996-09-24", "Naturvarden_Area": 2.9, "Naturvarden_Hektar_calc": 8.2, "Naturvarden_Beteckn": "N 12312-1996", "Naturvarden_area(%)": 35, "Bolag": "Övriga aktiebolag", "N": 6649377, "E": 480549, "URL": "https:\/\/kartor.skogsstyrelsen.se\/kartor\/?startapp=skogligagrunddata&x=6649377&y=480549&scale=7000&bg=Karta" }, "geometry": { "type": "Polygon", "coordinates": [ [ [ 14.6523, 59.9794 ], [ 14.6528, 59.9798 ], [ 14.6535, 59.9799 ], [ 14.6534, 59.9804 ], [ 14.6537, 59.9807 ], [ 14.6527, 59.9808 ], [ 14.6523, 59.9813 ], [ 14.6525, 59.9821 ], [ 14.6524, 59.9823 ], [ 14.6519, 59.9822 ], [ 14.6517, 59.9824 ], [ 14.652, 59.9829 ], [ 14.651, 59.983 ], [ 14.6499, 59.9827 ], [ 14.6498, 59.9825 ], [ 14.6501, 59.9818 ], [ 14.6498, 59.9815 ], [ 14.6499, 59.9808 ], [ 14.6505, 59.9803 ], [ 14.6516, 59.9801 ], [ 14.6523, 59.9794 ] ] ] } },
{ "type": "Feature", "properties": { "fid": 75552, "OBJECTID": 6225571, "Lannr": "21", "Lan": "GÄVLEBORGS LÄN", "Kommunnr": "2101", "Kommun": "OCKELBO", "ArendeAr": 2026, "Beteckn": "A 5668-2026", "Avverktyp": "Föryngringsavverkning", "Andamal": "Uppgift saknas", "Inkomdatum": "2026-01-29T11:13:47", "AnmaldHa": 1.4, "ArendeStatus": "Anmält för avverkning", "AvverkningsanmalanKlass": "Avverkningsamalan", "Weeks": 34, "Naturvarden_Datinv": "1996-09-24", "Naturvarden_Area": 0.3, "Naturvarden_Hektar_calc": 5.4, "Naturvarden_Beteckn": "N 12393-1996", "Naturvarden_area(%)": 5, "Bolag": "-", "N": 6770193, "E": 585315, "URL": "https:\/\/kartor.skogsstyrelsen.se\/kartor\/?startapp=skogligagrunddata&x=6770193&y=585315&scale=7000&bg=Karta" }, "geometry": { "type": "Polygon", "coordinates": [ [ [ 16.5822, 61.0565 ], [ 16.5823, 61.0571 ], [ 16.5819, 61.0574 ], [ 16.5782, 61.0578 ], [ 16.5778, 61.0573 ], [ 16.5802, 61.0572 ], [ 16.5813, 61.057 ], [ 16.58, 61.0569 ], [ 16.5798, 61.0567 ], [ 16.5816, 61.0568 ], [ 16.5822, 61.0565 ] ] ] } },
{ "type": "Feature", "properties": { "fid": 67695, "OBJECTID": 6193972, "Lannr": "14", "Lan": "VÄSTRA GÖTALANDS LÄN", "Kommunnr": "1463", "Kommun": "MARK", "ArendeAr": 2026, "Beteckn": "A 363-2026", "Avverktyp": "Föryngringsavverkning", "Andamal": "Uppgift saknas", "Inkomdatum": "2026-01-05T16:02:25", "AnmaldHa": 9.3, "ArendeStatus": "Anmält för avverkning", "AvverkningsanmalanKlass": "Avverkningsamalan", "Weeks": 37, "Naturvarden_Datinv": "1996-09-25", "Naturvarden_Area": 0.1, "Naturvarden_Hektar_calc": 0.4, "Naturvarden_Beteckn": "N 12458-1996", "Naturvarden_area(%)": 32, "Bolag": "-", "N": 6375702, "E": 370836, "URL": "https:\/\/kartor.skogsstyrelsen.se\/kartor\/?startapp=skogligagrunddata&x=6375702&y=370836&scale=7000&bg=Karta" }, "geometry": { "type": "Polygon", "coordinates": [ [ [ 12.846, 57.5035 ], [ 12.8462, 57.5045 ], [ 12.8471, 57.5058 ], [ 12.8469, 57.5067 ], [ 12.8466, 57.5071 ], [ 12.8459, 57.5073 ], [ 12.8439, 57.5072 ], [ 12.8424, 57.5064 ], [ 12.842, 57.5058 ], [ 12.8405, 57.5052 ], [ 12.8425, 57.5038 ], [ 12.8424, 57.5035 ], [ 12.8435, 57.504 ], [ 12.8442, 57.504 ], [ 12.846, 57.5035 ] ], [ [ 12.845, 57.5046 ], [ 12.8445, 57.5056 ], [ 12.8448, 57.5059 ], [ 12.8448, 57.5064 ], [ 12.8451, 57.5064 ], [ 12.8452, 57.5059 ], [ 12.8454, 57.5058 ], [ 12.8457, 57.5059 ], [ 12.8459, 57.5057 ], [ 12.845, 57.5046 ] ] ] } },
{ "type": "Feature", "properties": { "fid": 86741, "OBJECTID": 6457379, "Lannr": "08", "Lan": "KALMAR LÄN", "Kommunnr": "0881", "Kommun": "NYBRO", "ArendeAr": 2026, "Beteckn": "A 25717-2026", "Avverktyp": "Avverkning för att bevara och utveckla \/försöksver", "Andamal": "bevara och utveckla natur- och kulturmiljövärden", "Inkomdatum": "2026-06-05T09:10:16", "AnmaldHa": 0.5, "ArendeStatus": "Anmält för avverkning", "AvverkningsanmalanKlass": "Avverkningsamalan", "Weeks": 16, "Naturvarden_Datinv": "1996-09-25", "Naturvarden_Area": 0.7, "Naturvarden_Hektar_calc": 8.8, "Naturvarden_Beteckn": "N 12525-1996", "Naturvarden_area(%)": 8, "Bolag": "-", "N": 6282423, "E": 543819, "URL": "https:\/\/kartor.skogsstyrelsen.se\/kartor\/?startapp=skogligagrunddata&x=6282423&y=543819&scale=7000&bg=Karta" }, "geometry": { "type": "Polygon", "coordinates": [ [ [ 15.7154, 56.6833 ], [ 15.716, 56.6835 ], [ 15.7158, 56.6839 ], [ 15.7145, 56.6844 ], [ 15.7154, 56.6833 ] ] ] } },
{ "type": "Feature", "properties": { "fid": 50250, "OBJECTID": 6129459, "Lannr": "07", "Lan": "KRONOBERGS LÄN", "Kommunnr": "0765", "Kommun": "ÄLMHULT", "ArendeAr": 2025, "Beteckn": "A 54917-2025", "Avverktyp": "Föryngringsavverkning", "Andamal": "Uppgift saknas", "Inkomdatum": "2025-11-06T09:15:53", "AnmaldHa": 2.7, "ArendeStatus": "Anmält för avverkning", "AvverkningsanmalanKlass": "Avverkningsamalan", "Weeks": 46, "Naturvarden_Datinv": "1996-09-26", "Naturvarden_Area": 0.5, "Naturvarden_Hektar_calc": 0.9, "Naturvarden_Beteckn": "N 12565-1996", "Naturvarden_area(%)": 53, "Bolag": "-", "N": 6258162, "E": 431114, "URL": "https:\/\/kartor.skogsstyrelsen.se\/kartor\/?startapp=skogligagrunddata&x=6258162&y=431114&scale=7000&bg=Karta" }, "geometry": { "type": "Polygon", "coordinates": [ [ [ 13.8814, 56.4617 ], [ 13.8833, 56.462 ], [ 13.8831, 56.4624 ], [ 13.8834, 56.463 ], [ 13.8828, 56.4633 ], [ 13.8829, 56.4636 ], [ 13.8821, 56.464 ], [ 13.8808, 56.4641 ], [ 13.8808, 56.4631 ], [ 13.8819, 56.4627 ], [ 13.8811, 56.4622 ], [ 13.8814, 56.4617 ] ] ] } },
{ "type": "Feature", "properties": { "fid": 67344, "OBJECTID": 6391921, "Lannr": "04", "Lan": "SÖDERMANLANDS LÄN", "Kommunnr": "0488", "Kommun": "TROSA", "ArendeAr": 2026, "Beteckn": "A 20191-2026", "Avverktyp": "Föryngringsavverkning", "Andamal": "Uppgift saknas", "Inkomdatum": "2026-04-27T08:56:18", "AnmaldHa": 1.0, "ArendeStatus": "Anmält för avverkning", "AvverkningsanmalanKlass": "Avverkningsamalan", "Weeks": 21, "Naturvarden_Datinv": "1996-09-26", "Naturvarden_Area": 0.4, "Naturvarden_Hektar_calc": 1.1, "Naturvarden_Beteckn": "N 12577-1996", "Naturvarden_area(%)": 35, "Bolag": "-", "N": 6528754, "E": 637247, "URL": "https:\/\/kartor.skogsstyrelsen.se\/kartor\/?startapp=skogligagrunddata&x=6528754&y=637247&scale=7000&bg=Karta" }, "geometry": { "type": "Polygon", "coordinates": [ [ [ 17.3808, 58.8759 ], [ 17.3817, 58.876 ], [ 17.3818, 58.8768 ], [ 17.3807, 58.8769 ], [ 17.3797, 58.8778 ], [ 17.38, 58.8761 ], [ 17.3808, 58.8759 ] ], [ [ 17.38, 58.8771 ], [ 17.3799, 58.8772 ], [ 17.38, 58.8771 ], [ 17.38, 58.8771 ] ] ] } },
{ "type": "Feature", "properties": { "fid": 41291, "OBJECTID": 6273192, "Lannr": "20", "Lan": "DALARNAS LÄN", "Kommunnr": "2026", "Kommun": "GAGNEF", "ArendeAr": 2026, "Beteckn": "A 15548-2026", "Avverktyp": "Föryngringsavverkning", "Andamal": "Uppgift saknas", "Inkomdatum": "2026-03-25T12:37:45", "AnmaldHa": 3.1, "ArendeStatus": "Anmält för avverkning", "AvverkningsanmalanKlass": "Avverkningsamalan", "Weeks": 26, "Naturvarden_Datinv": "1996-09-26", "Naturvarden_Area": 0.5, "Naturvarden_Hektar_calc": 3.5, "Naturvarden_Beteckn": "N 12698-1996", "Naturvarden_area(%)": 13, "Bolag": "-", "N": 6699412, "E": 496076, "URL": "https:\/\/kartor.skogsstyrelsen.se\/kartor\/?startapp=skogligagrunddata&x=6699412&y=496076&scale=7000&bg=Karta" }, "geometry": { "type": "Polygon", "coordinates": [ [ [ 14.9294, 60.43 ], [ 14.9322, 60.4301 ], [ 14.931, 60.4307 ], [ 14.9302, 60.4306 ], [ 14.9301, 60.431 ], [ 14.929, 60.4312 ], [ 14.9275, 60.4311 ], [ 14.9275, 60.4314 ], [ 14.928, 60.4318 ], [ 14.9293, 60.4313 ], [ 14.9294, 60.4314 ], [ 14.9292, 60.4317 ], [ 14.9284, 60.4319 ], [ 14.928, 60.4323 ], [ 14.9269, 60.4324 ], [ 14.9266, 60.4322 ], [ 14.9267, 60.4316 ], [ 14.9262, 60.4312 ], [ 14.9272, 60.4309 ], [ 14.9272, 60.4307 ], [ 14.9278, 60.4306 ], [ 14.9285, 60.4302 ], [ 14.9294, 60.43 ] ] ] } },
{ "type": "Feature", "properties": { "fid": 46795, "OBJECTID": 6119912, "Lannr": "22", "Lan": "VÄSTERNORRLANDS LÄN", "Kommunnr": "2284", "Kommun": "ÖRNSKÖLDSVIK", "ArendeAr": 2025, "Beteckn": "A 52732-2025", "Avverktyp": "Föryngringsavverkning", "Andamal": "Uppgift saknas", "Inkomdatum": "2025-10-27T08:48:35", "AnmaldHa": 22.6, "ArendeStatus": "Anmält för avverkning", "AvverkningsanmalanKlass": "Avverkningsamalan", "Weeks": 47, "Naturvarden_Datinv": "1996-10-02", "Naturvarden_Area": 0.8, "Naturvarden_Hektar_calc": 0.8, "Naturvarden_Beteckn": "N 13187-1996", "Naturvarden_area(%)": 100, "Bolag": "-", "N": 7081769, "E": 616129, "URL": "https:\/\/kartor.skogsstyrelsen.se\/kartor\/?startapp=skogligagrunddata&x=7081769&y=616129&scale=7000&bg=Karta" }, "geometry": { "type": "Polygon", "coordinates": [ [ [ 17.3701, 63.838 ], [ 17.3701, 63.8386 ], [ 17.3713, 63.8393 ], [ 17.3579, 63.8461 ], [ 17.3608, 63.8491 ], [ 17.3582, 63.8496 ], [ 17.354, 63.8459 ], [ 17.3701, 63.838 ] ] ] } },
{ "type": "Feature", "properties": { "fid": 67813, "OBJECTID": 6400894, "Lannr": "23", "Lan": "JÄMTLANDS LÄN", "Kommunnr": "2313", "Kommun": "STRÖMSUND", "ArendeAr": 2026, "Beteckn": "A 5737-2026", "Avverktyp": "Föryngringsavverkning", "Andamal": "Uppgift saknas", "Inkomdatum": "2026-01-27T00:00:00", "AnmaldHa": 19.5, "ArendeStatus": "Anmält för avverkning", "AvverkningsanmalanKlass": "Avverkningsamalan", "Weeks": 34, "Naturvarden_Datinv": "1996-10-14", "Naturvarden_Area": 3.3, "Naturvarden_Hektar_calc": 6.1, "Naturvarden_Beteckn": "N 14262-1996", "Naturvarden_area(%)": 54, "Bolag": "-", "N": 7086143, "E": 560162, "URL": "https:\/\/kartor.skogsstyrelsen.se\/kartor\/?startapp=skogligagrunddata&x=7086143&y=560162&scale=7000&bg=Karta" }, "geometry": { "type": "Polygon", "coordinates": [ [ [ 16.2345, 63.8936 ], [ 16.2328, 63.8949 ], [ 16.2309, 63.8957 ], [ 16.2302, 63.8969 ], [ 16.2272, 63.8994 ], [ 16.2256, 63.9 ], [ 16.2248, 63.8993 ], [ 16.2241, 63.899 ], [ 16.2231, 63.8991 ], [ 16.2219, 63.8985 ], [ 16.2208, 63.8985 ], [ 16.2199, 63.8989 ], [ 16.218, 63.8991 ], [ 16.2156, 63.8986 ], [ 16.2345, 63.8936 ] ] ] } },
{ "type": "Feature", "properties": { "fid": 59839, "OBJECTID": 6148536, "Lannr": "14", "Lan": "VÄSTRA GÖTALANDS LÄN", "Kommunnr": "1438", "Kommun": "DALS-ED", "ArendeAr": 2025, "Beteckn": "A 60538-2025", "Avverktyp": "Föryngringsavverkning", "Andamal": "Uppgift saknas", "Inkomdatum": "2025-12-04T16:08:49", "AnmaldHa": 14.0, "ArendeStatus": "Anmält för avverkning", "AvverkningsanmalanKlass": "Avverkningsamalan", "Weeks": 42, "Naturvarden_Datinv": "1996-10-09", "Naturvarden_Area": 5.3, "Naturvarden_Hektar_calc": 21.2, "Naturvarden_Beteckn": "N 13932-1996", "Naturvarden_area(%)": 25, "Bolag": "-", "N": 6521864, "E": 323922, "URL": "https:\/\/kartor.skogsstyrelsen.se\/kartor\/?startapp=skogligagrunddata&x=6521864&y=323922&scale=7000&bg=Karta" }, "geometry": { "type": "MultiPolygon", "coordinates": [ [ [ [ 11.9545, 58.7995 ], [ 11.9545, 58.8 ], [ 11.9544, 58.8002 ], [ 11.954, 58.7995 ], [ 11.9545, 58.7995 ] ] ], [ [ [ 11.9569, 58.7995 ], [ 11.958, 58.802 ], [ 11.9563, 58.8021 ], [ 11.9547, 58.801 ], [ 11.9546, 58.8002 ], [ 11.954, 58.8005 ], [ 11.9535, 58.8005 ], [ 11.9534, 58.8007 ], [ 11.9542, 58.8011 ], [ 11.9503, 58.8012 ], [ 11.9504, 58.8019 ], [ 11.9517, 58.8034 ], [ 11.9485, 58.8022 ], [ 11.9468, 58.7994 ], [ 11.954, 58.7995 ], [ 11.9541, 58.7999 ], [ 11.9544, 58.8002 ], [ 11.9546, 58.8001 ], [ 11.9545, 58.7995 ], [ 11.9569, 58.7995 ] ] ] ] } },
{ "type": "Feature", "properties": { "fid": 67818, "OBJECTID": 6197248, "Lannr": "01", "Lan": "STOCKHOLMS LÄN", "Kommunnr": "0188", "Kommun": "NORRTÄLJE", "ArendeAr": 2026, "Beteckn": "A 718-2026", "Avverktyp": "Föryngringsavverkning", "Andamal": "Uppgift saknas", "Inkomdatum": "2026-01-07T15:09:43", "AnmaldHa": 2.4, "ArendeStatus": "Anmält för avverkning", "AvverkningsanmalanKlass": "Avverkningsamalan", "Weeks": 37, "Naturvarden_Datinv": "1996-10-23", "Naturvarden_Area": 2.0, "Naturvarden_Hektar_calc": 3.9, "Naturvarden_Beteckn": "N 14793-1996", "Naturvarden_area(%)": 51, "Bolag": "-", "N": 6660658, "E": 707661, "URL": "https:\/\/kartor.skogsstyrelsen.se\/kartor\/?startapp=skogligagrunddata&x=6660658&y=707661&scale=7000&bg=Karta" }, "geometry": { "type": "Polygon", "coordinates": [ [ [ 18.7275, 60.0294 ], [ 18.73, 60.0304 ], [ 18.727, 60.0314 ], [ 18.7262, 60.031 ], [ 18.7262, 60.0302 ], [ 18.7272, 60.0299 ], [ 18.7275, 60.0294 ] ] ] } },
{ "type": "Feature", "properties": { "fid": 68398, "OBJECTID": 6200200, "Lannr": "01", "Lan": "STOCKHOLMS LÄN", "Kommunnr": "0188", "Kommun": "NORRTÄLJE", "ArendeAr": 2026, "Beteckn": "A 717-2026", "Avverktyp": "Föryngringsavverkning", "Andamal": "Uppgift saknas", "Inkomdatum": "2026-01-07T15:07:37", "AnmaldHa": 2.4, "ArendeStatus": "Anmält för avverkning", "AvverkningsanmalanKlass": "Avverkningsamalan", "Weeks": 37, "Naturvarden_Datinv": "1996-10-23", "Naturvarden_Area": 2.0, "Naturvarden_Hektar_calc": 3.9, "Naturvarden_Beteckn": "N 14793-1996", "Naturvarden_area(%)": 51, "Bolag": "-", "N": 6660658, "E": 707661, "URL": "https:\/\/kartor.skogsstyrelsen.se\/kartor\/?startapp=skogligagrunddata&x=6660658&y=707661&scale=7000&bg=Karta" }, "geometry": { "type": "Polygon", "coordinates": [ [ [ 18.7275, 60.0294 ], [ 18.73, 60.0304 ], [ 18.727, 60.0314 ], [ 18.7262, 60.031 ], [ 18.7262, 60.0302 ], [ 18.7272, 60.0299 ], [ 18.7275, 60.0294 ] ] ] } },
{ "type": "Feature", "properties": { "fid": 42874, "OBJECTID": 6101739, "Lannr": "08", "Lan": "KALMAR LÄN", "Kommunnr": "0881", "Kommun": "NYBRO", "ArendeAr": 2025, "Beteckn": "A 49338-2025", "Avverktyp": "Avverkning för att bevara och utveckla \/försöksver", "Andamal": "bevara och utveckla natur- och kulturmiljövärden", "Inkomdatum": "2025-10-08T14:10:10", "AnmaldHa": 3.5, "ArendeStatus": "Anmält för avverkning", "AvverkningsanmalanKlass": "Avverkningsamalan", "Weeks": 50, "Naturvarden_Datinv": "1996-11-07", "Naturvarden_Area": 4.2, "Naturvarden_Hektar_calc": 31.0, "Naturvarden_Beteckn": "N 15674-1996", "Naturvarden_area(%)": 14, "Bolag": "-", "N": 6306866, "E": 550947, "URL": "https:\/\/kartor.skogsstyrelsen.se\/kartor\/?startapp=skogligagrunddata&x=6306866&y=550947&scale=7000&bg=Karta" }, "geometry": { "type": "Polygon", "coordinates": [ [ [ 15.8372, 56.9014 ], [ 15.8383, 56.9018 ], [ 15.8385, 56.9022 ], [ 15.8366, 56.9034 ], [ 15.8363, 56.9041 ], [ 15.8352, 56.9041 ], [ 15.8345, 56.9033 ], [ 15.8357, 56.9026 ], [ 15.8359, 56.9017 ], [ 15.8372, 56.9014 ] ] ] } },
{ "type": "Feature", "properties": { "fid": 76051, "OBJECTID": 6228048, "Lannr": "03", "Lan": "UPPSALA LÄN", "Kommunnr": "0331", "Kommun": "HEBY", "ArendeAr": 2026, "Beteckn": "A 11555-2026", "Avverktyp": "Avverkning för annat ändamål", "Andamal": "Bete", "Inkomdatum": "2026-03-03T00:00:00", "AnmaldHa": 4.6, "ArendeStatus": "Anmält för avverkning", "AvverkningsanmalanKlass": "Avverkningsamalan", "Weeks": 29, "Naturvarden_Datinv": "1996-11-07", "Naturvarden_Area": 0.2, "Naturvarden_Hektar_calc": 1.1, "Naturvarden_Beteckn": "N 15723-1996", "Naturvarden_area(%)": 15, "Bolag": "-", "N": 6668614, "E": 627301, "URL": "https:\/\/kartor.skogsstyrelsen.se\/kartor\/?startapp=skogligagrunddata&x=6668614&y=627301&scale=7000&bg=Karta" }, "geometry": { "type": "Polygon", "coordinates": [ [ [ 17.2916, 60.1337 ], [ 17.2929, 60.134 ], [ 17.2935, 60.1339 ], [ 17.2947, 60.134 ], [ 17.2947, 60.1343 ], [ 17.2952, 60.1343 ], [ 17.2946, 60.1347 ], [ 17.2949, 60.1349 ], [ 17.2941, 60.1355 ], [ 17.2941, 60.1352 ], [ 17.2935, 60.1351 ], [ 17.2929, 60.1346 ], [ 17.2926, 60.1346 ], [ 17.2933, 60.1355 ], [ 17.2927, 60.1356 ], [ 17.2931, 60.1358 ], [ 17.2925, 60.1362 ], [ 17.2912, 60.1349 ], [ 17.2906, 60.1352 ], [ 17.2888, 60.1349 ], [ 17.2884, 60.1346 ], [ 17.2888, 60.1341 ], [ 17.2885, 60.134 ], [ 17.2897, 60.1339 ], [ 17.2902, 60.134 ], [ 17.2905, 60.1341 ], [ 17.2902, 60.1345 ], [ 17.2904, 60.1345 ], [ 17.2914, 60.1343 ], [ 17.2916, 60.1337 ] ] ] } },
{ "type": "Feature", "properties": { "fid": 74251, "OBJECTID": 6222632, "Lannr": "03", "Lan": "UPPSALA LÄN", "Kommunnr": "0331", "Kommun": "HEBY", "ArendeAr": 2026, "Beteckn": "A 9354-2026", "Avverktyp": "Avverkning för annat ändamål", "Andamal": "Bete", "Inkomdatum": "2026-02-17T00:00:00", "AnmaldHa": 9.6, "ArendeStatus": "Anmält för avverkning", "AvverkningsanmalanKlass": "Avverkningsamalan", "Weeks": 31, "Naturvarden_Datinv": "1996-11-07", "Naturvarden_Area": 1.1, "Naturvarden_Hektar_calc": 1.1, "Naturvarden_Beteckn": "N 15723-1996", "Naturvarden_area(%)": 98, "Bolag": "-", "N": 6668845, "E": 627456, "URL": "https:\/\/kartor.skogsstyrelsen.se\/kartor\/?startapp=skogligagrunddata&x=6668845&y=627456&scale=7000&bg=Karta" }, "geometry": { "type": "MultiPolygon", "coordinates": [ [ [ [ 17.2939, 60.1369 ], [ 17.2941, 60.1374 ], [ 17.2954, 60.1374 ], [ 17.2959, 60.138 ], [ 17.2958, 60.1386 ], [ 17.2961, 60.139 ], [ 17.2954, 60.1392 ], [ 17.2949, 60.1391 ], [ 17.2942, 60.1392 ], [ 17.2942, 60.1388 ], [ 17.2926, 60.1384 ], [ 17.2921, 60.1384 ], [ 17.2914, 60.1378 ], [ 17.2907, 60.1378 ], [ 17.2921, 60.1376 ], [ 17.2925, 60.1373 ], [ 17.2939, 60.1369 ] ] ], [ [ [ 17.2949, 60.1349 ], [ 17.2961, 60.1352 ], [ 17.2954, 60.1358 ], [ 17.2949, 60.1367 ], [ 17.2934, 60.1366 ], [ 17.293, 60.1369 ], [ 17.2913, 60.1371 ], [ 17.2913, 60.1361 ], [ 17.2923, 60.1358 ], [ 17.2925, 60.1362 ], [ 17.2931, 60.1358 ], [ 17.2943, 60.1354 ], [ 17.2949, 60.1349 ] ] ], [ [ [ 17.2978, 60.1345 ], [ 17.2994, 60.1351 ], [ 17.2988, 60.1352 ], [ 17.2983, 60.136 ], [ 17.2974, 60.1363 ], [ 17.2981, 60.1372 ], [ 17.2978, 60.1372 ], [ 17.2973, 60.1372 ], [ 17.2969, 60.1363 ], [ 17.2963, 60.1359 ], [ 17.2968, 60.1356 ], [ 17.2965, 60.1354 ], [ 17.2968, 60.1349 ], [ 17.2978, 60.1345 ] ] ], [ [ [ 17.2955, 60.1336 ], [ 17.2964, 60.1338 ], [ 17.2967, 60.1342 ], [ 17.2953, 60.1341 ], [ 17.2953, 60.1337 ], [ 17.2951, 60.1337 ], [ 17.2955, 60.1336 ] ] ] ] } },
{ "type": "Feature", "properties": { "fid": 60316, "OBJECTID": 6150575, "Lannr": "17", "Lan": "VÄRMLANDS LÄN", "Kommunnr": "1765", "Kommun": "ÅRJÄNG", "ArendeAr": 2025, "Beteckn": "A 61097-2025", "Avverktyp": "Föryngringsavverkning", "Andamal": "Uppgift saknas", "Inkomdatum": "2025-12-09T10:29:13", "AnmaldHa": 2.0, "ArendeStatus": "Anmält för avverkning", "AvverkningsanmalanKlass": "Avverkningsamalan", "Weeks": 41, "Naturvarden_Datinv": "1996-11-07", "Naturvarden_Area": 2.2, "Naturvarden_Hektar_calc": 3.5, "Naturvarden_Beteckn": "N 15747-1996", "Naturvarden_area(%)": 63, "Bolag": "-", "N": 6614505, "E": 322403, "URL": "https:\/\/kartor.skogsstyrelsen.se\/kartor\/?startapp=skogligagrunddata&x=6614505&y=322403&scale=7000&bg=Karta" }, "geometry": { "type": "Polygon", "coordinates": [ [ [ 11.8497, 59.63 ], [ 11.8506, 59.6302 ], [ 11.8513, 59.6307 ], [ 11.8523, 59.6311 ], [ 11.8503, 59.6316 ], [ 11.8503, 59.6315 ], [ 11.8492, 59.6313 ], [ 11.8494, 59.6309 ], [ 11.8486, 59.6302 ], [ 11.8489, 59.6301 ], [ 11.8497, 59.63 ] ] ] } },
{ "type": "Feature", "properties": { "fid": 72139, "OBJECTID": 6412235, "Lannr": "06", "Lan": "JÖNKÖPINGS LÄN", "Kommunnr": "0604", "Kommun": "ANEBY", "ArendeAr": 2026, "Beteckn": "A 21356-2026", "Avverktyp": "Avverkning för att bevara och utveckla \/försöksver", "Andamal": "bevara och utveckla natur- och kulturmiljövärden", "Inkomdatum": "2026-05-05T00:00:00", "AnmaldHa": 2.1, "ArendeStatus": "Anmält för avverkning", "AvverkningsanmalanKlass": "Avverkningsamalan", "Weeks": 20, "Naturvarden_Datinv": "1996-11-14", "Naturvarden_Area": 1.3, "Naturvarden_Hektar_calc": 1.3, "Naturvarden_Beteckn": "N 16032-1996", "Naturvarden_area(%)": 100, "Bolag": "-", "N": 6400890, "E": 500787, "URL": "https:\/\/kartor.skogsstyrelsen.se\/kartor\/?startapp=skogligagrunddata&x=6400890&y=500787&scale=7000&bg=Karta" }, "geometry": { "type": "Polygon", "coordinates": [ [ [ 15.0156, 57.7488 ], [ 15.0158, 57.7489 ], [ 15.0156, 57.7491 ], [ 15.0135, 57.7503 ], [ 15.0126, 57.7513 ], [ 15.0123, 57.7511 ], [ 15.0118, 57.7513 ], [ 15.0114, 57.7512 ], [ 15.0119, 57.7503 ], [ 15.0135, 57.7496 ], [ 15.0143, 57.749 ], [ 15.0146, 57.7489 ], [ 15.015, 57.749 ], [ 15.015, 57.7489 ], [ 15.0156, 57.7488 ] ] ] } },
{ "type": "Feature", "properties": { "fid": 128723, "OBJECTID": 6513678, "Lannr": "06", "Lan": "JÖNKÖPINGS LÄN", "Kommunnr": "0617", "Kommun": "GNOSJÖ", "ArendeAr": 2026, "Beteckn": "A 38886-2026", "Avverktyp": "Föryngringsavverkning", "Andamal": "Uppgift saknas", "Inkomdatum": "2026-09-21T14:14:32", "AnmaldHa": 1.5, "ArendeStatus": "Anmält för avverkning", "AvverkningsanmalanKlass": "NyAvverkningsanmalan", "Weeks": 0, "Naturvarden_Datinv": "1996-11-17", "Naturvarden_Area": 0.2, "Naturvarden_Hektar_calc": 5.0, "Naturvarden_Beteckn": "N 16092-1996", "Naturvarden_area(%)": 3, "Bolag": "-", "N": 6353831, "E": 424059, "URL": "https:\/\/kartor.skogsstyrelsen.se\/kartor\/?startapp=skogligagrunddata&x=6353831&y=424059&scale=7000&bg=Karta" }, "geometry": { "type": "Polygon", "coordinates": [ [ [ 13.7388, 57.3203 ], [ 13.74, 57.3204 ], [ 13.7401, 57.3206 ], [ 13.7387, 57.3221 ], [ 13.738, 57.3214 ], [ 13.7386, 57.3203 ], [ 13.7388, 57.3203 ] ] ] } },
{ "type": "Feature", "properties": { "fid": 63802, "OBJECTID": 6161104, "Lannr": "17", "Lan": "VÄRMLANDS LÄN", "Kommunnr": "1780", "Kommun": "KARLSTAD", "ArendeAr": 2025, "Beteckn": "A 63122-2025", "Avverktyp": "Föryngringsavverkning", "Andamal": "Uppgift saknas", "Inkomdatum": "2025-12-18T21:03:38", "AnmaldHa": 1.8, "ArendeStatus": "Anmält för avverkning", "AvverkningsanmalanKlass": "Avverkningsamalan", "Weeks": 40, "Naturvarden_Datinv": "1996-12-05", "Naturvarden_Area": 0.3, "Naturvarden_Hektar_calc": 0.9, "Naturvarden_Beteckn": "N 16863-1996", "Naturvarden_area(%)": 35, "Bolag": "-", "N": 6593787, "E": 428769, "URL": "https:\/\/kartor.skogsstyrelsen.se\/kartor\/?startapp=skogligagrunddata&x=6593787&y=428769&scale=7000&bg=Karta" }, "geometry": { "type": "Polygon", "coordinates": [ [ [ 13.7437, 59.4757 ], [ 13.7439, 59.4768 ], [ 13.7412, 59.4776 ], [ 13.7409, 59.4775 ], [ 13.7418, 59.4772 ], [ 13.7418, 59.4767 ], [ 13.7421, 59.4764 ], [ 13.7419, 59.4759 ], [ 13.7424, 59.4757 ], [ 13.7437, 59.4757 ] ] ] } },
{ "type": "Feature", "properties": { "fid": 86389, "OBJECTID": 6456837, "Lannr": "17", "Lan": "VÄRMLANDS LÄN", "Kommunnr": "1764", "Kommun": "GRUMS", "ArendeAr": 2026, "Beteckn": "A 26015-2026", "Avverktyp": "Avverkning för annat ändamål", "Andamal": "Skogsbilväg", "Inkomdatum": "2026-06-08T11:05:43", "AnmaldHa": 0.7, "ArendeStatus": "Anmält för avverkning", "AvverkningsanmalanKlass": "Avverkningsamalan", "Weeks": 15, "Naturvarden_Datinv": "1996-12-17", "Naturvarden_Area": 1.6, "Naturvarden_Hektar_calc": 18.5, "Naturvarden_Beteckn": "N 17147-1996", "Naturvarden_area(%)": 9, "Bolag": "-", "N": 6581851, "E": 394841, "URL": "https:\/\/kartor.skogsstyrelsen.se\/kartor\/?startapp=skogligagrunddata&x=6581851&y=394841&scale=7000&bg=Karta" }, "geometry": { "type": "Polygon", "coordinates": [ [ [ 13.1535, 59.361 ], [ 13.1536, 59.3613 ], [ 13.1532, 59.3618 ], [ 13.1517, 59.3624 ], [ 13.1497, 59.3626 ], [ 13.1483, 59.3624 ], [ 13.148, 59.3627 ], [ 13.1467, 59.3627 ], [ 13.1464, 59.363 ], [ 13.145, 59.3629 ], [ 13.1464, 59.3629 ], [ 13.1466, 59.3626 ], [ 13.1479, 59.3627 ], [ 13.1482, 59.3623 ], [ 13.1497, 59.3625 ], [ 13.1516, 59.3624 ], [ 13.1531, 59.3617 ], [ 13.1533, 59.3615 ], [ 13.153, 59.3612 ], [ 13.1535, 59.361 ] ], [ [ 13.1534, 59.3611 ], [ 13.1532, 59.3612 ], [ 13.1534, 59.3614 ], [ 13.1534, 59.3613 ], [ 13.1534, 59.3611 ] ] ] } },
{ "type": "Feature", "properties": { "fid": 57074, "OBJECTID": 6140295, "Lannr": "17", "Lan": "VÄRMLANDS LÄN", "Kommunnr": "1763", "Kommun": "FORSHAGA", "ArendeAr": 2025, "Beteckn": "A 59090-2025", "Avverktyp": "Föryngringsavverkning", "Andamal": "Uppgift saknas", "Inkomdatum": "2025-11-27T10:43:41", "AnmaldHa": 1.2, "ArendeStatus": "Anmält för avverkning", "AvverkningsanmalanKlass": "Avverkningsamalan", "Weeks": 43, "Naturvarden_Datinv": "1997-01-28", "Naturvarden_Area": 0.7, "Naturvarden_Hektar_calc": 1.7, "Naturvarden_Beteckn": "N 232-1997", "Naturvarden_area(%)": 41, "Bolag": "-", "N": 6612101, "E": 412425, "URL": "https:\/\/kartor.skogsstyrelsen.se\/kartor\/?startapp=skogligagrunddata&x=6612101&y=412425&scale=7000&bg=Karta" }, "geometry": { "type": "Polygon", "coordinates": [ [ [ 13.4476, 59.6372 ], [ 13.4482, 59.6382 ], [ 13.4478, 59.6383 ], [ 13.4474, 59.6379 ], [ 13.447, 59.638 ], [ 13.4473, 59.6383 ], [ 13.4466, 59.6385 ], [ 13.4459, 59.6383 ], [ 13.4461, 59.6381 ], [ 13.445, 59.6376 ], [ 13.4476, 59.6372 ] ] ] } },
{ "type": "Feature", "properties": { "fid": 64932, "OBJECTID": 6165314, "Lannr": "07", "Lan": "KRONOBERGS LÄN", "Kommunnr": "0767", "Kommun": "MARKARYD", "ArendeAr": 2025, "Beteckn": "A 63468-2025", "Avverktyp": "Föryngringsavverkning", "Andamal": "Uppgift saknas", "Inkomdatum": "2025-12-22T10:22:53", "AnmaldHa": 1.4, "ArendeStatus": "Anmält för avverkning", "AvverkningsanmalanKlass": "Avverkningsamalan", "Weeks": 39, "Naturvarden_Datinv": "1997-02-20", "Naturvarden_Area": 0.1, "Naturvarden_Hektar_calc": 1.2, "Naturvarden_Beteckn": "N 609-1997", "Naturvarden_area(%)": 9, "Bolag": "-", "N": 6264762, "E": 425756, "URL": "https:\/\/kartor.skogsstyrelsen.se\/kartor\/?startapp=skogligagrunddata&x=6264762&y=425756&scale=7000&bg=Karta" }, "geometry": { "type": "Polygon", "coordinates": [ [ [ 13.7916, 56.5208 ], [ 13.7942, 56.5209 ], [ 13.7939, 56.5212 ], [ 13.794, 56.5214 ], [ 13.7946, 56.5216 ], [ 13.7945, 56.522 ], [ 13.7937, 56.5221 ], [ 13.7918, 56.5212 ], [ 13.7916, 56.5208 ] ] ] } },
{ "type": "Feature", "properties": { "fid": 56243, "OBJECTID": 6138202, "Lannr": "14", "Lan": "VÄSTRA GÖTALANDS LÄN", "Kommunnr": "1430", "Kommun": "MUNKEDAL", "ArendeAr": 2025, "Beteckn": "A 58515-2025", "Avverktyp": "Föryngringsavverkning", "Andamal": "Uppgift saknas", "Inkomdatum": "2025-11-24T16:55:44", "AnmaldHa": 3.8, "ArendeStatus": "Anmält för avverkning", "AvverkningsanmalanKlass": "Avverkningsamalan", "Weeks": 43, "Naturvarden_Datinv": "1997-03-21", "Naturvarden_Area": 0.1, "Naturvarden_Hektar_calc": 4.1, "Naturvarden_Beteckn": "N 1537-1997", "Naturvarden_area(%)": 2, "Bolag": "-", "N": 6515527, "E": 315900, "URL": "https:\/\/kartor.skogsstyrelsen.se\/kartor\/?startapp=skogligagrunddata&x=6515527&y=315900&scale=7000&bg=Karta" }, "geometry": { "type": "MultiPolygon", "coordinates": [ [ [ [ 11.8186, 58.7399 ], [ 11.8192, 58.7402 ], [ 11.8199, 58.7402 ], [ 11.8216, 58.7409 ], [ 11.8222, 58.7423 ], [ 11.8194, 58.7415 ], [ 11.8191, 58.7405 ], [ 11.8188, 58.7402 ], [ 11.8176, 58.7399 ], [ 11.8186, 58.7399 ] ] ], [ [ [ 11.8158, 58.7393 ], [ 11.8166, 58.7405 ], [ 11.817, 58.7409 ], [ 11.8152, 58.7404 ], [ 11.8153, 58.7397 ], [ 11.8158, 58.7393 ] ] ], [ [ [ 11.8148, 58.7375 ], [ 11.8151, 58.738 ], [ 11.8163, 58.7386 ], [ 11.8162, 58.739 ], [ 11.8159, 58.7392 ], [ 11.8155, 58.7391 ], [ 11.8158, 58.739 ], [ 11.815, 58.7383 ], [ 11.8146, 58.7376 ], [ 11.8148, 58.7375 ] ] ] ] } },
{ "type": "Feature", "properties": { "fid": 40488, "OBJECTID": 6093667, "Lannr": "17", "Lan": "VÄRMLANDS LÄN", "Kommunnr": "1763", "Kommun": "FORSHAGA", "ArendeAr": 2025, "Beteckn": "A 47940-2025", "Avverktyp": "Föryngringsavverkning", "Andamal": "Uppgift saknas", "Inkomdatum": "2025-10-02T00:00:00", "AnmaldHa": 3.1, "ArendeStatus": "Anmält för avverkning", "AvverkningsanmalanKlass": "Avverkningsamalan", "Weeks": 51, "Naturvarden_Datinv": "1997-03-26", "Naturvarden_Area": 0.1, "Naturvarden_Hektar_calc": 0.1, "Naturvarden_Beteckn": "N 1703-1997", "Naturvarden_area(%)": 96, "Bolag": "-", "N": 6615315, "E": 415093, "URL": "https:\/\/kartor.skogsstyrelsen.se\/kartor\/?startapp=skogligagrunddata&x=6615315&y=415093&scale=7000&bg=Karta" }, "geometry": { "type": "MultiPolygon", "coordinates": [ [ [ [ 13.4949, 59.6687 ], [ 13.4953, 59.669 ], [ 13.494, 59.6693 ], [ 13.494, 59.6688 ], [ 13.4949, 59.6687 ] ] ], [ [ [ 13.492, 59.6648 ], [ 13.493, 59.6658 ], [ 13.4937, 59.6693 ], [ 13.4927, 59.6693 ], [ 13.4928, 59.6688 ], [ 13.4918, 59.6686 ], [ 13.4923, 59.6684 ], [ 13.4932, 59.6685 ], [ 13.4933, 59.6684 ], [ 13.4929, 59.6678 ], [ 13.4918, 59.6677 ], [ 13.4916, 59.6675 ], [ 13.4923, 59.6671 ], [ 13.4929, 59.667 ], [ 13.4926, 59.6659 ], [ 13.4907, 59.6658 ], [ 13.492, 59.6648 ] ] ] ] } },
{ "type": "Feature", "properties": { "fid": 88649, "OBJECTID": 6458987, "Lannr": "12", "Lan": "SKÅNE LÄN", "Kommunnr": "1272", "Kommun": "BROMÖLLA", "ArendeAr": 2026, "Beteckn": "A 26477-2026", "Avverktyp": "Föryngringsavverkning", "Andamal": "Uppgift saknas", "Inkomdatum": "2026-06-10T12:38:04", "AnmaldHa": 15.6, "ArendeStatus": "Anmält för avverkning", "AvverkningsanmalanKlass": "Avverkningsamalan", "Weeks": 15, "Naturvarden_Datinv": "1997-04-08", "Naturvarden_Area": 0.4, "Naturvarden_Hektar_calc": 1.3, "Naturvarden_Beteckn": "N 2132-1997", "Naturvarden_area(%)": 29, "Bolag": "-", "N": 6222100, "E": 473545, "URL": "https:\/\/kartor.skogsstyrelsen.se\/kartor\/?startapp=skogligagrunddata&x=6222100&y=473545&scale=7000&bg=Karta" }, "geometry": { "type": "Polygon", "coordinates": [ [ [ 14.5706, 56.1408 ], [ 14.5709, 56.1411 ], [ 14.5723, 56.141 ], [ 14.5725, 56.1418 ], [ 14.5728, 56.1422 ], [ 14.5733, 56.1421 ], [ 14.5733, 56.1415 ], [ 14.5736, 56.1415 ], [ 14.574, 56.1419 ], [ 14.5745, 56.1419 ], [ 14.575, 56.1426 ], [ 14.5758, 56.1425 ], [ 14.5762, 56.1423 ], [ 14.5762, 56.1418 ], [ 14.575, 56.1416 ], [ 14.5753, 56.1414 ], [ 14.5771, 56.1412 ], [ 14.5782, 56.1413 ], [ 14.5787, 56.1415 ], [ 14.579, 56.1417 ], [ 14.5786, 56.1425 ], [ 14.5777, 56.1428 ], [ 14.5769, 56.1435 ], [ 14.5761, 56.1433 ], [ 14.5758, 56.1429 ], [ 14.5743, 56.143 ], [ 14.5738, 56.1433 ], [ 14.5744, 56.1437 ], [ 14.576, 56.1437 ], [ 14.5758, 56.1441 ], [ 14.576, 56.1443 ], [ 14.5769, 56.144 ], [ 14.5774, 56.1442 ], [ 14.5779, 56.1441 ], [ 14.5784, 56.1442 ], [ 14.5782, 56.1443 ], [ 14.5787, 56.1448 ], [ 14.5793, 56.1448 ], [ 14.5794, 56.145 ], [ 14.5776, 56.1451 ], [ 14.5771, 56.1449 ], [ 14.5731, 56.1451 ], [ 14.5726, 56.1452 ], [ 14.5703, 56.1452 ], [ 14.5707, 56.1444 ], [ 14.5706, 56.1434 ], [ 14.5703, 56.1433 ], [ 14.5703, 56.1422 ], [ 14.571, 56.142 ], [ 14.5707, 56.1418 ], [ 14.5709, 56.1414 ], [ 14.5704, 56.1413 ], [ 14.5706, 56.1408 ] ], [ [ 14.5719, 56.1433 ], [ 14.5709, 56.1439 ], [ 14.5708, 56.1441 ], [ 14.5711, 56.1445 ], [ 14.5717, 56.1443 ], [ 14.5725, 56.1434 ], [ 14.5719, 56.1433 ] ] ] } },
{ "type": "Feature", "properties": { "fid": 113824, "OBJECTID": 6486570, "Lannr": "20", "Lan": "DALARNAS LÄN", "Kommunnr": "2039", "Kommun": "ÄLVDALEN", "ArendeAr": 2026, "Beteckn": "A 15715-2026", "Avverktyp": "Föryngringsavverkning", "Andamal": "Uppgift saknas", "Inkomdatum": "2026-03-26T08:39:22", "AnmaldHa": 7.4, "ArendeStatus": "Anmält för avverkning", "AvverkningsanmalanKlass": "Avverkningsamalan", "Weeks": 26, "Naturvarden_Datinv": "1997-04-23", "Naturvarden_Area": 2.8, "Naturvarden_Hektar_calc": 2.8, "Naturvarden_Beteckn": "N 2996-1997", "Naturvarden_area(%)": 100, "Bolag": "-", "N": 6794111, "E": 420468, "URL": "https:\/\/kartor.skogsstyrelsen.se\/kartor\/?startapp=skogligagrunddata&x=6794111&y=420468&scale=7000&bg=Karta" }, "geometry": { "type": "MultiPolygon", "coordinates": [ [ [ [ 13.5208, 61.2726 ], [ 13.5261, 61.2741 ], [ 13.5255, 61.2744 ], [ 13.5244, 61.2747 ], [ 13.5236, 61.2746 ], [ 13.5233, 61.2742 ], [ 13.5224, 61.274 ], [ 13.5214, 61.2736 ], [ 13.52, 61.2737 ], [ 13.5199, 61.2734 ], [ 13.5208, 61.2726 ] ] ], [ [ [ 13.519, 61.272 ], [ 13.5202, 61.2724 ], [ 13.5183, 61.2734 ], [ 13.5175, 61.2746 ], [ 13.5132, 61.2735 ], [ 13.5136, 61.2728 ], [ 13.5176, 61.2735 ], [ 13.519, 61.272 ] ] ], [ [ [ 13.5113, 61.2714 ], [ 13.5124, 61.2717 ], [ 13.5124, 61.2725 ], [ 13.5132, 61.2727 ], [ 13.512, 61.2732 ], [ 13.5072, 61.2719 ], [ 13.5077, 61.2715 ], [ 13.5083, 61.2719 ], [ 13.5113, 61.2714 ] ] ] ] } },
{ "type": "Feature", "properties": { "fid": 77603, "OBJECTID": 6234061, "Lannr": "19", "Lan": "VÄSTMANLANDS LÄN", "Kommunnr": "1980", "Kommun": "VÄSTERÅS", "ArendeAr": 2026, "Beteckn": "A 7701-2026", "Avverktyp": "Föryngringsavverkning", "Andamal": "Uppgift saknas", "Inkomdatum": "2026-02-06T00:00:00", "AnmaldHa": 1.4, "ArendeStatus": "Anmält för avverkning", "AvverkningsanmalanKlass": "Avverkningsamalan", "Weeks": 33, "Naturvarden_Datinv": "1997-04-30", "Naturvarden_Area": 1.2, "Naturvarden_Hektar_calc": 1.6, "Naturvarden_Beteckn": "N 3377-1997", "Naturvarden_area(%)": 77, "Bolag": "-", "N": 6595000, "E": 574344, "URL": "https:\/\/kartor.skogsstyrelsen.se\/kartor\/?startapp=skogligagrunddata&x=6595000&y=574344&scale=7000&bg=Karta" }, "geometry": { "type": "Polygon", "coordinates": [ [ [ 16.3131, 59.4862 ], [ 16.3139, 59.4863 ], [ 16.3139, 59.4865 ], [ 16.3134, 59.4865 ], [ 16.3133, 59.4873 ], [ 16.3138, 59.4875 ], [ 16.3133, 59.4877 ], [ 16.3112, 59.4869 ], [ 16.3118, 59.4864 ], [ 16.3131, 59.4862 ] ] ] } },
{ "type": "Feature", "properties": { "fid": 56723, "OBJECTID": 6311127, "Lannr": "19", "Lan": "VÄSTMANLANDS LÄN", "Kommunnr": "1980", "Kommun": "VÄSTERÅS", "ArendeAr": 2026, "Beteckn": "A 19927-2026", "Avverktyp": "Föryngringsavverkning", "Andamal": "Uppgift saknas", "Inkomdatum": "2026-04-24T08:56:22", "AnmaldHa": 2.5, "ArendeStatus": "Anmält för avverkning", "AvverkningsanmalanKlass": "Avverkningsamalan", "Weeks": 22, "Naturvarden_Datinv": "1997-05-07", "Naturvarden_Area": 0.6, "Naturvarden_Hektar_calc": 1.1, "Naturvarden_Beteckn": "N 3728-1997", "Naturvarden_area(%)": 53, "Bolag": "-", "N": 6626351, "E": 596673, "URL": "https:\/\/kartor.skogsstyrelsen.se\/kartor\/?startapp=skogligagrunddata&x=6626351&y=596673&scale=7000&bg=Karta" }, "geometry": { "type": "Polygon", "coordinates": [ [ [ 16.7209, 59.7625 ], [ 16.7214, 59.763 ], [ 16.721, 59.7634 ], [ 16.7213, 59.7637 ], [ 16.7218, 59.7637 ], [ 16.7229, 59.7639 ], [ 16.7231, 59.7645 ], [ 16.7226, 59.7649 ], [ 16.7218, 59.7649 ], [ 16.7195, 59.7637 ], [ 16.7192, 59.7627 ], [ 16.7209, 59.7625 ] ] ] } },
{ "type": "Feature", "properties": { "fid": 43241, "OBJECTID": 6103966, "Lannr": "09", "Lan": "GOTLANDS LÄN", "Kommunnr": "0980", "Kommun": "GOTLAND", "ArendeAr": 2025, "Beteckn": "A 49690-2025", "Avverktyp": "Föryngringsavverkning", "Andamal": "Uppgift saknas", "Inkomdatum": "2025-10-09T16:00:55", "AnmaldHa": 8.2, "ArendeStatus": "Anmält för avverkning", "AvverkningsanmalanKlass": "Avverkningsamalan", "Weeks": 50, "Naturvarden_Datinv": "1997-05-20", "Naturvarden_Area": 0.2, "Naturvarden_Hektar_calc": 0.4, "Naturvarden_Beteckn": "N 4423-1997", "Naturvarden_area(%)": 44, "Bolag": "-", "N": 6433598, "E": 754750, "URL": "https:\/\/kartor.skogsstyrelsen.se\/kartor\/?startapp=skogligagrunddata&x=6433598&y=754750&scale=7000&bg=Karta" }, "geometry": { "type": "Polygon", "coordinates": [ [ [ 19.3183, 57.9698 ], [ 19.318, 57.9703 ], [ 19.2996, 57.9722 ], [ 19.302, 57.9709 ], [ 19.3183, 57.9698 ] ] ] } },
{ "type": "Feature", "properties": { "fid": 33191, "OBJECTID": 6251357, "Lannr": "08", "Lan": "KALMAR LÄN", "Kommunnr": "0881", "Kommun": "NYBRO", "ArendeAr": 2026, "Beteckn": "A 11449-2026", "Avverktyp": "Föryngringsavverkning", "Andamal": "Uppgift saknas", "Inkomdatum": "2026-03-02T13:03:52", "AnmaldHa": 0.8, "ArendeStatus": "Anmält för avverkning", "AvverkningsanmalanKlass": "Avverkningsamalan", "Weeks": 29, "Naturvarden_Datinv": "1997-05-20", "Naturvarden_Area": 0.5, "Naturvarden_Hektar_calc": 3.6, "Naturvarden_Beteckn": "N 4432-1997", "Naturvarden_area(%)": 15, "Bolag": "-", "N": 6321133, "E": 557640, "URL": "https:\/\/kartor.skogsstyrelsen.se\/kartor\/?startapp=skogligagrunddata&x=6321133&y=557640&scale=7000&bg=Karta" }, "geometry": { "type": "Polygon", "coordinates": [ [ [ 15.9492, 57.0293 ], [ 15.9495, 57.0297 ], [ 15.9507, 57.0303 ], [ 15.9504, 57.0307 ], [ 15.9486, 57.0299 ], [ 15.9492, 57.0293 ] ] ] } },
{ "type": "Feature", "properties": { "fid": 43242, "OBJECTID": 6103970, "Lannr": "09", "Lan": "GOTLANDS LÄN", "Kommunnr": "0980", "Kommun": "GOTLAND", "ArendeAr": 2025, "Beteckn": "A 49709-2025", "Avverktyp": "Föryngringsavverkning", "Andamal": "Uppgift saknas", "Inkomdatum": "2025-10-09T16:22:29", "AnmaldHa": 10.2, "ArendeStatus": "Anmält för avverkning", "AvverkningsanmalanKlass": "Avverkningsamalan", "Weeks": 50, "Naturvarden_Datinv": "1997-05-21", "Naturvarden_Area": 0.1, "Naturvarden_Hektar_calc": 0.1, "Naturvarden_Beteckn": "N 4533-1997", "Naturvarden_area(%)": 87, "Bolag": "-", "N": 6433526, "E": 753071, "URL": "https:\/\/kartor.skogsstyrelsen.se\/kartor\/?startapp=skogligagrunddata&x=6433526&y=753071&scale=7000&bg=Karta" }, "geometry": { "type": "Polygon", "coordinates": [ [ [ 19.2817, 57.9698 ], [ 19.2831, 57.9722 ], [ 19.2832, 57.9732 ], [ 19.2813, 57.9727 ], [ 19.2759, 57.9715 ], [ 19.2758, 57.9702 ], [ 19.2817, 57.9698 ] ] ] } },
{ "type": "Feature", "properties": { "fid": 122786, "OBJECTID": 6500333, "Lannr": "07", "Lan": "KRONOBERGS LÄN", "Kommunnr": "0765", "Kommun": "ÄLMHULT", "ArendeAr": 2026, "Beteckn": "A 25207-2026", "Avverktyp": "Avverkning för att bevara och utveckla \/försöksver", "Andamal": "bevara och utveckla natur- och kulturmiljövärden", "Inkomdatum": "2026-05-29T00:00:00", "AnmaldHa": 15.3, "ArendeStatus": "Anmält för avverkning", "AvverkningsanmalanKlass": "Avverkningsamalan", "Weeks": 17, "Naturvarden_Datinv": "1997-05-29", "Naturvarden_Area": 1.5, "Naturvarden_Hektar_calc": 1.5, "Naturvarden_Beteckn": "N 5124-1997", "Naturvarden_area(%)": 100, "Bolag": "-", "N": 6274707, "E": 432542, "URL": "https:\/\/kartor.skogsstyrelsen.se\/kartor\/?startapp=skogligagrunddata&x=6274707&y=432542&scale=7000&bg=Karta" }, "geometry": { "type": "Polygon", "coordinates": [ [ [ 13.9002, 56.6085 ], [ 13.9008, 56.6093 ], [ 13.9003, 56.6094 ], [ 13.9003, 56.61 ], [ 13.9007, 56.61 ], [ 13.9009, 56.6098 ], [ 13.9028, 56.611 ], [ 13.9036, 56.6112 ], [ 13.9039, 56.6115 ], [ 13.9036, 56.6121 ], [ 13.9053, 56.6122 ], [ 13.9063, 56.613 ], [ 13.9034, 56.6141 ], [ 13.903, 56.6127 ], [ 13.9028, 56.6126 ], [ 13.9016, 56.6127 ], [ 13.9013, 56.6128 ], [ 13.9013, 56.6131 ], [ 13.8994, 56.614 ], [ 13.898, 56.6138 ], [ 13.898, 56.6135 ], [ 13.8975, 56.6132 ], [ 13.8976, 56.6129 ], [ 13.8985, 56.6125 ], [ 13.8981, 56.6122 ], [ 13.8984, 56.6113 ], [ 13.8979, 56.6109 ], [ 13.8981, 56.6102 ], [ 13.8979, 56.6099 ], [ 13.8975, 56.6097 ], [ 13.9002, 56.6085 ] ] ] } },
{ "type": "Feature", "properties": { "fid": 117696, "OBJECTID": 6496514, "Lannr": "22", "Lan": "VÄSTERNORRLANDS LÄN", "Kommunnr": "2283", "Kommun": "SOLLEFTEÅ", "ArendeAr": 2026, "Beteckn": "A 26812-2026", "Avverktyp": "Föryngringsavverkning", "Andamal": "Uppgift saknas", "Inkomdatum": "2026-06-12T08:16:41", "AnmaldHa": 4.8, "ArendeStatus": "Anmält för avverkning", "AvverkningsanmalanKlass": "Avverkningsamalan", "Weeks": 15, "Naturvarden_Datinv": "1997-05-29", "Naturvarden_Area": 0.1, "Naturvarden_Hektar_calc": 0.1, "Naturvarden_Beteckn": "N 5144-1997", "Naturvarden_area(%)": 96, "Bolag": "-", "N": 7045683, "E": 583819, "URL": "https:\/\/kartor.skogsstyrelsen.se\/kartor\/?startapp=skogligagrunddata&x=7045683&y=583819&scale=7000&bg=Karta" }, "geometry": { "type": "Polygon", "coordinates": [ [ [ 16.6838, 63.5281 ], [ 16.6861, 63.5282 ], [ 16.6888, 63.5287 ], [ 16.6885, 63.5295 ], [ 16.688, 63.5294 ], [ 16.6874, 63.53 ], [ 16.6876, 63.5307 ], [ 16.686, 63.531 ], [ 16.6843, 63.5311 ], [ 16.6831, 63.5309 ], [ 16.6838, 63.5281 ] ], [ [ 16.6873, 63.5291 ], [ 16.6866, 63.5293 ], [ 16.6856, 63.5293 ], [ 16.6853, 63.5295 ], [ 16.6845, 63.5293 ], [ 16.6848, 63.5305 ], [ 16.6859, 63.5309 ], [ 16.6867, 63.5307 ], [ 16.686, 63.5303 ], [ 16.6868, 63.5303 ], [ 16.687, 63.5298 ], [ 16.6876, 63.5297 ], [ 16.6879, 63.5292 ], [ 16.6873, 63.5291 ] ] ] } },
{ "type": "Feature", "properties": { "fid": 121132, "OBJECTID": 6498525, "Lannr": "06", "Lan": "JÖNKÖPINGS LÄN", "Kommunnr": "0687", "Kommun": "TRANÅS", "ArendeAr": 2026, "Beteckn": "A 10495-2026", "Avverktyp": "Avverkning för att bevara och utveckla \/försöksver", "Andamal": "bevara och utveckla natur- och kulturmiljövärden", "Inkomdatum": "2026-02-24T00:00:00", "AnmaldHa": 1.8, "ArendeStatus": "Anmält för avverkning", "AvverkningsanmalanKlass": "Avverkningsamalan", "Weeks": 30, "Naturvarden_Datinv": "1997-05-30", "Naturvarden_Area": 0.5, "Naturvarden_Hektar_calc": 0.5, "Naturvarden_Beteckn": "N 5192-1997", "Naturvarden_area(%)": 99, "Bolag": "-", "N": 6430406, "E": 492750, "URL": "https:\/\/kartor.skogsstyrelsen.se\/kartor\/?startapp=skogligagrunddata&x=6430406&y=492750&scale=7000&bg=Karta" }, "geometry": { "type": "Polygon", "coordinates": [ [ [ 14.8766, 58.0142 ], [ 14.8785, 58.0145 ], [ 14.879, 58.0149 ], [ 14.8792, 58.0156 ], [ 14.8788, 58.0157 ], [ 14.8786, 58.0148 ], [ 14.8778, 58.0147 ], [ 14.8774, 58.0147 ], [ 14.8772, 58.0151 ], [ 14.8781, 58.0155 ], [ 14.8782, 58.0158 ], [ 14.8759, 58.0162 ], [ 14.8765, 58.0152 ], [ 14.8766, 58.0142 ] ] ] } },
{ "type": "Feature", "properties": { "fid": 105530, "OBJECTID": 6475217, "Lannr": "18", "Lan": "ÖREBRO LÄN", "Kommunnr": "1861", "Kommun": "HALLSBERG", "ArendeAr": 2026, "Beteckn": "A 29419-2026", "Avverktyp": "Föryngringsavverkning", "Andamal": "Uppgift saknas", "Inkomdatum": "2026-06-30T13:01:21", "AnmaldHa": 7.0, "ArendeStatus": "Anmält för avverkning", "AvverkningsanmalanKlass": "Avverkningsamalan", "Weeks": 12, "Naturvarden_Datinv": "1997-06-03", "Naturvarden_Area": 0.1, "Naturvarden_Hektar_calc": 1.1, "Naturvarden_Beteckn": "N 5513-1997", "Naturvarden_area(%)": 12, "Bolag": "Övriga (HB, KB, gemensamhetsskogar", "N": 6536665, "E": 531051, "URL": "https:\/\/kartor.skogsstyrelsen.se\/kartor\/?startapp=skogligagrunddata&x=6536665&y=531051&scale=7000&bg=Karta" }, "geometry": { "type": "MultiPolygon", "coordinates": [ [ [ [ 15.5428, 58.9667 ], [ 15.5436, 58.967 ], [ 15.544, 58.9677 ], [ 15.5429, 58.9676 ], [ 15.5423, 58.9673 ], [ 15.5419, 58.9675 ], [ 15.5419, 58.9678 ], [ 15.5416, 58.9683 ], [ 15.5414, 58.9683 ], [ 15.541, 58.9678 ], [ 15.5407, 58.9677 ], [ 15.5407, 58.9673 ], [ 15.5411, 58.9672 ], [ 15.5412, 58.9675 ], [ 15.5415, 58.9675 ], [ 15.5421, 58.967 ], [ 15.5428, 58.9667 ] ] ], [ [ [ 15.5396, 58.9658 ], [ 15.54, 58.9659 ], [ 15.5405, 58.9669 ], [ 15.5405, 58.9671 ], [ 15.54, 58.9672 ], [ 15.5393, 58.9677 ], [ 15.5398, 58.9683 ], [ 15.5406, 58.9685 ], [ 15.5401, 58.9691 ], [ 15.5406, 58.9693 ], [ 15.5413, 58.9693 ], [ 15.5424, 58.9696 ], [ 15.5425, 58.9702 ], [ 15.5424, 58.9703 ], [ 15.5419, 58.9702 ], [ 15.5407, 58.9704 ], [ 15.5396, 58.9704 ], [ 15.5396, 58.9701 ], [ 15.5401, 58.9701 ], [ 15.5395, 58.9699 ], [ 15.5386, 58.9706 ], [ 15.5378, 58.9707 ], [ 15.5375, 58.9705 ], [ 15.5381, 58.9697 ], [ 15.5379, 58.9684 ], [ 15.5381, 58.9678 ], [ 15.538, 58.9675 ], [ 15.5389, 58.9659 ], [ 15.5393, 58.9661 ], [ 15.5396, 58.966 ], [ 15.5396, 58.9658 ] ] ] ] } },
{ "type": "Feature", "properties": { "fid": 51114, "OBJECTID": 6131743, "Lannr": "21", "Lan": "GÄVLEBORGS LÄN", "Kommunnr": "2180", "Kommun": "GÄVLE", "ArendeAr": 2025, "Beteckn": "A 55432-2025", "Avverktyp": "Föryngringsavverkning", "Andamal": "Uppgift saknas", "Inkomdatum": "2025-11-10T11:31:49", "AnmaldHa": 0.5, "ArendeStatus": "Anmält för avverkning", "AvverkningsanmalanKlass": "Avverkningsamalan", "Weeks": 45, "Naturvarden_Datinv": "1997-06-03", "Naturvarden_Area": 0.2, "Naturvarden_Hektar_calc": 0.6, "Naturvarden_Beteckn": "N 5544-1997", "Naturvarden_area(%)": 30, "Bolag": "-", "N": 6699724, "E": 606494, "URL": "https:\/\/kartor.skogsstyrelsen.se\/kartor\/?startapp=skogligagrunddata&x=6699724&y=606494&scale=7000&bg=Karta" }, "geometry": { "type": "Polygon", "coordinates": [ [ [ 16.9351, 60.4193 ], [ 16.935, 60.4196 ], [ 16.934, 60.4198 ], [ 16.9341, 60.4201 ], [ 16.9331, 60.4202 ], [ 16.9337, 60.4195 ], [ 16.9351, 60.4193 ] ] ] } },
{ "type": "Feature", "properties": { "fid": 44204, "OBJECTID": 6108069, "Lannr": "14", "Lan": "VÄSTRA GÖTALANDS LÄN", "Kommunnr": "1447", "Kommun": "GULLSPÅNG", "ArendeAr": 2025, "Beteckn": "A 50736-2025", "Avverktyp": "Föryngringsavverkning", "Andamal": "Uppgift saknas", "Inkomdatum": "2025-10-16T08:50:59", "AnmaldHa": 1.3, "ArendeStatus": "Anmält för avverkning", "AvverkningsanmalanKlass": "Avverkningsamalan", "Weeks": 49, "Naturvarden_Datinv": "1997-06-05", "Naturvarden_Area": 0.4, "Naturvarden_Hektar_calc": 1.3, "Naturvarden_Beteckn": "N 5777-1997", "Naturvarden_area(%)": 31, "Bolag": "-", "N": 6539919, "E": 443864, "URL": "https:\/\/kartor.skogsstyrelsen.se\/kartor\/?startapp=skogligagrunddata&x=6539919&y=443864&scale=7000&bg=Karta" }, "geometry": { "type": "Polygon", "coordinates": [ [ [ 14.0234, 58.9945 ], [ 14.0247, 58.995 ], [ 14.0224, 58.9958 ], [ 14.022, 58.9955 ], [ 14.0217, 58.995 ], [ 14.0234, 58.9945 ] ] ] } },
{ "type": "Feature", "properties": { "fid": 49897, "OBJECTID": 6126823, "Lannr": "06", "Lan": "JÖNKÖPINGS LÄN", "Kommunnr": "0680", "Kommun": "JÖNKÖPING", "ArendeAr": 2025, "Beteckn": "A 54753-2025", "Avverktyp": "Föryngringsavverkning", "Andamal": "Uppgift saknas", "Inkomdatum": "2025-11-05T14:13:21", "AnmaldHa": 3.8, "ArendeStatus": "Anmält för avverkning", "AvverkningsanmalanKlass": "Avverkningsamalan", "Weeks": 46, "Naturvarden_Datinv": "1997-06-10", "Naturvarden_Area": 0.5, "Naturvarden_Hektar_calc": 0.5, "Naturvarden_Beteckn": "N 6037-1997", "Naturvarden_area(%)": 99, "Bolag": "-", "N": 6407924, "E": 460221, "URL": "https:\/\/kartor.skogsstyrelsen.se\/kartor\/?startapp=skogligagrunddata&x=6407924&y=460221&scale=7000&bg=Karta" }, "geometry": { "type": "Polygon", "coordinates": [ [ [ 14.3312, 57.8098 ], [ 14.3317, 57.8099 ], [ 14.3311, 57.8109 ], [ 14.3324, 57.8123 ], [ 14.3318, 57.8125 ], [ 14.3304, 57.8127 ], [ 14.3297, 57.813 ], [ 14.3299, 57.8119 ], [ 14.3283, 57.8116 ], [ 14.3287, 57.8112 ], [ 14.3306, 57.8103 ], [ 14.3312, 57.8098 ] ] ] } },
{ "type": "Feature", "properties": { "fid": 58817, "OBJECTID": 6145297, "Lannr": "21", "Lan": "GÄVLEBORGS LÄN", "Kommunnr": "2180", "Kommun": "GÄVLE", "ArendeAr": 2025, "Beteckn": "A 60038-2025", "Avverktyp": "Föryngringsavverkning", "Andamal": "Uppgift saknas", "Inkomdatum": "2025-12-02T14:52:29", "AnmaldHa": 4.2, "ArendeStatus": "Anmält för avverkning", "AvverkningsanmalanKlass": "Avverkningsamalan", "Weeks": 42, "Naturvarden_Datinv": "1997-06-11", "Naturvarden_Area": 1.4, "Naturvarden_Hektar_calc": 1.9, "Naturvarden_Beteckn": "N 6323-1997", "Naturvarden_area(%)": 71, "Bolag": "-", "N": 6721054, "E": 606290, "URL": "https:\/\/kartor.skogsstyrelsen.se\/kartor\/?startapp=skogligagrunddata&x=6721054&y=606290&scale=7000&bg=Karta" }, "geometry": { "type": "Polygon", "coordinates": [ [ [ 16.9429, 60.6101 ], [ 16.9448, 60.6122 ], [ 16.9442, 60.6121 ], [ 16.9438, 60.6125 ], [ 16.9436, 60.6119 ], [ 16.9432, 60.6119 ], [ 16.9431, 60.6118 ], [ 16.9431, 60.6121 ], [ 16.9428, 60.6122 ], [ 16.9418, 60.6119 ], [ 16.9411, 60.6115 ], [ 16.9407, 60.6115 ], [ 16.9402, 60.6116 ], [ 16.9382, 60.6115 ], [ 16.9379, 60.6111 ], [ 16.9429, 60.6101 ] ] ] } },
{ "type": "Feature", "properties": { "fid": 120932, "OBJECTID": 6498290, "Lannr": "14", "Lan": "VÄSTRA GÖTALANDS LÄN", "Kommunnr": "1498", "Kommun": "TIDAHOLM", "ArendeAr": 2026, "Beteckn": "A 36183-2026", "Avverktyp": "Föryngringsavverkning", "Andamal": "Uppgift saknas", "Inkomdatum": "2026-09-02T15:28:17", "AnmaldHa": 1.3, "ArendeStatus": "Anmält för avverkning", "AvverkningsanmalanKlass": "NyAvverkningsanmalan", "Weeks": 3, "Naturvarden_Datinv": "1997-06-16", "Naturvarden_Area": 0.2, "Naturvarden_Hektar_calc": 1.3, "Naturvarden_Beteckn": "N 6660-1997", "Naturvarden_area(%)": 18, "Bolag": "-", "N": 6442920, "E": 441651, "URL": "https:\/\/kartor.skogsstyrelsen.se\/kartor\/?startapp=skogligagrunddata&x=6442920&y=441651&scale=7000&bg=Karta" }, "geometry": { "type": "Polygon", "coordinates": [ [ [ 14.008, 58.1231 ], [ 14.0108, 58.1237 ], [ 14.0107, 58.1242 ], [ 14.0098, 58.1243 ], [ 14.0085, 58.1241 ], [ 14.008, 58.1231 ] ] ] } },
{ "type": "Feature", "properties": { "fid": 66930, "OBJECTID": 6186973, "Lannr": "22", "Lan": "VÄSTERNORRLANDS LÄN", "Kommunnr": "2280", "Kommun": "HÄRNÖSAND", "ArendeAr": 2026, "Beteckn": "A 64-2026", "Avverktyp": "Föryngringsavverkning", "Andamal": "Uppgift saknas", "Inkomdatum": "2026-01-02T10:45:28", "AnmaldHa": 0.4, "ArendeStatus": "Anmält för avverkning", "AvverkningsanmalanKlass": "Avverkningsamalan", "Weeks": 38, "Naturvarden_Datinv": "1997-06-26", "Naturvarden_Area": 0.2, "Naturvarden_Hektar_calc": 0.6, "Naturvarden_Beteckn": "N 7424-1997", "Naturvarden_area(%)": 37, "Bolag": "-", "N": 6947524, "E": 631186, "URL": "https:\/\/kartor.skogsstyrelsen.se\/kartor\/?startapp=skogligagrunddata&x=6947524&y=631186&scale=7000&bg=Karta" }, "geometry": { "type": "Polygon", "coordinates": [ [ [ 17.5588, 62.6344 ], [ 17.5587, 62.6347 ], [ 17.5591, 62.6349 ], [ 17.5589, 62.635 ], [ 17.5594, 62.6357 ], [ 17.5577, 62.6351 ], [ 17.5582, 62.6345 ], [ 17.5588, 62.6344 ] ] ] } },
{ "type": "Feature", "properties": { "fid": 95372, "OBJECTID": 6467226, "Lannr": "20", "Lan": "DALARNAS LÄN", "Kommunnr": "2031", "Kommun": "RÄTTVIK", "ArendeAr": 2026, "Beteckn": "A 28078-2026", "Avverktyp": "Föryngringsavverkning", "Andamal": "Uppgift saknas", "Inkomdatum": "2026-06-22T12:00:06", "AnmaldHa": 3.6, "ArendeStatus": "Anmält för avverkning", "AvverkningsanmalanKlass": "Avverkningsamalan", "Weeks": 13, "Naturvarden_Datinv": "1997-06-26", "Naturvarden_Area": 1.6, "Naturvarden_Hektar_calc": 1.7, "Naturvarden_Beteckn": "N 7461-1997", "Naturvarden_area(%)": 97, "Bolag": "-", "N": 6785539, "E": 516033, "URL": "https:\/\/kartor.skogsstyrelsen.se\/kartor\/?startapp=skogligagrunddata&x=6785539&y=516033&scale=7000&bg=Karta" }, "geometry": { "type": "Polygon", "coordinates": [ [ [ 15.2999, 61.2018 ], [ 15.3002, 61.2018 ], [ 15.2982, 61.2062 ], [ 15.2968, 61.2042 ], [ 15.2968, 61.2033 ], [ 15.2978, 61.2032 ], [ 15.2988, 61.2028 ], [ 15.2999, 61.2018 ] ] ] } },
{ "type": "Feature", "properties": { "fid": 125182, "OBJECTID": 6504600, "Lannr": "23", "Lan": "JÄMTLANDS LÄN", "Kommunnr": "2309", "Kommun": "KROKOM", "ArendeAr": 2025, "Beteckn": "A 61231-2025", "Avverktyp": "Föryngringsavverkning", "Andamal": "Uppgift saknas", "Inkomdatum": "2025-12-09T00:00:00", "AnmaldHa": 7.6, "ArendeStatus": "Anmält för avverkning", "AvverkningsanmalanKlass": "Avverkningsamalan", "Weeks": 41, "Naturvarden_Datinv": "1997-07-17", "Naturvarden_Area": 0.4, "Naturvarden_Hektar_calc": 3.4, "Naturvarden_Beteckn": "N 8689-1997", "Naturvarden_area(%)": 11, "Bolag": "Övriga aktiebolag", "N": 7072525, "E": 466145, "URL": "https:\/\/kartor.skogsstyrelsen.se\/kartor\/?startapp=skogligagrunddata&x=7072525&y=466145&scale=7000&bg=Karta" }, "geometry": { "type": "Polygon", "coordinates": [ [ [ 14.3111, 63.7762 ], [ 14.3174, 63.7793 ], [ 14.319, 63.7787 ], [ 14.3191, 63.7796 ], [ 14.3177, 63.7803 ], [ 14.3174, 63.7797 ], [ 14.3162, 63.7797 ], [ 14.316, 63.7801 ], [ 14.3162, 63.7803 ], [ 14.3151, 63.781 ], [ 14.3142, 63.7809 ], [ 14.3144, 63.7806 ], [ 14.3137, 63.7805 ], [ 14.3136, 63.7799 ], [ 14.313, 63.7795 ], [ 14.3127, 63.7794 ], [ 14.312, 63.7797 ], [ 14.3119, 63.7794 ], [ 14.3101, 63.7789 ], [ 14.3082, 63.7776 ], [ 14.3111, 63.7762 ] ], [ [ 14.3141, 63.7783 ], [ 14.3139, 63.7785 ], [ 14.3144, 63.7788 ], [ 14.3144, 63.7785 ], [ 14.3141, 63.7783 ] ] ] } },
{ "type": "Feature", "properties": { "fid": 89259, "OBJECTID": 6459395, "Lannr": "13", "Lan": "HALLANDS LÄN", "Kommunnr": "1381", "Kommun": "LAHOLM", "ArendeAr": 2026, "Beteckn": "A 27223-2026", "Avverktyp": "Avverkning för annat ändamål", "Andamal": "Skogsbilväg", "Inkomdatum": "2026-06-11T00:00:00", "AnmaldHa": 0.3, "ArendeStatus": "Anmält för avverkning", "AvverkningsanmalanKlass": "Avverkningsamalan", "Weeks": 15, "Naturvarden_Datinv": "1997-07-31", "Naturvarden_Area": 0.1, "Naturvarden_Hektar_calc": 0.7, "Naturvarden_Beteckn": "N 9162-1997", "Naturvarden_area(%)": 8, "Bolag": "-", "N": 6263071, "E": 398584, "URL": "https:\/\/kartor.skogsstyrelsen.se\/kartor\/?startapp=skogligagrunddata&x=6263071&y=398584&scale=7000&bg=Karta" }, "geometry": { "type": "Polygon", "coordinates": [ [ [ 13.354, 56.5005 ], [ 13.3541, 56.5007 ], [ 13.3535, 56.5009 ], [ 13.3534, 56.5011 ], [ 13.3528, 56.5013 ], [ 13.3521, 56.5012 ], [ 13.3508, 56.5017 ], [ 13.3506, 56.5015 ], [ 13.352, 56.501 ], [ 13.3528, 56.5011 ], [ 13.354, 56.5005 ] ] ] } },
{ "type": "Feature", "properties": { "fid": 42034, "OBJECTID": 6097981, "Lannr": "22", "Lan": "VÄSTERNORRLANDS LÄN", "Kommunnr": "2281", "Kommun": "SUNDSVALL", "ArendeAr": 2025, "Beteckn": "A 48136-2025", "Avverktyp": "Avverkning för annat ändamål", "Andamal": "Skogsbilväg", "Inkomdatum": "2025-10-03T09:05:07", "AnmaldHa": 0.6, "ArendeStatus": "Anmält för avverkning", "AvverkningsanmalanKlass": "Avverkningsamalan", "Weeks": 51, "Naturvarden_Datinv": "1997-08-12", "Naturvarden_Area": 0.3, "Naturvarden_Hektar_calc": 6.3, "Naturvarden_Beteckn": "N 9771-1997", "Naturvarden_area(%)": 5, "Bolag": "-", "N": 6911608, "E": 590773, "URL": "https:\/\/kartor.skogsstyrelsen.se\/kartor\/?startapp=skogligagrunddata&x=6911608&y=590773&scale=7000&bg=Karta" }, "geometry": { "type": "Polygon", "coordinates": [ [ [ 16.7484, 62.3229 ], [ 16.7497, 62.3234 ], [ 16.7517, 62.3238 ], [ 16.752, 62.3239 ], [ 16.7535, 62.3268 ], [ 16.7546, 62.3275 ], [ 16.7538, 62.3272 ], [ 16.7532, 62.3268 ], [ 16.752, 62.3241 ], [ 16.7515, 62.3238 ], [ 16.7492, 62.3234 ], [ 16.7482, 62.323 ], [ 16.7484, 62.3229 ] ] ] } },
{ "type": "Feature", "properties": { "fid": 68128, "OBJECTID": 6198920, "Lannr": "17", "Lan": "VÄRMLANDS LÄN", "Kommunnr": "1784", "Kommun": "ARVIKA", "ArendeAr": 2026, "Beteckn": "A 937-2026", "Avverktyp": "Föryngringsavverkning", "Andamal": "Uppgift saknas", "Inkomdatum": "2026-01-08T12:37:34", "AnmaldHa": 0.7, "ArendeStatus": "Anmält för avverkning", "AvverkningsanmalanKlass": "Avverkningsamalan", "Weeks": 37, "Naturvarden_Datinv": "1997-08-21", "Naturvarden_Area": 0.7, "Naturvarden_Hektar_calc": 3.1, "Naturvarden_Beteckn": "N 10524-1997", "Naturvarden_area(%)": 24, "Bolag": "-", "N": 6637712, "E": 358255, "URL": "https:\/\/kartor.skogsstyrelsen.se\/kartor\/?startapp=skogligagrunddata&x=6637712&y=358255&scale=7000&bg=Karta" }, "geometry": { "type": "Polygon", "coordinates": [ [ [ 12.4695, 59.8521 ], [ 12.4709, 59.8527 ], [ 12.4702, 59.8531 ], [ 12.4682, 59.8529 ], [ 12.4695, 59.8521 ] ] ] } },
{ "type": "Feature", "properties": { "fid": 58456, "OBJECTID": 6364236, "Lannr": "21", "Lan": "GÄVLEBORGS LÄN", "Kommunnr": "2181", "Kommun": "SANDVIKEN", "ArendeAr": 2026, "Beteckn": "A 1064-2026", "Avverktyp": "Föryngringsavverkning", "Andamal": "Uppgift saknas", "Inkomdatum": "2026-01-08T00:00:00", "AnmaldHa": 10.1, "ArendeStatus": "Anmält för avverkning", "AvverkningsanmalanKlass": "Avverkningsamalan", "Weeks": 37, "Naturvarden_Datinv": "1997-08-21", "Naturvarden_Area": 2.3, "Naturvarden_Hektar_calc": 4.7, "Naturvarden_Beteckn": "N 10537-1997", "Naturvarden_area(%)": 49, "Bolag": "-", "N": 6714006, "E": 597299, "URL": "https:\/\/kartor.skogsstyrelsen.se\/kartor\/?startapp=skogligagrunddata&x=6714006&y=597299&scale=7000&bg=Karta" }, "geometry": { "type": "MultiPolygon", "coordinates": [ [ [ [ 16.7772, 60.5501 ], [ 16.7782, 60.5506 ], [ 16.779, 60.5518 ], [ 16.7778, 60.5517 ], [ 16.7761, 60.5511 ], [ 16.7765, 60.5509 ], [ 16.7772, 60.5501 ] ] ], [ [ [ 16.7731, 60.5487 ], [ 16.7737, 60.5491 ], [ 16.7739, 60.5497 ], [ 16.7761, 60.5507 ], [ 16.7762, 60.5511 ], [ 16.7738, 60.5518 ], [ 16.7735, 60.5513 ], [ 16.7692, 60.5516 ], [ 16.7689, 60.551 ], [ 16.7731, 60.5487 ] ] ], [ [ [ 16.7765, 60.5479 ], [ 16.7791, 60.5481 ], [ 16.7775, 60.5491 ], [ 16.7773, 60.5496 ], [ 16.7766, 60.5492 ], [ 16.7764, 60.5486 ], [ 16.7755, 60.5481 ], [ 16.7765, 60.5479 ] ] ] ] } },
{ "type": "Feature", "properties": { "fid": 38207, "OBJECTID": 6087913, "Lannr": "06", "Lan": "JÖNKÖPINGS LÄN", "Kommunnr": "0642", "Kommun": "MULLSJÖ", "ArendeAr": 2025, "Beteckn": "A 46539-2025", "Avverktyp": "Föryngringsavverkning", "Andamal": "Uppgift saknas", "Inkomdatum": "2025-09-26T08:15:15", "AnmaldHa": 1.0, "ArendeStatus": "Anmält för avverkning", "AvverkningsanmalanKlass": "Avverkningsamalan", "Weeks": 52, "Naturvarden_Datinv": "1997-08-26", "Naturvarden_Area": 0.7, "Naturvarden_Hektar_calc": 2.0, "Naturvarden_Beteckn": "N 10726-1997", "Naturvarden_area(%)": 35, "Bolag": "-", "N": 6420809, "E": 435381, "URL": "https:\/\/kartor.skogsstyrelsen.se\/kartor\/?startapp=skogligagrunddata&x=6420809&y=435381&scale=7000&bg=Karta" }, "geometry": { "type": "Polygon", "coordinates": [ [ [ 13.9081, 57.9236 ], [ 13.9094, 57.924 ], [ 13.9103, 57.9246 ], [ 13.9092, 57.925 ], [ 13.908, 57.9244 ], [ 13.9085, 57.924 ], [ 13.9081, 57.9236 ] ] ] } },
{ "type": "Feature", "properties": { "fid": 125625, "OBJECTID": 6506407, "Lannr": "14", "Lan": "VÄSTRA GÖTALANDS LÄN", "Kommunnr": "1498", "Kommun": "TIDAHOLM", "ArendeAr": 2026, "Beteckn": "A 37869-2026", "Avverktyp": "Föryngringsavverkning", "Andamal": "Uppgift saknas", "Inkomdatum": "2026-09-14T15:20:16", "AnmaldHa": 0.6, "ArendeStatus": "Anmält för avverkning", "AvverkningsanmalanKlass": "NyAvverkningsanmalan", "Weeks": 1, "Naturvarden_Datinv": "1997-09-04", "Naturvarden_Area": 0.0, "Naturvarden_Hektar_calc": 0.5, "Naturvarden_Beteckn": "N 11402-1997", "Naturvarden_area(%)": 7, "Bolag": "-", "N": 6453134, "E": 431815, "URL": "https:\/\/kartor.skogsstyrelsen.se\/kartor\/?startapp=skogligagrunddata&x=6453134&y=431815&scale=7000&bg=Karta" }, "geometry": { "type": "Polygon", "coordinates": [ [ [ 13.8387, 58.2137 ], [ 13.8406, 58.214 ], [ 13.8405, 58.2143 ], [ 13.8396, 58.2142 ], [ 13.8395, 58.2148 ], [ 13.8393, 58.2148 ], [ 13.8391, 58.2142 ], [ 13.8384, 58.214 ], [ 13.8388, 58.2139 ], [ 13.8387, 58.2137 ] ] ] } },
{ "type": "Feature", "properties": { "fid": 127300, "OBJECTID": 6510263, "Lannr": "14", "Lan": "VÄSTRA GÖTALANDS LÄN", "Kommunnr": "1461", "Kommun": "MELLERUD", "ArendeAr": 2026, "Beteckn": "A 32520-2026", "Avverktyp": "Föryngringsavverkning", "Andamal": "Uppgift saknas", "Inkomdatum": "2026-08-05T13:09:20", "AnmaldHa": 3.6, "ArendeStatus": "Anmält för avverkning", "AvverkningsanmalanKlass": "Avverkningsamalan", "Weeks": 7, "Naturvarden_Datinv": "1997-09-09", "Naturvarden_Area": 0.3, "Naturvarden_Hektar_calc": 2.5, "Naturvarden_Beteckn": "N 11675-1997", "Naturvarden_area(%)": 13, "Bolag": "-", "N": 6501297, "E": 347355, "URL": "https:\/\/kartor.skogsstyrelsen.se\/kartor\/?startapp=skogligagrunddata&x=6501297&y=347355&scale=7000&bg=Karta" }, "geometry": { "type": "Polygon", "coordinates": [ [ [ 12.3707, 58.6241 ], [ 12.3726, 58.625 ], [ 12.3742, 58.6254 ], [ 12.3734, 58.6259 ], [ 12.3726, 58.626 ], [ 12.3718, 58.6256 ], [ 12.3714, 58.6257 ], [ 12.3717, 58.626 ], [ 12.3702, 58.6259 ], [ 12.37, 58.6255 ], [ 12.3704, 58.6255 ], [ 12.3689, 58.625 ], [ 12.3692, 58.6246 ], [ 12.3686, 58.6242 ], [ 12.3707, 58.6241 ] ] ] } },
{ "type": "Feature", "properties": { "fid": 52790, "OBJECTID": 6292597, "Lannr": "21", "Lan": "GÄVLEBORGS LÄN", "Kommunnr": "2183", "Kommun": "BOLLNÄS", "ArendeAr": 2026, "Beteckn": "A 19074-2026", "Avverktyp": "Föryngringsavverkning", "Andamal": "Uppgift saknas", "Inkomdatum": "2026-04-20T09:14:09", "AnmaldHa": 3.7, "ArendeStatus": "Anmält för avverkning", "AvverkningsanmalanKlass": "Avverkningsamalan", "Weeks": 22, "Naturvarden_Datinv": "1997-09-15", "Naturvarden_Area": 0.2, "Naturvarden_Hektar_calc": 1.9, "Naturvarden_Beteckn": "N 12221-1997", "Naturvarden_area(%)": 8, "Bolag": "-", "N": 6827721, "E": 560801, "URL": "https:\/\/kartor.skogsstyrelsen.se\/kartor\/?startapp=skogligagrunddata&x=6827721&y=560801&scale=7000&bg=Karta" }, "geometry": { "type": "Polygon", "coordinates": [ [ [ 16.1447, 61.5772 ], [ 16.1485, 61.5782 ], [ 16.1466, 61.5787 ], [ 16.1465, 61.5789 ], [ 16.1476, 61.5793 ], [ 16.1469, 61.5796 ], [ 16.145, 61.5791 ], [ 16.1457, 61.5786 ], [ 16.1449, 61.5782 ], [ 16.1438, 61.5782 ], [ 16.1431, 61.5786 ], [ 16.1417, 61.5782 ], [ 16.1419, 61.5779 ], [ 16.1416, 61.5775 ], [ 16.1447, 61.5772 ] ] ] } },
{ "type": "Feature", "properties": { "fid": 39314, "OBJECTID": 6268075, "Lannr": "14", "Lan": "VÄSTRA GÖTALANDS LÄN", "Kommunnr": "1462", "Kommun": "LILLA EDET", "ArendeAr": 2026, "Beteckn": "A 14427-2026", "Avverktyp": "Föryngringsavverkning", "Andamal": "Uppgift saknas", "Inkomdatum": "2026-03-19T11:17:30", "AnmaldHa": 1.2, "ArendeStatus": "Anmält för avverkning", "AvverkningsanmalanKlass": "Avverkningsamalan", "Weeks": 27, "Naturvarden_Datinv": "1997-09-17", "Naturvarden_Area": 0.4, "Naturvarden_Hektar_calc": 0.7, "Naturvarden_Beteckn": "N 12379-1997", "Naturvarden_area(%)": 54, "Bolag": "-", "N": 6453284, "E": 333390, "URL": "https:\/\/kartor.skogsstyrelsen.se\/kartor\/?startapp=skogligagrunddata&x=6453284&y=333390&scale=7000&bg=Karta" }, "geometry": { "type": "Polygon", "coordinates": [ [ [ 12.1637, 58.1881 ], [ 12.1684, 58.1901 ], [ 12.1681, 58.1905 ], [ 12.1674, 58.1904 ], [ 12.1676, 58.1901 ], [ 12.1663, 58.1895 ], [ 12.1655, 58.1893 ], [ 12.1653, 58.1894 ], [ 12.1638, 58.1886 ], [ 12.1635, 58.1883 ], [ 12.1637, 58.1881 ] ] ] } },
{ "type": "Feature", "properties": { "fid": 125977, "OBJECTID": 6507071, "Lannr": "14", "Lan": "VÄSTRA GÖTALANDS LÄN", "Kommunnr": "1440", "Kommun": "ALE", "ArendeAr": 2026, "Beteckn": "A 32151-2026", "Avverktyp": "Föryngringsavverkning", "Andamal": "Uppgift saknas", "Inkomdatum": "2026-08-01T12:54:21", "AnmaldHa": 4.9, "ArendeStatus": "Anmält för avverkning", "AvverkningsanmalanKlass": "Avverkningsamalan", "Weeks": 7, "Naturvarden_Datinv": "1997-09-17", "Naturvarden_Area": 0.3, "Naturvarden_Hektar_calc": 0.6, "Naturvarden_Beteckn": "N 12422-1997", "Naturvarden_area(%)": 46, "Bolag": "-", "N": 6418944, "E": 334611, "URL": "https:\/\/kartor.skogsstyrelsen.se\/kartor\/?startapp=skogligagrunddata&x=6418944&y=334611&scale=7000&bg=Karta" }, "geometry": { "type": "Polygon", "coordinates": [ [ [ 12.2102, 57.8795 ], [ 12.2124, 57.8798 ], [ 12.2104, 57.8843 ], [ 12.2095, 57.8844 ], [ 12.2102, 57.8795 ] ] ] } },
{ "type": "Feature", "properties": { "fid": 94353, "OBJECTID": 6463476, "Lannr": "20", "Lan": "DALARNAS LÄN", "Kommunnr": "2021", "Kommun": "VANSBRO", "ArendeAr": 2025, "Beteckn": "A 62461-2025", "Avverktyp": "Föryngringsavverkning", "Andamal": "Uppgift saknas", "Inkomdatum": "2025-12-16T12:07:09", "AnmaldHa": 8.0, "ArendeStatus": "Anmält för avverkning", "AvverkningsanmalanKlass": "Avverkningsamalan", "Weeks": 40, "Naturvarden_Datinv": "1997-10-02", "Naturvarden_Area": 0.8, "Naturvarden_Hektar_calc": 0.8, "Naturvarden_Beteckn": "N 13690-1997", "Naturvarden_area(%)": 96, "Bolag": "-", "N": 6710063, "E": 450995, "URL": "https:\/\/kartor.skogsstyrelsen.se\/kartor\/?startapp=skogligagrunddata&x=6710063&y=450995&scale=7000&bg=Karta" }, "geometry": { "type": "Polygon", "coordinates": [ [ [ 14.1128, 60.5224 ], [ 14.1131, 60.5227 ], [ 14.1128, 60.5241 ], [ 14.1126, 60.5244 ], [ 14.1119, 60.5246 ], [ 14.1118, 60.5253 ], [ 14.1114, 60.5256 ], [ 14.1112, 60.5254 ], [ 14.1113, 60.5251 ], [ 14.1104, 60.5248 ], [ 14.1095, 60.5247 ], [ 14.1089, 60.5251 ], [ 14.1081, 60.5252 ], [ 14.1002, 60.5229 ], [ 14.1024, 60.5224 ], [ 14.1043, 60.5224 ], [ 14.1066, 60.5226 ], [ 14.1071, 60.5225 ], [ 14.1099, 60.5232 ], [ 14.1094, 60.5235 ], [ 14.1072, 60.5236 ], [ 14.1073, 60.5238 ], [ 14.1091, 60.5242 ], [ 14.1104, 60.5236 ], [ 14.1118, 60.5234 ], [ 14.1124, 60.5225 ], [ 14.1128, 60.5224 ] ] ] } },
{ "type": "Feature", "properties": { "fid": 82924, "OBJECTID": 6445890, "Lannr": "21", "Lan": "GÄVLEBORGS LÄN", "Kommunnr": "2183", "Kommun": "BOLLNÄS", "ArendeAr": 2026, "Beteckn": "A 17648-2026", "Avverktyp": "Föryngringsavverkning", "Andamal": "Uppgift saknas", "Inkomdatum": "2026-04-09T00:00:00", "AnmaldHa": 5.4, "ArendeStatus": "Anmält för avverkning", "AvverkningsanmalanKlass": "Avverkningsamalan", "Weeks": 24, "Naturvarden_Datinv": "1997-10-09", "Naturvarden_Area": 0.2, "Naturvarden_Hektar_calc": 0.9, "Naturvarden_Beteckn": "N 14247-1997", "Naturvarden_area(%)": 29, "Bolag": "-", "N": 6817736, "E": 569808, "URL": "https:\/\/kartor.skogsstyrelsen.se\/kartor\/?startapp=skogligagrunddata&x=6817736&y=569808&scale=7000&bg=Karta" }, "geometry": { "type": "MultiPolygon", "coordinates": [ [ [ [ 16.3144, 61.4878 ], [ 16.3149, 61.488 ], [ 16.3144, 61.4888 ], [ 16.3122, 61.4886 ], [ 16.3127, 61.4883 ], [ 16.3131, 61.4882 ], [ 16.3137, 61.488 ], [ 16.3141, 61.488 ], [ 16.3144, 61.4879 ], [ 16.3144, 61.4878 ] ] ], [ [ [ 16.3129, 61.4873 ], [ 16.3143, 61.4879 ], [ 16.3137, 61.4879 ], [ 16.3127, 61.4883 ], [ 16.3126, 61.4883 ], [ 16.3122, 61.4886 ], [ 16.3102, 61.4884 ], [ 16.3109, 61.4879 ], [ 16.3115, 61.4879 ], [ 16.3129, 61.4873 ] ] ], [ [ [ 16.3066, 61.4853 ], [ 16.3105, 61.4856 ], [ 16.3106, 61.4858 ], [ 16.3103, 61.486 ], [ 16.3121, 61.4867 ], [ 16.3123, 61.4871 ], [ 16.3112, 61.4875 ], [ 16.3109, 61.4874 ], [ 16.3109, 61.4871 ], [ 16.309, 61.4865 ], [ 16.3079, 61.4863 ], [ 16.3075, 61.4858 ], [ 16.3069, 61.486 ], [ 16.306, 61.4857 ], [ 16.3066, 61.4853 ] ] ] ] } },
{ "type": "Feature", "properties": { "fid": 75580, "OBJECTID": 6225694, "Lannr": "21", "Lan": "GÄVLEBORGS LÄN", "Kommunnr": "2183", "Kommun": "BOLLNÄS", "ArendeAr": 2026, "Beteckn": "A 1515-2026", "Avverktyp": "Föryngringsavverkning", "Andamal": "Uppgift saknas", "Inkomdatum": "2026-01-12T00:00:00", "AnmaldHa": 15.6, "ArendeStatus": "Anmält för avverkning", "AvverkningsanmalanKlass": "Avverkningsamalan", "Weeks": 36, "Naturvarden_Datinv": "1997-10-09", "Naturvarden_Area": 0.1, "Naturvarden_Hektar_calc": 1.3, "Naturvarden_Beteckn": "N 14303-1997", "Naturvarden_area(%)": 7, "Bolag": "-", "N": 6817843, "E": 570340, "URL": "https:\/\/kartor.skogsstyrelsen.se\/kartor\/?startapp=skogligagrunddata&x=6817843&y=570340&scale=7000&bg=Karta" }, "geometry": { "type": "Polygon", "coordinates": [ [ [ 16.3181, 61.4863 ], [ 16.3281, 61.4871 ], [ 16.328, 61.4873 ], [ 16.3285, 61.4874 ], [ 16.3285, 61.4876 ], [ 16.3283, 61.4877 ], [ 16.3274, 61.4877 ], [ 16.3255, 61.4881 ], [ 16.3248, 61.489 ], [ 16.3244, 61.4892 ], [ 16.3234, 61.4888 ], [ 16.3233, 61.4885 ], [ 16.3224, 61.4886 ], [ 16.3223, 61.489 ], [ 16.3229, 61.4892 ], [ 16.3231, 61.4891 ], [ 16.3239, 61.4894 ], [ 16.3238, 61.4895 ], [ 16.3144, 61.4887 ], [ 16.3149, 61.488 ], [ 16.3143, 61.4877 ], [ 16.3141, 61.4871 ], [ 16.3145, 61.4872 ], [ 16.3146, 61.4874 ], [ 16.3155, 61.4875 ], [ 16.316, 61.4874 ], [ 16.3164, 61.4872 ], [ 16.3175, 61.4873 ], [ 16.3182, 61.4871 ], [ 16.3178, 61.4866 ], [ 16.3181, 61.4863 ] ] ] } },
{ "type": "Feature", "properties": { "fid": 63259, "OBJECTID": 6378572, "Lannr": "21", "Lan": "GÄVLEBORGS LÄN", "Kommunnr": "2183", "Kommun": "BOLLNÄS", "ArendeAr": 2026, "Beteckn": "A 644-2026", "Avverktyp": "Föryngringsavverkning", "Andamal": "Uppgift saknas", "Inkomdatum": "2026-01-07T00:00:00", "AnmaldHa": 23.1, "ArendeStatus": "Anmält för avverkning", "AvverkningsanmalanKlass": "Avverkningsamalan", "Weeks": 37, "Naturvarden_Datinv": "1997-10-09", "Naturvarden_Area": 0.1, "Naturvarden_Hektar_calc": 1.3, "Naturvarden_Beteckn": "N 14303-1997", "Naturvarden_area(%)": 7, "Bolag": "-", "N": 6818085, "E": 570068, "URL": "https:\/\/kartor.skogsstyrelsen.se\/kartor\/?startapp=skogligagrunddata&x=6818085&y=570068&scale=7000&bg=Karta" }, "geometry": { "type": "MultiPolygon", "coordinates": [ [ [ [ 16.3182, 61.4906 ], [ 16.319, 61.4907 ], [ 16.3189, 61.4909 ], [ 16.319, 61.491 ], [ 16.3193, 61.4911 ], [ 16.32, 61.4914 ], [ 16.3208, 61.4913 ], [ 16.321, 61.4915 ], [ 16.3174, 61.4912 ], [ 16.3181, 61.491 ], [ 16.3182, 61.4906 ] ] ], [ [ [ 16.3214, 61.4902 ], [ 16.3222, 61.4903 ], [ 16.3226, 61.4908 ], [ 16.3227, 61.4909 ], [ 16.3223, 61.4916 ], [ 16.321, 61.4915 ], [ 16.321, 61.4915 ], [ 16.3209, 61.4914 ], [ 16.3208, 61.4913 ], [ 16.32, 61.4914 ], [ 16.319, 61.491 ], [ 16.3201, 61.4908 ], [ 16.3206, 61.4904 ], [ 16.3214, 61.4902 ] ] ], [ [ [ 16.3276, 61.4898 ], [ 16.3295, 61.49 ], [ 16.3274, 61.4906 ], [ 16.326, 61.4907 ], [ 16.3257, 61.49 ], [ 16.3267, 61.4899 ], [ 16.3268, 61.4901 ], [ 16.3271, 61.4901 ], [ 16.3276, 61.4898 ] ] ], [ [ [ 16.3253, 61.4896 ], [ 16.3268, 61.4898 ], [ 16.3267, 61.4899 ], [ 16.3265, 61.4899 ], [ 16.3259, 61.4899 ], [ 16.3256, 61.49 ], [ 16.3256, 61.4901 ], [ 16.3255, 61.4903 ], [ 16.3259, 61.4907 ], [ 16.3262, 61.4909 ], [ 16.3251, 61.4912 ], [ 16.3243, 61.4918 ], [ 16.3223, 61.4916 ], [ 16.3227, 61.491 ], [ 16.3227, 61.4909 ], [ 16.3227, 61.4908 ], [ 16.3231, 61.4908 ], [ 16.3231, 61.4906 ], [ 16.3238, 61.4905 ], [ 16.3241, 61.4904 ], [ 16.3241, 61.49 ], [ 16.3253, 61.4896 ] ] ], [ [ [ 16.3223, 61.4894 ], [ 16.3246, 61.4896 ], [ 16.3239, 61.4898 ], [ 16.3238, 61.4905 ], [ 16.3231, 61.4906 ], [ 16.323, 61.4908 ], [ 16.3226, 61.4908 ], [ 16.3223, 61.4903 ], [ 16.323, 61.4899 ], [ 16.3223, 61.4894 ] ] ], [ [ [ 16.3215, 61.4893 ], [ 16.3222, 61.4894 ], [ 16.3222, 61.4898 ], [ 16.3206, 61.4904 ], [ 16.3203, 61.4906 ], [ 16.3201, 61.4908 ], [ 16.319, 61.491 ], [ 16.319, 61.4907 ], [ 16.3182, 61.4906 ], [ 16.3187, 61.4902 ], [ 16.3197, 61.4899 ], [ 16.3208, 61.4897 ], [ 16.3215, 61.4893 ] ] ], [ [ [ 16.3175, 61.489 ], [ 16.3201, 61.4892 ], [ 16.3189, 61.4896 ], [ 16.3168, 61.4912 ], [ 16.3125, 61.4908 ], [ 16.3132, 61.4906 ], [ 16.3148, 61.4905 ], [ 16.315, 61.4905 ], [ 16.3152, 61.4904 ], [ 16.3151, 61.4902 ], [ 16.3151, 61.4902 ], [ 16.3166, 61.4901 ], [ 16.3173, 61.4899 ], [ 16.3177, 61.4896 ], [ 16.3175, 61.489 ] ] ], [ [ [ 16.3146, 61.4888 ], [ 16.3175, 61.489 ], [ 16.3177, 61.4896 ], [ 16.3166, 61.4901 ], [ 16.315, 61.4902 ], [ 16.3143, 61.4898 ], [ 16.3146, 61.4894 ], [ 16.3146, 61.4888 ] ] ], [ [ [ 16.3053, 61.4887 ], [ 16.3067, 61.4887 ], [ 16.3085, 61.4891 ], [ 16.31, 61.4892 ], [ 16.3105, 61.489 ], [ 16.3111, 61.4891 ], [ 16.3105, 61.4893 ], [ 16.31, 61.4896 ], [ 16.3092, 61.4899 ], [ 16.3084, 61.4905 ], [ 16.3026, 61.49 ], [ 16.3053, 61.4887 ] ] ], [ [ [ 16.3122, 61.4886 ], [ 16.3145, 61.4888 ], [ 16.3144, 61.489 ], [ 16.3145, 61.4893 ], [ 16.3142, 61.4896 ], [ 16.3143, 61.4899 ], [ 16.3151, 61.4902 ], [ 16.315, 61.4905 ], [ 16.3136, 61.4905 ], [ 16.3132, 61.4906 ], [ 16.3127, 61.4907 ], [ 16.3124, 61.4908 ], [ 16.3085, 61.4905 ], [ 16.3093, 61.4899 ], [ 16.3101, 61.4897 ], [ 16.3105, 61.4893 ], [ 16.3118, 61.4891 ], [ 16.3122, 61.4886 ] ] ] ] } },
{ "type": "Feature", "properties": { "fid": 124897, "OBJECTID": 6503304, "Lannr": "23", "Lan": "JÄMTLANDS LÄN", "Kommunnr": "2321", "Kommun": "ÅRE", "ArendeAr": 2025, "Beteckn": "A 59698-2025", "Avverktyp": "Föryngringsavverkning", "Andamal": "Uppgift saknas", "Inkomdatum": "2025-12-01T00:00:00", "AnmaldHa": 9.8, "ArendeStatus": "Anmält för avverkning", "AvverkningsanmalanKlass": "Avverkningsamalan", "Weeks": 42, "Naturvarden_Datinv": "1997-10-21", "Naturvarden_Area": 6.3, "Naturvarden_Hektar_calc": 6.5, "Naturvarden_Beteckn": "N 14852-1997", "Naturvarden_area(%)": 97, "Bolag": "Övriga aktiebolag", "N": 7035302, "E": 409956, "URL": "https:\/\/kartor.skogsstyrelsen.se\/kartor\/?startapp=skogligagrunddata&x=7035302&y=409956&scale=7000&bg=Karta" }, "geometry": { "type": "Polygon", "coordinates": [ [ [ 13.2014, 63.4314 ], [ 13.2007, 63.4324 ], [ 13.1998, 63.433 ], [ 13.1994, 63.4339 ], [ 13.1974, 63.435 ], [ 13.1964, 63.4351 ], [ 13.1956, 63.4357 ], [ 13.1925, 63.4369 ], [ 13.1904, 63.4373 ], [ 13.189, 63.4371 ], [ 13.1887, 63.4369 ], [ 13.1903, 63.4364 ], [ 13.1911, 63.4358 ], [ 13.1912, 63.435 ], [ 13.1919, 63.435 ], [ 13.1922, 63.4351 ], [ 13.1917, 63.4353 ], [ 13.192, 63.4355 ], [ 13.1945, 63.4349 ], [ 13.1961, 63.4343 ], [ 13.1948, 63.4341 ], [ 13.195, 63.4337 ], [ 13.1964, 63.4333 ], [ 13.2014, 63.4314 ] ] ] } },
{ "type": "Feature", "properties": { "fid": 89349, "OBJECTID": 6460172, "Lannr": "01", "Lan": "STOCKHOLMS LÄN", "Kommunnr": "0139", "Kommun": "UPPLANDS-BRO", "ArendeAr": 2026, "Beteckn": "A 26623-2026", "Avverktyp": "Föryngringsavverkning", "Andamal": "Uppgift saknas", "Inkomdatum": "2026-06-11T08:35:00", "AnmaldHa": 4.5, "ArendeStatus": "Anmält för avverkning", "AvverkningsanmalanKlass": "Avverkningsamalan", "Weeks": 15, "Naturvarden_Datinv": "1997-10-22", "Naturvarden_Area": 0.3, "Naturvarden_Hektar_calc": 1.0, "Naturvarden_Beteckn": "N 14963-1997", "Naturvarden_area(%)": 32, "Bolag": "-", "N": 6595254, "E": 657045, "URL": "https:\/\/kartor.skogsstyrelsen.se\/kartor\/?startapp=skogligagrunddata&x=6595254&y=657045&scale=7000&bg=Karta" }, "geometry": { "type": "MultiPolygon", "coordinates": [ [ [ [ 17.7735, 59.4658 ], [ 17.7739, 59.4659 ], [ 17.7742, 59.4661 ], [ 17.7745, 59.4669 ], [ 17.7745, 59.4673 ], [ 17.7741, 59.4679 ], [ 17.7735, 59.4676 ], [ 17.7738, 59.4673 ], [ 17.7738, 59.4665 ], [ 17.7732, 59.4659 ], [ 17.7735, 59.4658 ] ] ], [ [ [ 17.7718, 59.4647 ], [ 17.7731, 59.465 ], [ 17.7723, 59.4657 ], [ 17.7717, 59.4658 ], [ 17.7718, 59.466 ], [ 17.7728, 59.4659 ], [ 17.7724, 59.4661 ], [ 17.7726, 59.4667 ], [ 17.7703, 59.467 ], [ 17.7701, 59.4671 ], [ 17.7707, 59.4678 ], [ 17.7703, 59.4677 ], [ 17.7698, 59.4679 ], [ 17.7691, 59.4677 ], [ 17.7693, 59.4668 ], [ 17.7708, 59.4651 ], [ 17.7718, 59.4647 ] ] ] ] } },
{ "type": "Feature", "properties": { "fid": 112772, "OBJECTID": 6485758, "Lannr": "21", "Lan": "GÄVLEBORGS LÄN", "Kommunnr": "2184", "Kommun": "HUDIKSVALL", "ArendeAr": 2026, "Beteckn": "A 34540-2026", "Avverktyp": "Föryngringsavverkning", "Andamal": "Uppgift saknas", "Inkomdatum": "2026-08-21T10:55:35", "AnmaldHa": 16.0, "ArendeStatus": "Anmält för avverkning", "AvverkningsanmalanKlass": "NyAvverkningsanmalan", "Weeks": 5, "Naturvarden_Datinv": "1997-10-23", "Naturvarden_Area": 0.5, "Naturvarden_Hektar_calc": 3.1, "Naturvarden_Beteckn": "N 15127-1997", "Naturvarden_area(%)": 16, "Bolag": "Holmen skog AB", "N": 6827522, "E": 593652, "URL": "https:\/\/kartor.skogsstyrelsen.se\/kartor\/?startapp=skogligagrunddata&x=6827522&y=593652&scale=7000&bg=Karta" }, "geometry": { "type": "Polygon", "coordinates": [ [ [ 16.7701, 61.568 ], [ 16.7666, 61.5714 ], [ 16.7604, 61.5718 ], [ 16.7605, 61.5708 ], [ 16.7602, 61.5704 ], [ 16.7595, 61.5703 ], [ 16.7587, 61.5704 ], [ 16.7576, 61.5702 ], [ 16.7564, 61.5691 ], [ 16.7563, 61.5689 ], [ 16.7701, 61.568 ] ] ] } },
{ "type": "Feature", "properties": { "fid": 28580, "OBJECTID": 6245596, "Lannr": "17", "Lan": "VÄRMLANDS LÄN", "Kommunnr": "1784", "Kommun": "ARVIKA", "ArendeAr": 2026, "Beteckn": "A 10102-2026", "Avverktyp": "Föryngringsavverkning", "Andamal": "Uppgift saknas", "Inkomdatum": "2026-02-20T20:51:29", "AnmaldHa": 2.9, "ArendeStatus": "Anmält för avverkning", "AvverkningsanmalanKlass": "Avverkningsamalan", "Weeks": 31, "Naturvarden_Datinv": "1997-10-28", "Naturvarden_Area": 0.8, "Naturvarden_Hektar_calc": 4.7, "Naturvarden_Beteckn": "N 15357-1997", "Naturvarden_area(%)": 17, "Bolag": "-", "N": 6622923, "E": 355486, "URL": "https:\/\/kartor.skogsstyrelsen.se\/kartor\/?startapp=skogligagrunddata&x=6622923&y=355486&scale=7000&bg=Karta" }, "geometry": { "type": "Polygon", "coordinates": [ [ [ 12.4303, 59.718 ], [ 12.4309, 59.7183 ], [ 12.431, 59.7187 ], [ 12.4328, 59.7187 ], [ 12.4333, 59.7191 ], [ 12.4294, 59.7197 ], [ 12.4294, 59.7199 ], [ 12.4287, 59.7201 ], [ 12.4284, 59.7193 ], [ 12.4303, 59.718 ] ] ] } },
{ "type": "Feature", "properties": { "fid": 51856, "OBJECTID": 6291010, "Lannr": "20", "Lan": "DALARNAS LÄN", "Kommunnr": "2021", "Kommun": "VANSBRO", "ArendeAr": 2026, "Beteckn": "A 18823-2026", "Avverktyp": "Föryngringsavverkning", "Andamal": "Uppgift saknas", "Inkomdatum": "2026-04-16T00:00:00", "AnmaldHa": 10.5, "ArendeStatus": "Anmält för avverkning", "AvverkningsanmalanKlass": "Avverkningsamalan", "Weeks": 23, "Naturvarden_Datinv": "1997-10-30", "Naturvarden_Area": 0.7, "Naturvarden_Hektar_calc": 1.1, "Naturvarden_Beteckn": "N 15656-1997", "Naturvarden_area(%)": 66, "Bolag": "Stora Enso AB", "N": 6699578, "E": 468578, "URL": "https:\/\/kartor.skogsstyrelsen.se\/kartor\/?startapp=skogligagrunddata&x=6699578&y=468578&scale=7000&bg=Karta" }, "geometry": { "type": "Polygon", "coordinates": [ [ [ 14.4233, 60.4287 ], [ 14.4235, 60.4289 ], [ 14.4234, 60.4295 ], [ 14.4262, 60.4299 ], [ 14.4264, 60.4301 ], [ 14.431, 60.4314 ], [ 14.4315, 60.4311 ], [ 14.4327, 60.4313 ], [ 14.4328, 60.431 ], [ 14.4332, 60.431 ], [ 14.433, 60.4308 ], [ 14.4332, 60.4306 ], [ 14.434, 60.4306 ], [ 14.4349, 60.4303 ], [ 14.436, 60.4307 ], [ 14.4368, 60.4304 ], [ 14.4371, 60.4306 ], [ 14.4348, 60.4317 ], [ 14.4342, 60.4318 ], [ 14.4322, 60.4329 ], [ 14.4297, 60.4328 ], [ 14.4292, 60.433 ], [ 14.4283, 60.4327 ], [ 14.4281, 60.4325 ], [ 14.4284, 60.4323 ], [ 14.428, 60.4324 ], [ 14.4275, 60.4322 ], [ 14.4268, 60.4324 ], [ 14.427, 60.432 ], [ 14.4263, 60.432 ], [ 14.4261, 60.4317 ], [ 14.4243, 60.4312 ], [ 14.4235, 60.4306 ], [ 14.4232, 60.4298 ], [ 14.4224, 60.429 ], [ 14.4225, 60.4289 ], [ 14.4233, 60.4287 ] ] ] } },
{ "type": "Feature", "properties": { "fid": 71389, "OBJECTID": 6214059, "Lannr": "03", "Lan": "UPPSALA LÄN", "Kommunnr": "0360", "Kommun": "TIERP", "ArendeAr": 2026, "Beteckn": "A 1110-2026", "Avverktyp": "Föryngringsavverkning", "Andamal": "Uppgift saknas", "Inkomdatum": "2026-01-07T00:00:00", "AnmaldHa": 3.7, "ArendeStatus": "Anmält för avverkning", "AvverkningsanmalanKlass": "Avverkningsamalan", "Weeks": 37, "Naturvarden_Datinv": "1997-11-19", "Naturvarden_Area": 4.4, "Naturvarden_Hektar_calc": 5.0, "Naturvarden_Beteckn": "N 16758-1997", "Naturvarden_area(%)": 88, "Bolag": "Naturvårdsverket", "N": 6700523, "E": 643869, "URL": "https:\/\/kartor.skogsstyrelsen.se\/kartor\/?startapp=skogligagrunddata&x=6700523&y=643869&scale=7000&bg=Karta" }, "geometry": { "type": "MultiPolygon", "coordinates": [ [ [ [ 17.6137, 60.4148 ], [ 17.6139, 60.4153 ], [ 17.6149, 60.416 ], [ 17.6157, 60.4162 ], [ 17.6118, 60.4168 ], [ 17.6137, 60.4148 ] ] ], [ [ [ 17.6111, 60.414 ], [ 17.6136, 60.4141 ], [ 17.6114, 60.4165 ], [ 17.6109, 60.4159 ], [ 17.6113, 60.4155 ], [ 17.6108, 60.4147 ], [ 17.6108, 60.4141 ], [ 17.6111, 60.414 ] ] ] ] } },
{ "type": "Feature", "properties": { "fid": 71390, "OBJECTID": 6214060, "Lannr": "03", "Lan": "UPPSALA LÄN", "Kommunnr": "0360", "Kommun": "TIERP", "ArendeAr": 2026, "Beteckn": "A 1117-2026", "Avverktyp": "Föryngringsavverkning", "Andamal": "Uppgift saknas", "Inkomdatum": "2026-01-07T00:00:00", "AnmaldHa": 2.7, "ArendeStatus": "Anmält för avverkning", "AvverkningsanmalanKlass": "Avverkningsamalan", "Weeks": 37, "Naturvarden_Datinv": "1997-11-19", "Naturvarden_Area": 4.4, "Naturvarden_Hektar_calc": 5.0, "Naturvarden_Beteckn": "N 16758-1997", "Naturvarden_area(%)": 88, "Bolag": "Naturvårdsverket", "N": 6700389, "E": 643834, "URL": "https:\/\/kartor.skogsstyrelsen.se\/kartor\/?startapp=skogligagrunddata&x=6700389&y=643834&scale=7000&bg=Karta" }, "geometry": { "type": "MultiPolygon", "coordinates": [ [ [ [ 17.6108, 60.4141 ], [ 17.6112, 60.4156 ], [ 17.6103, 60.4156 ], [ 17.6095, 60.4153 ], [ 17.6082, 60.4153 ], [ 17.6081, 60.4151 ], [ 17.6086, 60.4149 ], [ 17.6089, 60.4151 ], [ 17.6093, 60.4151 ], [ 17.6094, 60.4146 ], [ 17.6108, 60.4141 ] ] ], [ [ [ 17.6157, 60.4123 ], [ 17.6139, 60.414 ], [ 17.6112, 60.414 ], [ 17.6157, 60.4123 ] ] ] ] } },
{ "type": "Feature", "properties": { "fid": 78900, "OBJECTID": 6429379, "Lannr": "07", "Lan": "KRONOBERGS LÄN", "Kommunnr": "0764", "Kommun": "ALVESTA", "ArendeAr": 2025, "Beteckn": "A 53425-2025", "Avverktyp": "Föryngringsavverkning", "Andamal": "Uppgift saknas", "Inkomdatum": "2025-10-29T14:38:28", "AnmaldHa": 1.0, "ArendeStatus": "Anmält för avverkning", "AvverkningsanmalanKlass": "Avverkningsamalan", "Weeks": 47, "Naturvarden_Datinv": "1997-12-18", "Naturvarden_Area": 0.4, "Naturvarden_Hektar_calc": 4.1, "Naturvarden_Beteckn": "N 17539-1997", "Naturvarden_area(%)": 11, "Bolag": "-", "N": 6273001, "E": 469744, "URL": "https:\/\/kartor.skogsstyrelsen.se\/kartor\/?startapp=skogligagrunddata&x=6273001&y=469744&scale=7000&bg=Karta" }, "geometry": { "type": "Polygon", "coordinates": [ [ [ 14.5066, 56.5996 ], [ 14.507, 56.5997 ], [ 14.507, 56.6002 ], [ 14.5073, 56.6003 ], [ 14.5076, 56.5999 ], [ 14.5084, 56.6 ], [ 14.5084, 56.6005 ], [ 14.5077, 56.6004 ], [ 14.5077, 56.6009 ], [ 14.5073, 56.6009 ], [ 14.506, 56.6003 ], [ 14.5066, 56.5996 ] ] ] } },
{ "type": "Feature", "properties": { "fid": 81093, "OBJECTID": 6439212, "Lannr": "04", "Lan": "SÖDERMANLANDS LÄN", "Kommunnr": "0483", "Kommun": "KATRINEHOLM", "ArendeAr": 2026, "Beteckn": "A 23753-2026", "Avverktyp": "Föryngringsavverkning", "Andamal": "Uppgift saknas", "Inkomdatum": "2026-05-22T13:09:37", "AnmaldHa": 19.8, "ArendeStatus": "Anmält för avverkning", "AvverkningsanmalanKlass": "Avverkningsamalan", "Weeks": 18, "Naturvarden_Datinv": "1998-01-14", "Naturvarden_Area": 0.2, "Naturvarden_Hektar_calc": 2.3, "Naturvarden_Beteckn": "N 60-1998", "Naturvarden_area(%)": 11, "Bolag": "Sveaskog", "N": 6546056, "E": 564807, "URL": "https:\/\/kartor.skogsstyrelsen.se\/kartor\/?startapp=skogligagrunddata&x=6546056&y=564807&scale=7000&bg=Karta" }, "geometry": { "type": "Polygon", "coordinates": [ [ [ 16.1359, 59.0441 ], [ 16.1362, 59.0448 ], [ 16.1366, 59.0448 ], [ 16.1366, 59.0454 ], [ 16.1377, 59.0463 ], [ 16.1364, 59.0458 ], [ 16.1362, 59.0459 ], [ 16.1359, 59.0455 ], [ 16.1352, 59.0453 ], [ 16.1344, 59.0455 ], [ 16.1344, 59.0458 ], [ 16.1349, 59.0459 ], [ 16.135, 59.0462 ], [ 16.1346, 59.0466 ], [ 16.135, 59.0472 ], [ 16.1347, 59.0479 ], [ 16.1348, 59.0481 ], [ 16.1353, 59.0483 ], [ 16.1356, 59.049 ], [ 16.1366, 59.0492 ], [ 16.1367, 59.0495 ], [ 16.1348, 59.0495 ], [ 16.1335, 59.0493 ], [ 16.133, 59.0491 ], [ 16.1325, 59.0485 ], [ 16.1317, 59.0488 ], [ 16.1311, 59.0492 ], [ 16.1299, 59.0498 ], [ 16.1292, 59.0503 ], [ 16.1289, 59.0509 ], [ 16.1279, 59.0509 ], [ 16.1269, 59.0513 ], [ 16.1266, 59.0517 ], [ 16.1274, 59.0528 ], [ 16.1265, 59.053 ], [ 16.1258, 59.0529 ], [ 16.1255, 59.0532 ], [ 16.1221, 59.0529 ], [ 16.1229, 59.0513 ], [ 16.124, 59.0503 ], [ 16.1245, 59.0504 ], [ 16.1246, 59.051 ], [ 16.1249, 59.051 ], [ 16.1249, 59.0506 ], [ 16.1255, 59.0505 ], [ 16.1257, 59.0496 ], [ 16.1265, 59.0498 ], [ 16.1272, 59.0491 ], [ 16.1279, 59.0492 ], [ 16.1281, 59.0493 ], [ 16.1296, 59.0492 ], [ 16.1296, 59.0483 ], [ 16.1276, 59.0485 ], [ 16.1278, 59.048 ], [ 16.1273, 59.0478 ], [ 16.1275, 59.0473 ], [ 16.1296, 59.0466 ], [ 16.1295, 59.0464 ], [ 16.1309, 59.0459 ], [ 16.1308, 59.0468 ], [ 16.1315, 59.0469 ], [ 16.1321, 59.0467 ], [ 16.1327, 59.0468 ], [ 16.1337, 59.0461 ], [ 16.1333, 59.0457 ], [ 16.1335, 59.045 ], [ 16.1359, 59.0441 ] ] ] } },
{ "type": "Feature", "properties": { "fid": 52800, "OBJECTID": 6292662, "Lannr": "07", "Lan": "KRONOBERGS LÄN", "Kommunnr": "0780", "Kommun": "VÄXJÖ", "ArendeAr": 2026, "Beteckn": "A 18939-2026", "Avverktyp": "Avverkning för att bevara och utveckla \/försöksver", "Andamal": "bevara och utveckla natur- och kulturmiljövärden", "Inkomdatum": "2026-04-17T13:43:49", "AnmaldHa": 0.7, "ArendeStatus": "Anmält för avverkning", "AvverkningsanmalanKlass": "Avverkningsamalan", "Weeks": 23, "Naturvarden_Datinv": "1998-02-27", "Naturvarden_Area": 0.7, "Naturvarden_Hektar_calc": 4.0, "Naturvarden_Beteckn": "N 521-1998", "Naturvarden_area(%)": 17, "Bolag": "-", "N": 6318333, "E": 485473, "URL": "https:\/\/kartor.skogsstyrelsen.se\/kartor\/?startapp=skogligagrunddata&x=6318333&y=485473&scale=7000&bg=Karta" }, "geometry": { "type": "Polygon", "coordinates": [ [ [ 14.7612, 57.0078 ], [ 14.7615, 57.0082 ], [ 14.7611, 57.0088 ], [ 14.7601, 57.0085 ], [ 14.76, 57.0082 ], [ 14.7612, 57.0078 ] ] ] } },
{ "type": "Feature", "properties": { "fid": 56977, "OBJECTID": 6140099, "Lannr": "17", "Lan": "VÄRMLANDS LÄN", "Kommunnr": "1780", "Kommun": "KARLSTAD", "ArendeAr": 2025, "Beteckn": "A 50955-2025", "Avverktyp": "Avverkning för annat ändamål", "Andamal": "Tomtmark", "Inkomdatum": "2025-10-16T00:00:00", "AnmaldHa": 10.3, "ArendeStatus": "Anmält för avverkning", "AvverkningsanmalanKlass": "Avverkningsamalan", "Weeks": 49, "Naturvarden_Datinv": "1998-03-25", "Naturvarden_Area": 1.7, "Naturvarden_Hektar_calc": 1.8, "Naturvarden_Beteckn": "N 1102-1998", "Naturvarden_area(%)": 96, "Bolag": "-", "N": 6584787, "E": 396510, "URL": "https:\/\/kartor.skogsstyrelsen.se\/kartor\/?startapp=skogligagrunddata&x=6584787&y=396510&scale=7000&bg=Karta" }, "geometry": { "type": "MultiPolygon", "coordinates": [ [ [ [ 13.1817, 59.3904 ], [ 13.1819, 59.3905 ], [ 13.1795, 59.3921 ], [ 13.1784, 59.3921 ], [ 13.1779, 59.3915 ], [ 13.1817, 59.3904 ] ] ], [ [ [ 13.1846, 59.389 ], [ 13.1852, 59.3892 ], [ 13.1866, 59.3901 ], [ 13.1846, 59.3904 ], [ 13.1842, 59.3899 ], [ 13.1848, 59.3894 ], [ 13.1845, 59.3892 ], [ 13.1846, 59.389 ] ] ], [ [ [ 13.1753, 59.3884 ], [ 13.178, 59.3906 ], [ 13.1824, 59.3893 ], [ 13.1837, 59.3896 ], [ 13.1838, 59.3899 ], [ 13.1827, 59.3902 ], [ 13.1821, 59.3901 ], [ 13.1777, 59.3911 ], [ 13.1753, 59.3884 ] ] ], [ [ [ 13.1725, 59.3845 ], [ 13.1742, 59.3869 ], [ 13.1742, 59.3876 ], [ 13.1775, 59.3915 ], [ 13.1763, 59.391 ], [ 13.1742, 59.3886 ], [ 13.1733, 59.3883 ], [ 13.1722, 59.3848 ], [ 13.1725, 59.3845 ] ] ], [ [ [ 13.1732, 59.3842 ], [ 13.1753, 59.3852 ], [ 13.1743, 59.3854 ], [ 13.174, 59.3853 ], [ 13.1729, 59.3843 ], [ 13.1732, 59.3842 ] ] ] ] } },
{ "type": "Feature", "properties": { "fid": 38454, "OBJECTID": 6088152, "Lannr": "05", "Lan": "ÖSTERGÖTLANDS LÄN", "Kommunnr": "0582", "Kommun": "SÖDERKÖPING", "ArendeAr": 2025, "Beteckn": "A 46760-2025", "Avverktyp": "Föryngringsavverkning", "Andamal": "Uppgift saknas", "Inkomdatum": "2025-09-26T14:55:02", "AnmaldHa": 3.4, "ArendeStatus": "Anmält för avverkning", "AvverkningsanmalanKlass": "Avverkningsamalan", "Weeks": 52, "Naturvarden_Datinv": "1998-05-05", "Naturvarden_Area": 0.5, "Naturvarden_Hektar_calc": 0.7, "Naturvarden_Beteckn": "N 2704-1998", "Naturvarden_area(%)": 66, "Bolag": "-", "N": 6481329, "E": 571306, "URL": "https:\/\/kartor.skogsstyrelsen.se\/kartor\/?startapp=skogligagrunddata&x=6481329&y=571306&scale=7000&bg=Karta" }, "geometry": { "type": "Polygon", "coordinates": [ [ [ 16.2226, 58.466 ], [ 16.2235, 58.466 ], [ 16.2235, 58.4672 ], [ 16.221, 58.4678 ], [ 16.2215, 58.4662 ], [ 16.2226, 58.466 ] ] ] } },
{ "type": "Feature", "properties": { "fid": 62823, "OBJECTID": 6158429, "Lannr": "17", "Lan": "VÄRMLANDS LÄN", "Kommunnr": "1784", "Kommun": "ARVIKA", "ArendeAr": 2025, "Beteckn": "A 51602-2025", "Avverktyp": "Föryngringsavverkning", "Andamal": "Uppgift saknas", "Inkomdatum": "2025-10-21T09:04:16", "AnmaldHa": 1.0, "ArendeStatus": "Anmält för avverkning", "AvverkningsanmalanKlass": "Avverkningsamalan", "Weeks": 48, "Naturvarden_Datinv": "1998-05-10", "Naturvarden_Area": 1.4, "Naturvarden_Hektar_calc": 15.4, "Naturvarden_Beteckn": "N 3020-1998", "Naturvarden_area(%)": 9, "Bolag": "-", "N": 6607052, "E": 354580, "URL": "https:\/\/kartor.skogsstyrelsen.se\/kartor\/?startapp=skogligagrunddata&x=6607052&y=354580&scale=7000&bg=Karta" }, "geometry": { "type": "Polygon", "coordinates": [ [ [ 12.4268, 59.5758 ], [ 12.4265, 59.5765 ], [ 12.4238, 59.5769 ], [ 12.424, 59.5763 ], [ 12.4268, 59.5758 ] ] ] } },
{ "type": "Feature", "properties": { "fid": 32954, "OBJECTID": 6250758, "Lannr": "07", "Lan": "KRONOBERGS LÄN", "Kommunnr": "0780", "Kommun": "VÄXJÖ", "ArendeAr": 2026, "Beteckn": "A 11422-2026", "Avverktyp": "Avverkning för att bevara och utveckla \/försöksver", "Andamal": "bevara och utveckla natur- och kulturmiljövärden", "Inkomdatum": "2026-03-02T00:00:00", "AnmaldHa": 4.5, "ArendeStatus": "Anmält för avverkning", "AvverkningsanmalanKlass": "Avverkningsamalan", "Weeks": 29, "Naturvarden_Datinv": "1998-05-26", "Naturvarden_Area": 3.7, "Naturvarden_Hektar_calc": 6.9, "Naturvarden_Beteckn": "N 3988-1998", "Naturvarden_area(%)": 54, "Bolag": "-", "N": 6317140, "E": 505388, "URL": "https:\/\/kartor.skogsstyrelsen.se\/kartor\/?startapp=skogligagrunddata&x=6317140&y=505388&scale=7000&bg=Karta" }, "geometry": { "type": "Polygon", "coordinates": [ [ [ 15.0882, 56.9964 ], [ 15.0892, 56.9965 ], [ 15.0895, 56.9969 ], [ 15.0899, 56.9971 ], [ 15.0904, 56.9978 ], [ 15.0916, 56.9979 ], [ 15.0916, 56.9981 ], [ 15.0873, 56.9989 ], [ 15.0867, 56.9983 ], [ 15.0868, 56.9978 ], [ 15.0871, 56.9977 ], [ 15.0875, 56.997 ], [ 15.0882, 56.9964 ] ] ] } },
{ "type": "Feature", "properties": { "fid": 86021, "OBJECTID": 6456568, "Lannr": "25", "Lan": "NORRBOTTENS LÄN", "Kommunnr": "2518", "Kommun": "ÖVERTORNEÅ", "ArendeAr": 2026, "Beteckn": "A 26156-2026", "Avverktyp": "Avverkning för annat ändamål", "Andamal": "Skogsbilväg", "Inkomdatum": "2026-06-08T18:24:07", "AnmaldHa": 1.0, "ArendeStatus": "Anmält för avverkning", "AvverkningsanmalanKlass": "Avverkningsamalan", "Weeks": 15, "Naturvarden_Datinv": "1998-05-28", "Naturvarden_Area": 0.1, "Naturvarden_Hektar_calc": 1.4, "Naturvarden_Beteckn": "N 4171-1998", "Naturvarden_area(%)": 8, "Bolag": "-", "N": 7406731, "E": 884022, "URL": "https:\/\/kartor.skogsstyrelsen.se\/kartor\/?startapp=skogligagrunddata&x=7406731&y=884022&scale=7000&bg=Karta" }, "geometry": { "type": "Polygon", "coordinates": [ [ [ 23.6709, 66.5376 ], [ 23.6712, 66.5376 ], [ 23.6698, 66.5384 ], [ 23.6629, 66.5405 ], [ 23.6645, 66.5398 ], [ 23.6676, 66.539 ], [ 23.6683, 66.5386 ], [ 23.67, 66.5381 ], [ 23.6709, 66.5376 ] ] ] } },
{ "type": "Feature", "properties": { "fid": 83689, "OBJECTID": 6448542, "Lannr": "01", "Lan": "STOCKHOLMS LÄN", "Kommunnr": "0181", "Kommun": "SÖDERTÄLJE", "ArendeAr": 2026, "Beteckn": "A 1150-2026", "Avverktyp": "Föryngringsavverkning", "Andamal": "Uppgift saknas", "Inkomdatum": "2026-01-08T23:40:55", "AnmaldHa": 2.7, "ArendeStatus": "Anmält för avverkning", "AvverkningsanmalanKlass": "Avverkningsamalan", "Weeks": 37, "Naturvarden_Datinv": "1998-06-05", "Naturvarden_Area": 2.7, "Naturvarden_Hektar_calc": 3.0, "Naturvarden_Beteckn": "N 4708-1998", "Naturvarden_area(%)": 91, "Bolag": "-", "N": 6542158, "E": 642092, "URL": "https:\/\/kartor.skogsstyrelsen.se\/kartor\/?startapp=skogligagrunddata&x=6542158&y=642092&scale=7000&bg=Karta" }, "geometry": { "type": "Polygon", "coordinates": [ [ [ 17.4706, 58.9944 ], [ 17.4718, 58.9945 ], [ 17.4741, 58.9948 ], [ 17.4741, 58.9953 ], [ 17.4756, 58.9957 ], [ 17.4765, 58.9961 ], [ 17.4761, 58.9964 ], [ 17.4748, 58.996 ], [ 17.4733, 58.996 ], [ 17.4729, 58.9953 ], [ 17.4718, 58.9951 ], [ 17.4708, 58.9953 ], [ 17.4704, 58.9949 ], [ 17.4706, 58.9944 ] ] ] } },
{ "type": "Feature", "properties": { "fid": 110101, "OBJECTID": 6481902, "Lannr": "17", "Lan": "VÄRMLANDS LÄN", "Kommunnr": "1737", "Kommun": "TORSBY", "ArendeAr": 2026, "Beteckn": "A 30108-2026", "Avverktyp": "Föryngringsavverkning", "Andamal": "Uppgift saknas", "Inkomdatum": "2026-07-03T10:47:48", "AnmaldHa": 9.3, "ArendeStatus": "Anmält för avverkning", "AvverkningsanmalanKlass": "Avverkningsamalan", "Weeks": 12, "Naturvarden_Datinv": "1998-06-08", "Naturvarden_Area": 4.2, "Naturvarden_Hektar_calc": 4.3, "Naturvarden_Beteckn": "N 4814-1998", "Naturvarden_area(%)": 97, "Bolag": "-", "N": 6693935, "E": 398619, "URL": "https:\/\/kartor.skogsstyrelsen.se\/kartor\/?startapp=skogligagrunddata&x=6693935&y=398619&scale=7000&bg=Karta" }, "geometry": { "type": "Polygon", "coordinates": [ [ [ 13.1566, 60.3678 ], [ 13.1666, 60.3688 ], [ 13.1664, 60.3703 ], [ 13.157, 60.3696 ], [ 13.1567, 60.3689 ], [ 13.1578, 60.3688 ], [ 13.1579, 60.3687 ], [ 13.1575, 60.3682 ], [ 13.1565, 60.3682 ], [ 13.1566, 60.3678 ] ] ] } },
{ "type": "Feature", "properties": { "fid": 37842, "OBJECTID": 6263962, "Lannr": "21", "Lan": "GÄVLEBORGS LÄN", "Kommunnr": "2101", "Kommun": "OCKELBO", "ArendeAr": 2026, "Beteckn": "A 13441-2026", "Avverktyp": "Föryngringsavverkning", "Andamal": "Uppgift saknas", "Inkomdatum": "2026-03-13T11:47:57", "AnmaldHa": 0.6, "ArendeStatus": "Anmält för avverkning", "AvverkningsanmalanKlass": "Avverkningsamalan", "Weeks": 28, "Naturvarden_Datinv": "1998-06-22", "Naturvarden_Area": 0.3, "Naturvarden_Hektar_calc": 0.6, "Naturvarden_Beteckn": "N 5605-1998", "Naturvarden_area(%)": 48, "Bolag": "-", "N": 6752747, "E": 598225, "URL": "https:\/\/kartor.skogsstyrelsen.se\/kartor\/?startapp=skogligagrunddata&x=6752747&y=598225&scale=7000&bg=Karta" }, "geometry": { "type": "Polygon", "coordinates": [ [ [ 16.8102, 60.8973 ], [ 16.8115, 60.8977 ], [ 16.8111, 60.8982 ], [ 16.8087, 60.8973 ], [ 16.8099, 60.8974 ], [ 16.8102, 60.8973 ] ] ] } },
{ "type": "Feature", "properties": { "fid": 85380, "OBJECTID": 6454119, "Lannr": "22", "Lan": "VÄSTERNORRLANDS LÄN", "Kommunnr": "2282", "Kommun": "KRAMFORS", "ArendeAr": 2026, "Beteckn": "A 25369-2026", "Avverktyp": "Avverkning för att bevara och utveckla \/försöksver", "Andamal": "bevara och utveckla natur- och kulturmiljövärden", "Inkomdatum": "2026-06-03T15:10:09", "AnmaldHa": 2.2, "ArendeStatus": "Anmält för avverkning", "AvverkningsanmalanKlass": "Avverkningsamalan", "Weeks": 16, "Naturvarden_Datinv": "1998-06-24", "Naturvarden_Area": 1.9, "Naturvarden_Hektar_calc": 2.5, "Naturvarden_Beteckn": "N 5839-1998", "Naturvarden_area(%)": 76, "Bolag": "-", "N": 6989969, "E": 630267, "URL": "https:\/\/kartor.skogsstyrelsen.se\/kartor\/?startapp=skogligagrunddata&x=6989969&y=630267&scale=7000&bg=Karta" }, "geometry": { "type": "Polygon", "coordinates": [ [ [ 17.5725, 63.0151 ], [ 17.573, 63.0153 ], [ 17.5731, 63.0156 ], [ 17.5741, 63.0159 ], [ 17.5745, 63.0155 ], [ 17.5756, 63.0152 ], [ 17.5759, 63.0154 ], [ 17.5755, 63.0164 ], [ 17.5733, 63.0165 ], [ 17.5721, 63.0163 ], [ 17.5715, 63.0153 ], [ 17.5725, 63.0151 ] ] ] } },
{ "type": "Feature", "properties": { "fid": 77750, "OBJECTID": 6234313, "Lannr": "06", "Lan": "JÖNKÖPINGS LÄN", "Kommunnr": "0617", "Kommun": "GNOSJÖ", "ArendeAr": 2025, "Beteckn": "A 58779-2025", "Avverktyp": "Föryngringsavverkning", "Andamal": "Uppgift saknas", "Inkomdatum": "2025-11-25T00:00:00", "AnmaldHa": 1.7, "ArendeStatus": "Anmält för avverkning", "AvverkningsanmalanKlass": "Avverkningsamalan", "Weeks": 43, "Naturvarden_Datinv": "1998-06-29", "Naturvarden_Area": 0.5, "Naturvarden_Hektar_calc": 0.5, "Naturvarden_Beteckn": "N 6150-1998", "Naturvarden_area(%)": 100, "Bolag": "-", "N": 6360993, "E": 431905, "URL": "https:\/\/kartor.skogsstyrelsen.se\/kartor\/?startapp=skogligagrunddata&x=6360993&y=431905&scale=7000&bg=Karta" }, "geometry": { "type": "Polygon", "coordinates": [ [ [ 13.8679, 57.3859 ], [ 13.8685, 57.3873 ], [ 13.8671, 57.3874 ], [ 13.866, 57.3867 ], [ 13.8662, 57.386 ], [ 13.8679, 57.3859 ] ] ] } },
{ "type": "Feature", "properties": { "fid": 80544, "OBJECTID": 6436717, "Lannr": "21", "Lan": "GÄVLEBORGS LÄN", "Kommunnr": "2180", "Kommun": "GÄVLE", "ArendeAr": 2026, "Beteckn": "A 23257-2026", "Avverktyp": "Föryngringsavverkning", "Andamal": "Uppgift saknas", "Inkomdatum": "2026-05-20T10:41:29", "AnmaldHa": 33.9, "ArendeStatus": "Anmält för avverkning", "AvverkningsanmalanKlass": "Avverkningsamalan", "Weeks": 18, "Naturvarden_Datinv": "1998-06-30", "Naturvarden_Area": 1.0, "Naturvarden_Hektar_calc": 1.0, "Naturvarden_Beteckn": "N 6218-1998", "Naturvarden_area(%)": 99, "Bolag": "-", "N": 6757188, "E": 606896, "URL": "https:\/\/kartor.skogsstyrelsen.se\/kartor\/?startapp=skogligagrunddata&x=6757188&y=606896&scale=7000&bg=Karta" }, "geometry": { "type": "Polygon", "coordinates": [ [ [ 16.9786, 60.9293 ], [ 16.9788, 60.9293 ], [ 16.9797, 60.9357 ], [ 16.9807, 60.9357 ], [ 16.9875, 60.9343 ], [ 16.9885, 60.9351 ], [ 16.9821, 60.9365 ], [ 16.9775, 60.9369 ], [ 16.9774, 60.9367 ], [ 16.975, 60.9362 ], [ 16.9749, 60.9363 ], [ 16.9755, 60.9366 ], [ 16.9754, 60.9371 ], [ 16.9588, 60.9385 ], [ 16.958, 60.9374 ], [ 16.9588, 60.9369 ], [ 16.9586, 60.9363 ], [ 16.9589, 60.9357 ], [ 16.9756, 60.9357 ], [ 16.9754, 60.9328 ], [ 16.9762, 60.9332 ], [ 16.9765, 60.9337 ], [ 16.9773, 60.9336 ], [ 16.9777, 60.9331 ], [ 16.9773, 60.9321 ], [ 16.9768, 60.9319 ], [ 16.9761, 60.932 ], [ 16.9756, 60.9317 ], [ 16.9753, 60.9319 ], [ 16.9749, 60.9295 ], [ 16.9786, 60.9293 ] ] ] } },
{ "type": "Feature", "properties": { "fid": 82022, "OBJECTID": 6443073, "Lannr": "17", "Lan": "VÄRMLANDS LÄN", "Kommunnr": "1737", "Kommun": "TORSBY", "ArendeAr": 2026, "Beteckn": "A 2005-2026", "Avverktyp": "Föryngringsavverkning", "Andamal": "Uppgift saknas", "Inkomdatum": "2026-01-13T16:41:35", "AnmaldHa": 3.7, "ArendeStatus": "Anmält för avverkning", "AvverkningsanmalanKlass": "Avverkningsamalan", "Weeks": 36, "Naturvarden_Datinv": "1998-07-02", "Naturvarden_Area": 1.0, "Naturvarden_Hektar_calc": 3.1, "Naturvarden_Beteckn": "N 6391-1998", "Naturvarden_area(%)": 31, "Bolag": "-", "N": 6747504, "E": 386040, "URL": "https:\/\/kartor.skogsstyrelsen.se\/kartor\/?startapp=skogligagrunddata&x=6747504&y=386040&scale=7000&bg=Karta" }, "geometry": { "type": "Polygon", "coordinates": [ [ [ 12.9008, 60.8449 ], [ 12.9015, 60.8449 ], [ 12.9012, 60.8457 ], [ 12.9015, 60.8459 ], [ 12.9021, 60.846 ], [ 12.9034, 60.8458 ], [ 12.9045, 60.8459 ], [ 12.9049, 60.8463 ], [ 12.9051, 60.847 ], [ 12.9039, 60.8476 ], [ 12.9034, 60.8477 ], [ 12.9003, 60.8459 ], [ 12.9008, 60.8449 ] ] ] } },
{ "type": "Feature", "properties": { "fid": 57149, "OBJECTID": 6140445, "Lannr": "25", "Lan": "NORRBOTTENS LÄN", "Kommunnr": "2582", "Kommun": "BODEN", "ArendeAr": 2025, "Beteckn": "A 59263-2025", "Avverktyp": "Föryngringsavverkning", "Andamal": "Uppgift saknas", "Inkomdatum": "2025-11-27T15:47:36", "AnmaldHa": 6.6, "ArendeStatus": "Anmält för avverkning", "AvverkningsanmalanKlass": "Avverkningsamalan", "Weeks": 43, "Naturvarden_Datinv": "1998-07-08", "Naturvarden_Area": 1.1, "Naturvarden_Hektar_calc": 3.3, "Naturvarden_Beteckn": "N 6585-1998", "Naturvarden_area(%)": 32, "Bolag": "-", "N": 7353183, "E": 801106, "URL": "https:\/\/kartor.skogsstyrelsen.se\/kartor\/?startapp=skogligagrunddata&x=7353183&y=801106&scale=7000&bg=Karta" }, "geometry": { "type": "Polygon", "coordinates": [ [ [ 21.6854, 66.1517 ], [ 21.6869, 66.1517 ], [ 21.6867, 66.1524 ], [ 21.6852, 66.1529 ], [ 21.6856, 66.1531 ], [ 21.6855, 66.1533 ], [ 21.6851, 66.1533 ], [ 21.6846, 66.1537 ], [ 21.6857, 66.1544 ], [ 21.6872, 66.155 ], [ 21.6873, 66.1554 ], [ 21.6881, 66.1559 ], [ 21.6884, 66.1563 ], [ 21.6879, 66.1565 ], [ 21.6874, 66.156 ], [ 21.6864, 66.156 ], [ 21.686, 66.1562 ], [ 21.6845, 66.1561 ], [ 21.6844, 66.1557 ], [ 21.6861, 66.1554 ], [ 21.6836, 66.1552 ], [ 21.6835, 66.1555 ], [ 21.6832, 66.1555 ], [ 21.6825, 66.155 ], [ 21.6828, 66.1545 ], [ 21.6816, 66.1544 ], [ 21.6818, 66.1542 ], [ 21.6815, 66.1542 ], [ 21.6827, 66.1532 ], [ 21.6854, 66.1517 ] ] ] } },
{ "type": "Feature", "properties": { "fid": 42865, "OBJECTID": 6101717, "Lannr": "17", "Lan": "VÄRMLANDS LÄN", "Kommunnr": "1737", "Kommun": "TORSBY", "ArendeAr": 2025, "Beteckn": "A 49250-2025", "Avverktyp": "Föryngringsavverkning", "Andamal": "Uppgift saknas", "Inkomdatum": "2025-10-08T00:00:00", "AnmaldHa": 0.9, "ArendeStatus": "Anmält för avverkning", "AvverkningsanmalanKlass": "Avverkningsamalan", "Weeks": 50, "Naturvarden_Datinv": "1998-07-31", "Naturvarden_Area": 0.8, "Naturvarden_Hektar_calc": 4.5, "Naturvarden_Beteckn": "N 7381-1998", "Naturvarden_area(%)": 18, "Bolag": "-", "N": 6751113, "E": 355393, "URL": "https:\/\/kartor.skogsstyrelsen.se\/kartor\/?startapp=skogligagrunddata&x=6751113&y=355393&scale=7000&bg=Karta" }, "geometry": { "type": "Polygon", "coordinates": [ [ [ 12.3353, 60.8683 ], [ 12.3379, 60.869 ], [ 12.338, 60.8688 ], [ 12.3392, 60.869 ], [ 12.339, 60.8693 ], [ 12.3349, 60.8688 ], [ 12.3348, 60.8684 ], [ 12.3353, 60.8683 ] ] ] } },
{ "type": "Feature", "properties": { "fid": 71432, "OBJECTID": 6214069, "Lannr": "07", "Lan": "KRONOBERGS LÄN", "Kommunnr": "0780", "Kommun": "VÄXJÖ", "ArendeAr": 2026, "Beteckn": "A 3133-2026", "Avverktyp": "Föryngringsavverkning", "Andamal": "Uppgift saknas", "Inkomdatum": "2026-01-19T09:25:33", "AnmaldHa": 0.4, "ArendeStatus": "Anmält för avverkning", "AvverkningsanmalanKlass": "Avverkningsamalan", "Weeks": 35, "Naturvarden_Datinv": "1998-08-14", "Naturvarden_Area": 0.3, "Naturvarden_Hektar_calc": 1.4, "Naturvarden_Beteckn": "N 8116-1998", "Naturvarden_area(%)": 20, "Bolag": "-", "N": 6315871, "E": 495407, "URL": "https:\/\/kartor.skogsstyrelsen.se\/kartor\/?startapp=skogligagrunddata&x=6315871&y=495407&scale=7000&bg=Karta" }, "geometry": { "type": "Polygon", "coordinates": [ [ [ 14.925, 56.986 ], [ 14.9254, 56.9863 ], [ 14.9246, 56.9866 ], [ 14.9238, 56.9867 ], [ 14.9233, 56.9864 ], [ 14.9239, 56.9864 ], [ 14.925, 56.986 ] ] ] } },
{ "type": "Feature", "properties": { "fid": 60757, "OBJECTID": 6151245, "Lannr": "14", "Lan": "VÄSTRA GÖTALANDS LÄN", "Kommunnr": "1430", "Kommun": "MUNKEDAL", "ArendeAr": 2025, "Beteckn": "A 61392-2025", "Avverktyp": "Föryngringsavverkning", "Andamal": "Uppgift saknas", "Inkomdatum": "2025-12-09T00:00:00", "AnmaldHa": 1.3, "ArendeStatus": "Anmält för avverkning", "AvverkningsanmalanKlass": "Avverkningsamalan", "Weeks": 41, "Naturvarden_Datinv": "1998-08-14", "Naturvarden_Area": 1.2, "Naturvarden_Hektar_calc": 2.1, "Naturvarden_Beteckn": "N 8150-1998", "Naturvarden_area(%)": 59, "Bolag": "Övriga aktiebolag", "N": 6482625, "E": 313960, "URL": "https:\/\/kartor.skogsstyrelsen.se\/kartor\/?startapp=skogligagrunddata&x=6482625&y=313960&scale=7000&bg=Karta" }, "geometry": { "type": "Polygon", "coordinates": [ [ [ 11.8122, 58.4439 ], [ 11.8128, 58.444 ], [ 11.8134, 58.4449 ], [ 11.8132, 58.4452 ], [ 11.8137, 58.4456 ], [ 11.8133, 58.4455 ], [ 11.8124, 58.4451 ], [ 11.8111, 58.4448 ], [ 11.8113, 58.4442 ], [ 11.8111, 58.444 ], [ 11.8115, 58.4439 ], [ 11.812, 58.4443 ], [ 11.8122, 58.4439 ] ] ] } },
{ "type": "Feature", "properties": { "fid": 50128, "OBJECTID": 6128957, "Lannr": "05", "Lan": "ÖSTERGÖTLANDS LÄN", "Kommunnr": "0581", "Kommun": "NORRKÖPING", "ArendeAr": 2025, "Beteckn": "A 55104-2025", "Avverktyp": "Föryngringsavverkning", "Andamal": "Uppgift saknas", "Inkomdatum": "2025-11-07T08:35:12", "AnmaldHa": 14.6, "ArendeStatus": "Anmält för avverkning", "AvverkningsanmalanKlass": "Avverkningsamalan", "Weeks": 46, "Naturvarden_Datinv": "1998-08-20", "Naturvarden_Area": 3.6, "Naturvarden_Hektar_calc": 3.8, "Naturvarden_Beteckn": "N 8422-1998", "Naturvarden_area(%)": 96, "Bolag": "-", "N": 6478540, "E": 604041, "URL": "https:\/\/kartor.skogsstyrelsen.se\/kartor\/?startapp=skogligagrunddata&x=6478540&y=604041&scale=7000&bg=Karta" }, "geometry": { "type": "MultiPolygon", "coordinates": [ [ [ [ 16.7782, 58.435 ], [ 16.7787, 58.4352 ], [ 16.7787, 58.4358 ], [ 16.7801, 58.4361 ], [ 16.7816, 58.4371 ], [ 16.7805, 58.4377 ], [ 16.779, 58.4376 ], [ 16.7782, 58.4373 ], [ 16.7776, 58.4368 ], [ 16.7774, 58.4362 ], [ 16.7777, 58.4356 ], [ 16.7783, 58.4357 ], [ 16.7785, 58.4355 ], [ 16.7785, 58.4352 ], [ 16.7782, 58.435 ] ] ], [ [ [ 16.7814, 58.4326 ], [ 16.7825, 58.4328 ], [ 16.7829, 58.434 ], [ 16.7832, 58.4338 ], [ 16.7833, 58.433 ], [ 16.7834, 58.4328 ], [ 16.7837, 58.4328 ], [ 16.7848, 58.4336 ], [ 16.7847, 58.4341 ], [ 16.7853, 58.4345 ], [ 16.7869, 58.4349 ], [ 16.7864, 58.4355 ], [ 16.7851, 58.4362 ], [ 16.7826, 58.4369 ], [ 16.7823, 58.4368 ], [ 16.7831, 58.4364 ], [ 16.7831, 58.4362 ], [ 16.782, 58.4355 ], [ 16.7816, 58.4353 ], [ 16.781, 58.4354 ], [ 16.7805, 58.4355 ], [ 16.7801, 58.4358 ], [ 16.779, 58.4353 ], [ 16.7788, 58.435 ], [ 16.7789, 58.4348 ], [ 16.7813, 58.4346 ], [ 16.7816, 58.4344 ], [ 16.7804, 58.4342 ], [ 16.7799, 58.4336 ], [ 16.7806, 58.4329 ], [ 16.7814, 58.4326 ] ] ] ] } },
{ "type": "Feature", "properties": { "fid": 121524, "OBJECTID": 6499739, "Lannr": "23", "Lan": "JÄMTLANDS LÄN", "Kommunnr": "2305", "Kommun": "BRÄCKE", "ArendeAr": 2026, "Beteckn": "A 36533-2026", "Avverktyp": "Föryngringsavverkning", "Andamal": "Uppgift saknas", "Inkomdatum": "2026-09-04T12:56:17", "AnmaldHa": 2.3, "ArendeStatus": "Anmält för avverkning", "AvverkningsanmalanKlass": "NyAvverkningsanmalan", "Weeks": 3, "Naturvarden_Datinv": "1998-08-21", "Naturvarden_Area": 0.4, "Naturvarden_Hektar_calc": 0.8, "Naturvarden_Beteckn": "N 8522-1998", "Naturvarden_area(%)": 47, "Bolag": "-", "N": 6961014, "E": 505449, "URL": "https:\/\/kartor.skogsstyrelsen.se\/kartor\/?startapp=skogligagrunddata&x=6961014&y=505449&scale=7000&bg=Karta" }, "geometry": { "type": "Polygon", "coordinates": [ [ [ 15.1065, 62.7784 ], [ 15.1069, 62.7786 ], [ 15.1079, 62.7786 ], [ 15.1082, 62.78 ], [ 15.107, 62.7801 ], [ 15.1059, 62.7806 ], [ 15.1055, 62.7786 ], [ 15.1065, 62.7784 ] ] ] } },
{ "type": "Feature", "properties": { "fid": 75456, "OBJECTID": 6225411, "Lannr": "07", "Lan": "KRONOBERGS LÄN", "Kommunnr": "0760", "Kommun": "UPPVIDINGE", "ArendeAr": 2026, "Beteckn": "A 5721-2026", "Avverktyp": "Avverkning för annat ändamål", "Andamal": "Bete", "Inkomdatum": "2026-01-29T00:00:00", "AnmaldHa": 2.6, "ArendeStatus": "Anmält för avverkning", "AvverkningsanmalanKlass": "Avverkningsamalan", "Weeks": 34, "Naturvarden_Datinv": "1998-08-24", "Naturvarden_Area": 0.6, "Naturvarden_Hektar_calc": 0.6, "Naturvarden_Beteckn": "N 8608-1998", "Naturvarden_area(%)": 93, "Bolag": "-", "N": 6310914, "E": 514458, "URL": "https:\/\/kartor.skogsstyrelsen.se\/kartor\/?startapp=skogligagrunddata&x=6310914&y=514458&scale=7000&bg=Karta" }, "geometry": { "type": "Polygon", "coordinates": [ [ [ 15.236, 56.9409 ], [ 15.2395, 56.9413 ], [ 15.2389, 56.9425 ], [ 15.2377, 56.9427 ], [ 15.2382, 56.942 ], [ 15.238, 56.9418 ], [ 15.2369, 56.9419 ], [ 15.2364, 56.9422 ], [ 15.2358, 56.942 ], [ 15.236, 56.9409 ] ] ] } },
{ "type": "Feature", "properties": { "fid": 123282, "OBJECTID": 6500712, "Lannr": "23", "Lan": "JÄMTLANDS LÄN", "Kommunnr": "2309", "Kommun": "KROKOM", "ArendeAr": 2026, "Beteckn": "A 31606-2026", "Avverktyp": "Föryngringsavverkning", "Andamal": "Uppgift saknas", "Inkomdatum": "2026-07-21T21:20:20", "AnmaldHa": 9.6, "ArendeStatus": "Anmält för avverkning", "AvverkningsanmalanKlass": "Avverkningsamalan", "Weeks": 9, "Naturvarden_Datinv": "1998-08-28", "Naturvarden_Area": 2.1, "Naturvarden_Hektar_calc": 2.3, "Naturvarden_Beteckn": "N 8978-1998", "Naturvarden_area(%)": 89, "Bolag": "-", "N": 7055329, "E": 463689, "URL": "https:\/\/kartor.skogsstyrelsen.se\/kartor\/?startapp=skogligagrunddata&x=7055329&y=463689&scale=7000&bg=Karta" }, "geometry": { "type": "Polygon", "coordinates": [ [ [ 14.2705, 63.6222 ], [ 14.2708, 63.6226 ], [ 14.2738, 63.6233 ], [ 14.2749, 63.624 ], [ 14.2752, 63.6244 ], [ 14.2749, 63.6247 ], [ 14.2737, 63.6247 ], [ 14.2731, 63.6241 ], [ 14.272, 63.624 ], [ 14.2704, 63.6242 ], [ 14.2699, 63.6247 ], [ 14.2693, 63.6244 ], [ 14.2686, 63.6244 ], [ 14.2682, 63.6248 ], [ 14.2693, 63.6248 ], [ 14.2695, 63.625 ], [ 14.2668, 63.6258 ], [ 14.2665, 63.6258 ], [ 14.2669, 63.625 ], [ 14.2667, 63.6247 ], [ 14.2663, 63.6248 ], [ 14.2661, 63.6252 ], [ 14.2651, 63.6253 ], [ 14.2639, 63.6259 ], [ 14.2634, 63.6258 ], [ 14.263, 63.6255 ], [ 14.2625, 63.6255 ], [ 14.2609, 63.623 ], [ 14.2625, 63.6233 ], [ 14.2645, 63.6234 ], [ 14.2649, 63.6232 ], [ 14.2649, 63.6229 ], [ 14.266, 63.6229 ], [ 14.266, 63.6227 ], [ 14.2674, 63.6231 ], [ 14.2684, 63.623 ], [ 14.2705, 63.6222 ] ] ] } },
{ "type": "Feature", "properties": { "fid": 28609, "OBJECTID": 6245617, "Lannr": "14", "Lan": "VÄSTRA GÖTALANDS LÄN", "Kommunnr": "1430", "Kommun": "MUNKEDAL", "ArendeAr": 2026, "Beteckn": "A 10097-2026", "Avverktyp": "Föryngringsavverkning", "Andamal": "Uppgift saknas", "Inkomdatum": "2026-02-20T00:00:00", "AnmaldHa": 3.0, "ArendeStatus": "Anmält för avverkning", "AvverkningsanmalanKlass": "Avverkningsamalan", "Weeks": 31, "Naturvarden_Datinv": "1998-09-01", "Naturvarden_Area": 0.7, "Naturvarden_Hektar_calc": 1.0, "Naturvarden_Beteckn": "N 9092-1998", "Naturvarden_area(%)": 73, "Bolag": "Övriga aktiebolag", "N": 6483271, "E": 318058, "URL": "https:\/\/kartor.skogsstyrelsen.se\/kartor\/?startapp=skogligagrunddata&x=6483271&y=318058&scale=7000&bg=Karta" }, "geometry": { "type": "MultiPolygon", "coordinates": [ [ [ [ 11.8782, 58.4515 ], [ 11.8789, 58.4515 ], [ 11.8796, 58.452 ], [ 11.88, 58.452 ], [ 11.8802, 58.4524 ], [ 11.8802, 58.4527 ], [ 11.8793, 58.4533 ], [ 11.8788, 58.453 ], [ 11.8789, 58.4524 ], [ 11.8787, 58.452 ], [ 11.8782, 58.4518 ], [ 11.8782, 58.4515 ] ] ], [ [ [ 11.8834, 58.4514 ], [ 11.8845, 58.4515 ], [ 11.8841, 58.4517 ], [ 11.8843, 58.4519 ], [ 11.8855, 58.4522 ], [ 11.8859, 58.4528 ], [ 11.8856, 58.4529 ], [ 11.8855, 58.4533 ], [ 11.8861, 58.4534 ], [ 11.886, 58.4536 ], [ 11.8849, 58.453 ], [ 11.8846, 58.4526 ], [ 11.8838, 58.4523 ], [ 11.8837, 58.4521 ], [ 11.8817, 58.452 ], [ 11.8804, 58.4516 ], [ 11.8831, 58.4517 ], [ 11.8834, 58.4514 ] ] ], [ [ [ 11.8788, 58.451 ], [ 11.8796, 58.4514 ], [ 11.8797, 58.4517 ], [ 11.8781, 58.4511 ], [ 11.8788, 58.451 ] ] ], [ [ [ 11.8792, 58.4509 ], [ 11.8796, 58.4509 ], [ 11.8799, 58.4514 ], [ 11.8795, 58.4513 ], [ 11.8792, 58.4509 ] ] ] ] } },
{ "type": "Feature", "properties": { "fid": 121807, "OBJECTID": 6500052, "Lannr": "01", "Lan": "STOCKHOLMS LÄN", "Kommunnr": "0126", "Kommun": "HUDDINGE", "ArendeAr": 2026, "Beteckn": "A 31651-2026", "Avverktyp": "Avverkning för annat ändamål", "Andamal": "Annan väg", "Inkomdatum": "2026-07-20T00:00:00", "AnmaldHa": 2.3, "ArendeStatus": "Anmält för avverkning", "AvverkningsanmalanKlass": "Avverkningsamalan", "Weeks": 9, "Naturvarden_Datinv": "1998-09-02", "Naturvarden_Area": 0.1, "Naturvarden_Hektar_calc": 0.4, "Naturvarden_Beteckn": "N 9153-1998", "Naturvarden_area(%)": 34, "Bolag": "Kommuner", "N": 6570055, "E": 665618, "URL": "https:\/\/kartor.skogsstyrelsen.se\/kartor\/?startapp=skogligagrunddata&x=6570055&y=665618&scale=7000&bg=Karta" }, "geometry": { "type": "MultiPolygon", "coordinates": [ [ [ [ 17.905, 59.2375 ], [ 17.9053, 59.2375 ], [ 17.9056, 59.2381 ], [ 17.9052, 59.2376 ], [ 17.9035, 59.238 ], [ 17.904, 59.2384 ], [ 17.905, 59.2383 ], [ 17.9037, 59.2386 ], [ 17.903, 59.2379 ], [ 17.9033, 59.2379 ], [ 17.905, 59.2375 ] ] ], [ [ [ 17.9077, 59.2367 ], [ 17.9079, 59.2367 ], [ 17.9055, 59.2374 ], [ 17.9055, 59.2373 ], [ 17.9077, 59.2367 ] ] ], [ [ [ 17.9025, 59.2359 ], [ 17.9037, 59.2361 ], [ 17.9027, 59.2373 ], [ 17.9033, 59.2371 ], [ 17.9042, 59.2375 ], [ 17.9036, 59.2376 ], [ 17.9033, 59.2373 ], [ 17.9031, 59.2373 ], [ 17.9025, 59.2376 ], [ 17.9014, 59.2371 ], [ 17.9025, 59.2359 ] ] ] ] } },
{ "type": "Feature", "properties": { "fid": 65089, "OBJECTID": 6166156, "Lannr": "14", "Lan": "VÄSTRA GÖTALANDS LÄN", "Kommunnr": "1430", "Kommun": "MUNKEDAL", "ArendeAr": 2025, "Beteckn": "A 64132-2025", "Avverktyp": "Föryngringsavverkning", "Andamal": "Uppgift saknas", "Inkomdatum": "2025-12-22T00:00:00", "AnmaldHa": 11.6, "ArendeStatus": "Anmält för avverkning", "AvverkningsanmalanKlass": "Avverkningsamalan", "Weeks": 39, "Naturvarden_Datinv": "1998-09-16", "Naturvarden_Area": 2.7, "Naturvarden_Hektar_calc": 4.6, "Naturvarden_Beteckn": "N 9681-1998", "Naturvarden_area(%)": 58, "Bolag": "Övriga aktiebolag", "N": 6492556, "E": 310924, "URL": "https:\/\/kartor.skogsstyrelsen.se\/kartor\/?startapp=skogligagrunddata&x=6492556&y=310924&scale=7000&bg=Karta" }, "geometry": { "type": "MultiPolygon", "coordinates": [ [ [ [ 11.7492, 58.5325 ], [ 11.75, 58.533 ], [ 11.7503, 58.5334 ], [ 11.7513, 58.5337 ], [ 11.7517, 58.5341 ], [ 11.7523, 58.5341 ], [ 11.7525, 58.5344 ], [ 11.7506, 58.5345 ], [ 11.7497, 58.5355 ], [ 11.7492, 58.5346 ], [ 11.7496, 58.5346 ], [ 11.7495, 58.5338 ], [ 11.7486, 58.5331 ], [ 11.7489, 58.5326 ], [ 11.7492, 58.5325 ] ] ], [ [ [ 11.7506, 58.5313 ], [ 11.7517, 58.5317 ], [ 11.7521, 58.5316 ], [ 11.7531, 58.5317 ], [ 11.7535, 58.5321 ], [ 11.7539, 58.5321 ], [ 11.7538, 58.5322 ], [ 11.7547, 58.5325 ], [ 11.7547, 58.5328 ], [ 11.7568, 58.5325 ], [ 11.7581, 58.5327 ], [ 11.758, 58.5329 ], [ 11.7574, 58.5335 ], [ 11.7565, 58.5333 ], [ 11.755, 58.5334 ], [ 11.7515, 58.5323 ], [ 11.7503, 58.5315 ], [ 11.7506, 58.5313 ] ] ], [ [ [ 11.7497, 58.53 ], [ 11.7503, 58.5304 ], [ 11.7494, 58.531 ], [ 11.7495, 58.5315 ], [ 11.7489, 58.5317 ], [ 11.7496, 58.5321 ], [ 11.7502, 58.5322 ], [ 11.7497, 58.5324 ], [ 11.7502, 58.5325 ], [ 11.7502, 58.5327 ], [ 11.7513, 58.5323 ], [ 11.7527, 58.5328 ], [ 11.7523, 58.5333 ], [ 11.7527, 58.5338 ], [ 11.7523, 58.5339 ], [ 11.752, 58.5336 ], [ 11.7509, 58.5333 ], [ 11.7487, 58.5319 ], [ 11.7481, 58.532 ], [ 11.7476, 58.5314 ], [ 11.7469, 58.5314 ], [ 11.7468, 58.5312 ], [ 11.7473, 58.531 ], [ 11.7468, 58.5305 ], [ 11.7483, 58.5305 ], [ 11.7497, 58.53 ] ] ], [ [ [ 11.7579, 58.5301 ], [ 11.7585, 58.5304 ], [ 11.7582, 58.5318 ], [ 11.7567, 58.5313 ], [ 11.7564, 58.5308 ], [ 11.7579, 58.5301 ] ] ] ] } },
{ "type": "Feature", "properties": { "fid": 51085, "OBJECTID": 6131676, "Lannr": "03", "Lan": "UPPSALA LÄN", "Kommunnr": "0380", "Kommun": "UPPSALA", "ArendeAr": 2025, "Beteckn": "A 55732-2025", "Avverktyp": "Föryngringsavverkning", "Andamal": "Uppgift saknas", "Inkomdatum": "2025-11-11T00:00:00", "AnmaldHa": 11.4, "ArendeStatus": "Anmält för avverkning", "AvverkningsanmalanKlass": "Avverkningsamalan", "Weeks": 45, "Naturvarden_Datinv": "1998-10-09", "Naturvarden_Area": 2.7, "Naturvarden_Hektar_calc": 12.7, "Naturvarden_Beteckn": "N 10604-1998", "Naturvarden_area(%)": 21, "Bolag": "-", "N": 6651985, "E": 671166, "URL": "https:\/\/kartor.skogsstyrelsen.se\/kartor\/?startapp=skogligagrunddata&x=6651985&y=671166&scale=7000&bg=Karta" }, "geometry": { "type": "MultiPolygon", "coordinates": [ [ [ [ 18.066, 59.9687 ], [ 18.0663, 59.9687 ], [ 18.0665, 59.969 ], [ 18.066, 59.9692 ], [ 18.0656, 59.969 ], [ 18.066, 59.9687 ] ] ], [ [ [ 18.0641, 59.9686 ], [ 18.0645, 59.9691 ], [ 18.0644, 59.9706 ], [ 18.0669, 59.9716 ], [ 18.0666, 59.9721 ], [ 18.0622, 59.9719 ], [ 18.0624, 59.9715 ], [ 18.0613, 59.9714 ], [ 18.0619, 59.9701 ], [ 18.0617, 59.9694 ], [ 18.0623, 59.9692 ], [ 18.0623, 59.9688 ], [ 18.0641, 59.9686 ] ] ], [ [ [ 18.0727, 59.9675 ], [ 18.0734, 59.9689 ], [ 18.0731, 59.9692 ], [ 18.0719, 59.969 ], [ 18.071, 59.9686 ], [ 18.0712, 59.968 ], [ 18.0718, 59.9677 ], [ 18.0727, 59.9675 ] ] ], [ [ [ 18.069, 59.9674 ], [ 18.0692, 59.9677 ], [ 18.0696, 59.9677 ], [ 18.07, 59.9679 ], [ 18.0698, 59.9684 ], [ 18.0682, 59.969 ], [ 18.0679, 59.9683 ], [ 18.0671, 59.9679 ], [ 18.069, 59.9674 ] ] ], [ [ [ 18.074, 59.9659 ], [ 18.0744, 59.966 ], [ 18.0746, 59.9662 ], [ 18.0753, 59.9661 ], [ 18.0754, 59.9666 ], [ 18.0735, 59.9675 ], [ 18.0733, 59.9668 ], [ 18.074, 59.9659 ] ] ] ] } },
{ "type": "Feature", "properties": { "fid": 63834, "OBJECTID": 6380549, "Lannr": "05", "Lan": "ÖSTERGÖTLANDS LÄN", "Kommunnr": "0509", "Kommun": "ÖDESHÖG", "ArendeAr": 2025, "Beteckn": "A 63074-2025", "Avverktyp": "Föryngringsavverkning", "Andamal": "Uppgift saknas", "Inkomdatum": "2025-12-18T15:52:45", "AnmaldHa": 8.7, "ArendeStatus": "Anmält för avverkning", "AvverkningsanmalanKlass": "Avverkningsamalan", "Weeks": 40, "Naturvarden_Datinv": "1998-10-22", "Naturvarden_Area": 0.0, "Naturvarden_Hektar_calc": 0.8, "Naturvarden_Beteckn": "N 10764-1998", "Naturvarden_area(%)": 5, "Bolag": "Allmännings- och besparingsskogar", "N": 6451602, "E": 488677, "URL": "https:\/\/kartor.skogsstyrelsen.se\/kartor\/?startapp=skogligagrunddata&x=6451602&y=488677&scale=7000&bg=Karta" }, "geometry": { "type": "MultiPolygon", "coordinates": [ [ [ [ 14.804, 58.2055 ], [ 14.8045, 58.2056 ], [ 14.8049, 58.2058 ], [ 14.8055, 58.2057 ], [ 14.8062, 58.2065 ], [ 14.8061, 58.2066 ], [ 14.8055, 58.2068 ], [ 14.804, 58.2068 ], [ 14.8029, 58.2057 ], [ 14.8029, 58.2055 ], [ 14.804, 58.2055 ] ] ], [ [ [ 14.809, 58.203 ], [ 14.8086, 58.2054 ], [ 14.8089, 58.2055 ], [ 14.8113, 58.2056 ], [ 14.8116, 58.2062 ], [ 14.8099, 58.2066 ], [ 14.808, 58.2066 ], [ 14.8069, 58.2063 ], [ 14.8064, 58.2065 ], [ 14.8054, 58.2054 ], [ 14.8062, 58.2051 ], [ 14.8067, 58.204 ], [ 14.8079, 58.2032 ], [ 14.809, 58.203 ] ] ] ] } },
{ "type": "Feature", "properties": { "fid": 80495, "OBJECTID": 6436649, "Lannr": "03", "Lan": "UPPSALA LÄN", "Kommunnr": "0382", "Kommun": "ÖSTHAMMAR", "ArendeAr": 2026, "Beteckn": "A 23125-2026", "Avverktyp": "Föryngringsavverkning", "Andamal": "Uppgift saknas", "Inkomdatum": "2026-05-19T14:32:59", "AnmaldHa": 4.4, "ArendeStatus": "Anmält för avverkning", "AvverkningsanmalanKlass": "Avverkningsamalan", "Weeks": 18, "Naturvarden_Datinv": "1998-11-10", "Naturvarden_Area": 0.5, "Naturvarden_Hektar_calc": 0.5, "Naturvarden_Beteckn": "N 10959-1998", "Naturvarden_area(%)": 98, "Bolag": "Övriga aktiebolag", "N": 6676346, "E": 688102, "URL": "https:\/\/kartor.skogsstyrelsen.se\/kartor\/?startapp=skogligagrunddata&x=6676346&y=688102&scale=7000&bg=Karta" }, "geometry": { "type": "Polygon", "coordinates": [ [ [ 18.3931, 60.1791 ], [ 18.3937, 60.1793 ], [ 18.3939, 60.1796 ], [ 18.3942, 60.1796 ], [ 18.3944, 60.1797 ], [ 18.3938, 60.1808 ], [ 18.3888, 60.1817 ], [ 18.3887, 60.1811 ], [ 18.3931, 60.1791 ] ] ] } },
{ "type": "Feature", "properties": { "fid": 34003, "OBJECTID": 6253708, "Lannr": "09", "Lan": "GOTLANDS LÄN", "Kommunnr": "0980", "Kommun": "GOTLAND", "ArendeAr": 2026, "Beteckn": "A 11708-2026", "Avverktyp": "Avverkning för annat ändamål", "Andamal": "Bete", "Inkomdatum": "2026-03-03T00:00:00", "AnmaldHa": 8.4, "ArendeStatus": "Anmält för avverkning", "AvverkningsanmalanKlass": "Avverkningsamalan", "Weeks": 29, "Naturvarden_Datinv": "1999-07-06", "Naturvarden_Area": 0.1, "Naturvarden_Hektar_calc": 0.1, "Naturvarden_Beteckn": "N 719-1999", "Naturvarden_area(%)": 91, "Bolag": "-", "N": 6321621, "E": 701256, "URL": "https:\/\/kartor.skogsstyrelsen.se\/kartor\/?startapp=skogligagrunddata&x=6321621&y=701256&scale=7000&bg=Karta" }, "geometry": { "type": "Polygon", "coordinates": [ [ [ 18.3103, 56.9921 ], [ 18.3123, 56.9921 ], [ 18.3117, 56.9929 ], [ 18.3127, 56.9931 ], [ 18.316, 56.9931 ], [ 18.3159, 56.994 ], [ 18.3153, 56.9944 ], [ 18.3143, 56.9961 ], [ 18.3137, 56.996 ], [ 18.3122, 56.9962 ], [ 18.3103, 56.9921 ] ] ] } },
{ "type": "Feature", "properties": { "fid": 75768, "OBJECTID": 6227439, "Lannr": "05", "Lan": "ÖSTERGÖTLANDS LÄN", "Kommunnr": "0580", "Kommun": "LINKÖPING", "ArendeAr": 2026, "Beteckn": "A 6353-2026", "Avverktyp": "Föryngringsavverkning", "Andamal": "Uppgift saknas", "Inkomdatum": "2026-02-02T14:43:57", "AnmaldHa": 5.7, "ArendeStatus": "Anmält för avverkning", "AvverkningsanmalanKlass": "Avverkningsamalan", "Weeks": 33, "Naturvarden_Datinv": "2000-09-13", "Naturvarden_Area": 0.0, "Naturvarden_Hektar_calc": 0.1, "Naturvarden_Beteckn": "N 1165-2000", "Naturvarden_area(%)": 91, "Bolag": "Övriga aktiebolag", "N": 6442009, "E": 521493, "URL": "https:\/\/kartor.skogsstyrelsen.se\/kartor\/?startapp=skogligagrunddata&x=6442009&y=521493&scale=7000&bg=Karta" }, "geometry": { "type": "Polygon", "coordinates": [ [ [ 15.3666, 58.1161 ], [ 15.3672, 58.1166 ], [ 15.3676, 58.1172 ], [ 15.3668, 58.1179 ], [ 15.3666, 58.1186 ], [ 15.3667, 58.1188 ], [ 15.3673, 58.119 ], [ 15.3666, 58.1194 ], [ 15.3665, 58.12 ], [ 15.3661, 58.1194 ], [ 15.3664, 58.1193 ], [ 15.3642, 58.1196 ], [ 15.3647, 58.1204 ], [ 15.3659, 58.1209 ], [ 15.3655, 58.1212 ], [ 15.3636, 58.1205 ], [ 15.362, 58.1206 ], [ 15.3624, 58.1202 ], [ 15.3618, 58.1196 ], [ 15.3621, 58.1196 ], [ 15.3621, 58.1191 ], [ 15.3629, 58.1189 ], [ 15.3639, 58.1181 ], [ 15.3646, 58.1183 ], [ 15.3648, 58.1187 ], [ 15.3651, 58.1184 ], [ 15.3657, 58.1182 ], [ 15.3661, 58.1175 ], [ 15.3655, 58.1172 ], [ 15.3666, 58.1161 ] ] ] } },
{ "type": "Feature", "properties": { "fid": 83423, "OBJECTID": 6447829, "Lannr": "22", "Lan": "VÄSTERNORRLANDS LÄN", "Kommunnr": "2283", "Kommun": "SOLLEFTEÅ", "ArendeAr": 2026, "Beteckn": "A 10792-2026", "Avverktyp": "Föryngringsavverkning", "Andamal": "Uppgift saknas", "Inkomdatum": "2026-02-25T00:00:00", "AnmaldHa": 2.0, "ArendeStatus": "Anmält för avverkning", "AvverkningsanmalanKlass": "Avverkningsamalan", "Weeks": 30, "Naturvarden_Datinv": "2001-05-25", "Naturvarden_Area": 0.5, "Naturvarden_Hektar_calc": 0.7, "Naturvarden_Beteckn": "N 690-2001", "Naturvarden_area(%)": 71, "Bolag": "-", "N": 7020978, "E": 604702, "URL": "https:\/\/kartor.skogsstyrelsen.se\/kartor\/?startapp=skogligagrunddata&x=7020978&y=604702&scale=7000&bg=Karta" }, "geometry": { "type": "Polygon", "coordinates": [ [ [ 17.088, 63.3007 ], [ 17.0913, 63.3031 ], [ 17.0912, 63.3032 ], [ 17.0896, 63.303 ], [ 17.0886, 63.3032 ], [ 17.0884, 63.3035 ], [ 17.0878, 63.3033 ], [ 17.0882, 63.3024 ], [ 17.0874, 63.3022 ], [ 17.0874, 63.3018 ], [ 17.0881, 63.3013 ], [ 17.088, 63.3007 ] ] ] } },
{ "type": "Feature", "properties": { "fid": 87337, "OBJECTID": 6458694, "Lannr": "17", "Lan": "VÄRMLANDS LÄN", "Kommunnr": "1781", "Kommun": "KRISTINEHAMN", "ArendeAr": 2026, "Beteckn": "A 2522-2026", "Avverktyp": "Avverkning för annat ändamål", "Andamal": "Bete", "Inkomdatum": "2026-01-15T00:00:00", "AnmaldHa": 11.0, "ArendeStatus": "Anmält för avverkning", "AvverkningsanmalanKlass": "Avverkningsamalan", "Weeks": 36, "Naturvarden_Datinv": "2001-07-19", "Naturvarden_Area": 1.0, "Naturvarden_Hektar_calc": 1.0, "Naturvarden_Beteckn": "N 1492-2001", "Naturvarden_area(%)": 99, "Bolag": "-", "N": 6548320, "E": 443420, "URL": "https:\/\/kartor.skogsstyrelsen.se\/kartor\/?startapp=skogligagrunddata&x=6548320&y=443420&scale=7000&bg=Karta" }, "geometry": { "type": "MultiPolygon", "coordinates": [ [ [ [ 14.013, 59.0708 ], [ 14.0142, 59.0712 ], [ 14.0144, 59.0714 ], [ 14.0142, 59.0719 ], [ 14.0147, 59.072 ], [ 14.015, 59.0718 ], [ 14.0157, 59.072 ], [ 14.0157, 59.0722 ], [ 14.0153, 59.0725 ], [ 14.0148, 59.0724 ], [ 14.0146, 59.0725 ], [ 14.0144, 59.0728 ], [ 14.015, 59.0738 ], [ 14.0148, 59.074 ], [ 14.0136, 59.073 ], [ 14.013, 59.0708 ] ] ], [ [ [ 14.0152, 59.0692 ], [ 14.0152, 59.0695 ], [ 14.0144, 59.0696 ], [ 14.014, 59.0696 ], [ 14.0137, 59.0692 ], [ 14.0152, 59.0692 ] ] ], [ [ [ 14.0167, 59.068 ], [ 14.0171, 59.0681 ], [ 14.0174, 59.0684 ], [ 14.0184, 59.0686 ], [ 14.0187, 59.0693 ], [ 14.0188, 59.0699 ], [ 14.0182, 59.0705 ], [ 14.0178, 59.0722 ], [ 14.0171, 59.0718 ], [ 14.0177, 59.0713 ], [ 14.0155, 59.0712 ], [ 14.0151, 59.0706 ], [ 14.0155, 59.0702 ], [ 14.0161, 59.0701 ], [ 14.0162, 59.0708 ], [ 14.0172, 59.0709 ], [ 14.0176, 59.0702 ], [ 14.0181, 59.0701 ], [ 14.0179, 59.0696 ], [ 14.0169, 59.0695 ], [ 14.0152, 59.0685 ], [ 14.0149, 59.0685 ], [ 14.015, 59.0688 ], [ 14.0132, 59.0687 ], [ 14.0123, 59.0692 ], [ 14.0116, 59.0694 ], [ 14.0114, 59.0695 ], [ 14.0121, 59.0698 ], [ 14.0121, 59.0701 ], [ 14.0117, 59.0703 ], [ 14.0111, 59.0703 ], [ 14.0104, 59.0698 ], [ 14.01, 59.0699 ], [ 14.01, 59.0705 ], [ 14.0096, 59.0708 ], [ 14.0087, 59.0711 ], [ 14.0079, 59.0713 ], [ 14.0073, 59.0712 ], [ 14.0069, 59.0708 ], [ 14.0065, 59.0709 ], [ 14.0057, 59.0714 ], [ 14.0059, 59.0719 ], [ 14.0067, 59.0721 ], [ 14.0052, 59.0724 ], [ 14.005, 59.0715 ], [ 14.0041, 59.0715 ], [ 14.004, 59.071 ], [ 14.0069, 59.0705 ], [ 14.0092, 59.0703 ], [ 14.0098, 59.0699 ], [ 14.0098, 59.0696 ], [ 14.012, 59.0691 ], [ 14.0127, 59.0686 ], [ 14.0145, 59.0685 ], [ 14.0167, 59.068 ] ] ] ] } },
{ "type": "Feature", "properties": { "fid": 77687, "OBJECTID": 6234244, "Lannr": "14", "Lan": "VÄSTRA GÖTALANDS LÄN", "Kommunnr": "1440", "Kommun": "ALE", "ArendeAr": 2026, "Beteckn": "A 8113-2026", "Avverktyp": "Föryngringsavverkning", "Andamal": "Uppgift saknas", "Inkomdatum": "2026-02-09T00:00:00", "AnmaldHa": 0.8, "ArendeStatus": "Anmält för avverkning", "AvverkningsanmalanKlass": "Avverkningsamalan", "Weeks": 32, "Naturvarden_Datinv": "2001-08-27", "Naturvarden_Area": 0.1, "Naturvarden_Hektar_calc": 2.0, "Naturvarden_Beteckn": "N 1962-2001", "Naturvarden_area(%)": 5, "Bolag": "-", "N": 6433339, "E": 344531, "URL": "https:\/\/kartor.skogsstyrelsen.se\/kartor\/?startapp=skogligagrunddata&x=6433339&y=344531&scale=7000&bg=Karta" }, "geometry": { "type": "Polygon", "coordinates": [ [ [ 12.3687, 58.0137 ], [ 12.3695, 58.0145 ], [ 12.369, 58.0146 ], [ 12.3679, 58.0147 ], [ 12.3667, 58.0143 ], [ 12.3684, 58.0141 ], [ 12.3687, 58.0137 ] ] ] } },
{ "type": "Feature", "properties": { "fid": 90864, "OBJECTID": 6462850, "Lannr": "20", "Lan": "DALARNAS LÄN", "Kommunnr": "2021", "Kommun": "VANSBRO", "ArendeAr": 2026, "Beteckn": "A 6640-2026", "Avverktyp": "Föryngringsavverkning", "Andamal": "Uppgift saknas", "Inkomdatum": "2026-01-30T00:00:00", "AnmaldHa": 5.2, "ArendeStatus": "Anmält för avverkning", "AvverkningsanmalanKlass": "Avverkningsamalan", "Weeks": 34, "Naturvarden_Datinv": "2001-10-02", "Naturvarden_Area": 0.2, "Naturvarden_Hektar_calc": 0.6, "Naturvarden_Beteckn": "N 2488-2001", "Naturvarden_area(%)": 36, "Bolag": "-", "N": 6720309, "E": 467953, "URL": "https:\/\/kartor.skogsstyrelsen.se\/kartor\/?startapp=skogligagrunddata&x=6720309&y=467953&scale=7000&bg=Karta" }, "geometry": { "type": "Polygon", "coordinates": [ [ [ 14.4169, 60.6153 ], [ 14.4172, 60.616 ], [ 14.4167, 60.6172 ], [ 14.4159, 60.6177 ], [ 14.4157, 60.6182 ], [ 14.412, 60.6189 ], [ 14.4116, 60.6188 ], [ 14.4124, 60.6176 ], [ 14.4137, 60.6172 ], [ 14.4152, 60.6166 ], [ 14.4162, 60.6157 ], [ 14.4136, 60.6165 ], [ 14.4127, 60.6171 ], [ 14.4117, 60.6174 ], [ 14.4121, 60.617 ], [ 14.4132, 60.6164 ], [ 14.4169, 60.6153 ] ] ] } },
{ "type": "Feature", "properties": { "fid": 44917, "OBJECTID": 6110855, "Lannr": "17", "Lan": "VÄRMLANDS LÄN", "Kommunnr": "1785", "Kommun": "SÄFFLE", "ArendeAr": 2025, "Beteckn": "A 51269-2025", "Avverktyp": "Avverkning för annat ändamål", "Andamal": "Skogsbilväg", "Inkomdatum": "2025-10-19T19:28:52", "AnmaldHa": 0.8, "ArendeStatus": "Anmält för avverkning", "AvverkningsanmalanKlass": "Avverkningsamalan", "Weeks": 48, "Naturvarden_Datinv": "2001-10-30", "Naturvarden_Area": 0.1, "Naturvarden_Hektar_calc": 2.8, "Naturvarden_Beteckn": "N 2969-2001", "Naturvarden_area(%)": 3, "Bolag": "-", "N": 6588488, "E": 378937, "URL": "https:\/\/kartor.skogsstyrelsen.se\/kartor\/?startapp=skogligagrunddata&x=6588488&y=378937&scale=7000&bg=Karta" }, "geometry": { "type": "MultiPolygon", "coordinates": [ [ [ [ 12.8726, 59.4186 ], [ 12.8741, 59.419 ], [ 12.874, 59.4191 ], [ 12.8726, 59.4186 ] ] ], [ [ [ 12.8626, 59.4177 ], [ 12.8633, 59.4178 ], [ 12.8633, 59.4178 ], [ 12.8626, 59.4178 ], [ 12.8626, 59.4177 ] ] ], [ [ [ 12.8626, 59.4177 ], [ 12.8626, 59.4178 ], [ 12.8619, 59.4178 ], [ 12.862, 59.4177 ], [ 12.8626, 59.4177 ] ] ], [ [ [ 12.8644, 59.4176 ], [ 12.8644, 59.4176 ], [ 12.8634, 59.4178 ], [ 12.8633, 59.4177 ], [ 12.8644, 59.4176 ] ] ], [ [ [ 12.8611, 59.4175 ], [ 12.8619, 59.4177 ], [ 12.8618, 59.4178 ], [ 12.8611, 59.4175 ] ] ], [ [ [ 12.8611, 59.4175 ], [ 12.8611, 59.4175 ], [ 12.859, 59.4178 ], [ 12.859, 59.4178 ], [ 12.8611, 59.4175 ] ] ], [ [ [ 12.8652, 59.4175 ], [ 12.8652, 59.4176 ], [ 12.8644, 59.4176 ], [ 12.8645, 59.4176 ], [ 12.8652, 59.4175 ] ] ], [ [ [ 12.8725, 59.4176 ], [ 12.8726, 59.4186 ], [ 12.8725, 59.4186 ], [ 12.8724, 59.4177 ], [ 12.8725, 59.4176 ] ] ], [ [ [ 12.8568, 59.4172 ], [ 12.8589, 59.4178 ], [ 12.8588, 59.4178 ], [ 12.8568, 59.4172 ] ] ], [ [ [ 12.8655, 59.4172 ], [ 12.8656, 59.4173 ], [ 12.8653, 59.4176 ], [ 12.8652, 59.4175 ], [ 12.8655, 59.4172 ] ] ], [ [ [ 12.8717, 59.4171 ], [ 12.8724, 59.4176 ], [ 12.8724, 59.4177 ], [ 12.8716, 59.4172 ], [ 12.8717, 59.4171 ] ] ], [ [ [ 12.869, 59.417 ], [ 12.869, 59.417 ], [ 12.8685, 59.417 ], [ 12.8684, 59.417 ], [ 12.869, 59.417 ] ] ], [ [ [ 12.8695, 59.4167 ], [ 12.8696, 59.4167 ], [ 12.8691, 59.417 ], [ 12.869, 59.4169 ], [ 12.8695, 59.4167 ] ] ], [ [ [ 12.8671, 59.4166 ], [ 12.8684, 59.417 ], [ 12.8683, 59.4171 ], [ 12.8671, 59.4167 ], [ 12.8671, 59.4166 ] ] ], [ [ [ 12.8696, 59.4167 ], [ 12.8717, 59.4171 ], [ 12.8716, 59.4172 ], [ 12.8696, 59.4167 ] ] ], [ [ [ 12.867, 59.4166 ], [ 12.8656, 59.4172 ], [ 12.8655, 59.4172 ], [ 12.867, 59.4166 ] ] ] ] } },
{ "type": "Feature", "properties": { "fid": 75795, "OBJECTID": 6227519, "Lannr": "06", "Lan": "JÖNKÖPINGS LÄN", "Kommunnr": "0680", "Kommun": "JÖNKÖPING", "ArendeAr": 2026, "Beteckn": "A 6327-2026", "Avverktyp": "Avverkning för annat ändamål", "Andamal": "Bete", "Inkomdatum": "2026-02-02T00:00:00", "AnmaldHa": 9.9, "ArendeStatus": "Anmält för avverkning", "AvverkningsanmalanKlass": "Avverkningsamalan", "Weeks": 33, "Naturvarden_Datinv": "2001-11-23", "Naturvarden_Area": 0.1, "Naturvarden_Hektar_calc": 16.8, "Naturvarden_Beteckn": "N 3381-2001", "Naturvarden_area(%)": 0, "Bolag": "-", "N": 6419436, "E": 459666, "URL": "https:\/\/kartor.skogsstyrelsen.se\/kartor\/?startapp=skogligagrunddata&x=6419436&y=459666&scale=7000&bg=Karta" }, "geometry": { "type": "Polygon", "coordinates": [ [ [ 14.3189, 57.9129 ], [ 14.3198, 57.9132 ], [ 14.3201, 57.9136 ], [ 14.3216, 57.9137 ], [ 14.3223, 57.9144 ], [ 14.3214, 57.9158 ], [ 14.3199, 57.9168 ], [ 14.3168, 57.9157 ], [ 14.3156, 57.9147 ], [ 14.3167, 57.9144 ], [ 14.3168, 57.9141 ], [ 14.3164, 57.9139 ], [ 14.3172, 57.9137 ], [ 14.3184, 57.9137 ], [ 14.3185, 57.9131 ], [ 14.3189, 57.9129 ] ] ] } },
{ "type": "Feature", "properties": { "fid": 85745, "OBJECTID": 6454931, "Lannr": "01", "Lan": "STOCKHOLMS LÄN", "Kommunnr": "0181", "Kommun": "SÖDERTÄLJE", "ArendeAr": 2026, "Beteckn": "A 25288-2026", "Avverktyp": "Föryngringsavverkning", "Andamal": "Uppgift saknas", "Inkomdatum": "2026-06-03T09:53:51", "AnmaldHa": 4.4, "ArendeStatus": "Anmält för avverkning", "AvverkningsanmalanKlass": "Avverkningsamalan", "Weeks": 16, "Naturvarden_Datinv": "2011-05-16", "Naturvarden_Area": 0.9, "Naturvarden_Hektar_calc": 1.0, "Naturvarden_Beteckn": "N 213-2011", "Naturvarden_area(%)": 88, "Bolag": "-", "N": 6555652, "E": 649930, "URL": "https:\/\/kartor.skogsstyrelsen.se\/kartor\/?startapp=skogligagrunddata&x=6555652&y=649930&scale=7000&bg=Karta" }, "geometry": { "type": "Polygon", "coordinates": [ [ [ 17.6279, 59.1101 ], [ 17.6279, 59.1105 ], [ 17.6272, 59.1106 ], [ 17.6267, 59.1111 ], [ 17.6268, 59.1114 ], [ 17.6262, 59.1113 ], [ 17.624, 59.1124 ], [ 17.624, 59.1121 ], [ 17.6235, 59.112 ], [ 17.6189, 59.1133 ], [ 17.616, 59.1147 ], [ 17.6162, 59.1154 ], [ 17.6158, 59.1155 ], [ 17.6164, 59.1161 ], [ 17.6162, 59.1163 ], [ 17.6152, 59.116 ], [ 17.6131, 59.1144 ], [ 17.6169, 59.1139 ], [ 17.6249, 59.1115 ], [ 17.6258, 59.1112 ], [ 17.6265, 59.1105 ], [ 17.6279, 59.1101 ] ] ] } },
{ "type": "Feature", "properties": { "fid": 117693, "OBJECTID": 6496505, "Lannr": "09", "Lan": "GOTLANDS LÄN", "Kommunnr": "0980", "Kommun": "GOTLAND", "ArendeAr": 2026, "Beteckn": "A 26987-2026", "Avverktyp": "Föryngringsavverkning", "Andamal": "Uppgift saknas", "Inkomdatum": "2026-06-12T00:00:00", "AnmaldHa": 3.7, "ArendeStatus": "Anmält för avverkning", "AvverkningsanmalanKlass": "Avverkningsamalan", "Weeks": 15, "Naturvarden_Datinv": "2002-05-29", "Naturvarden_Area": 5.1, "Naturvarden_Hektar_calc": 37.3, "Naturvarden_Beteckn": "N 847-2002", "Naturvarden_area(%)": 14, "Bolag": "-", "N": 6363911, "E": 696768, "URL": "https:\/\/kartor.skogsstyrelsen.se\/kartor\/?startapp=skogligagrunddata&x=6363911&y=696768&scale=7000&bg=Karta" }, "geometry": { "type": "Polygon", "coordinates": [ [ [ 18.2735, 57.374 ], [ 18.2748, 57.375 ], [ 18.2737, 57.3762 ], [ 18.2739, 57.3768 ], [ 18.2736, 57.377 ], [ 18.2729, 57.377 ], [ 18.272, 57.376 ], [ 18.2712, 57.3759 ], [ 18.2711, 57.3755 ], [ 18.2706, 57.3751 ], [ 18.2735, 57.374 ] ] ] } },
{ "type": "Feature", "properties": { "fid": 121226, "OBJECTID": 6498626, "Lannr": "05", "Lan": "ÖSTERGÖTLANDS LÄN", "Kommunnr": "0581", "Kommun": "NORRKÖPING", "ArendeAr": 2026, "Beteckn": "A 36366-2026", "Avverktyp": "Avverkning för annat ändamål", "Andamal": "Övrigt", "Inkomdatum": "2026-09-03T15:12:05", "AnmaldHa": 2.5, "ArendeStatus": "Anmält för avverkning", "AvverkningsanmalanKlass": "NyAvverkningsanmalan", "Weeks": 3, "Naturvarden_Datinv": "2002-06-01", "Naturvarden_Area": 1.3, "Naturvarden_Hektar_calc": 2.1, "Naturvarden_Beteckn": "N 894-2002", "Naturvarden_area(%)": 62, "Bolag": "BillerudKorsnäs AB", "N": 6492591, "E": 551990, "URL": "https:\/\/kartor.skogsstyrelsen.se\/kartor\/?startapp=skogligagrunddata&x=6492591&y=551990&scale=7000&bg=Karta" }, "geometry": { "type": "Polygon", "coordinates": [ [ [ 15.8925, 58.5693 ], [ 15.8929, 58.5695 ], [ 15.8932, 58.5694 ], [ 15.8936, 58.5696 ], [ 15.8954, 58.5705 ], [ 15.8952, 58.5708 ], [ 15.8953, 58.5709 ], [ 15.8938, 58.5721 ], [ 15.893, 58.5712 ], [ 15.8931, 58.5703 ], [ 15.8925, 58.5698 ], [ 15.8925, 58.5693 ] ] ] } },
{ "type": "Feature", "properties": { "fid": 50574, "OBJECTID": 6130994, "Lannr": "03", "Lan": "UPPSALA LÄN", "Kommunnr": "0380", "Kommun": "UPPSALA", "ArendeAr": 2025, "Beteckn": "A 55357-2025", "Avverktyp": "Föryngringsavverkning", "Andamal": "Uppgift saknas", "Inkomdatum": "2025-11-10T08:59:43", "AnmaldHa": 5.2, "ArendeStatus": "Anmält för avverkning", "AvverkningsanmalanKlass": "Avverkningsamalan", "Weeks": 45, "Naturvarden_Datinv": "2002-06-28", "Naturvarden_Area": 1.5, "Naturvarden_Hektar_calc": 4.6, "Naturvarden_Beteckn": "N 1423-2002", "Naturvarden_area(%)": 32, "Bolag": "Övriga (HB, KB, gemensamhetsskogar", "N": 6645734, "E": 654952, "URL": "https:\/\/kartor.skogsstyrelsen.se\/kartor\/?startapp=skogligagrunddata&x=6645734&y=654952&scale=7000&bg=Karta" }, "geometry": { "type": "Polygon", "coordinates": [ [ [ 17.7707, 59.9181 ], [ 17.7728, 59.9189 ], [ 17.773, 59.9194 ], [ 17.7733, 59.9195 ], [ 17.7732, 59.9199 ], [ 17.7741, 59.9199 ], [ 17.7745, 59.9202 ], [ 17.7744, 59.9204 ], [ 17.7739, 59.9204 ], [ 17.7745, 59.921 ], [ 17.7742, 59.9212 ], [ 17.7715, 59.9214 ], [ 17.7708, 59.9216 ], [ 17.7709, 59.9202 ], [ 17.7712, 59.92 ], [ 17.7704, 59.9199 ], [ 17.7701, 59.9197 ], [ 17.7704, 59.9193 ], [ 17.7703, 59.9192 ], [ 17.7697, 59.9191 ], [ 17.7687, 59.9187 ], [ 17.7691, 59.9184 ], [ 17.7705, 59.9184 ], [ 17.7707, 59.9181 ] ], [ [ 17.7714, 59.9185 ], [ 17.7713, 59.9186 ], [ 17.7713, 59.9186 ], [ 17.7714, 59.9185 ] ], [ [ 17.7714, 59.9189 ], [ 17.7714, 59.919 ], [ 17.7714, 59.919 ], [ 17.7714, 59.9189 ] ] ] } },
{ "type": "Feature", "properties": { "fid": 101261, "OBJECTID": 6471725, "Lannr": "09", "Lan": "GOTLANDS LÄN", "Kommunnr": "0980", "Kommun": "GOTLAND", "ArendeAr": 2026, "Beteckn": "A 28843-2026", "Avverktyp": "Föryngringsavverkning", "Andamal": "Uppgift saknas", "Inkomdatum": "2026-06-25T16:03:18", "AnmaldHa": 2.0, "ArendeStatus": "Anmält för avverkning", "AvverkningsanmalanKlass": "Avverkningsamalan", "Weeks": 13, "Naturvarden_Datinv": "2002-07-25", "Naturvarden_Area": 0.2, "Naturvarden_Hektar_calc": 1.8, "Naturvarden_Beteckn": "N 1679-2002", "Naturvarden_area(%)": 12, "Bolag": "-", "N": 6371473, "E": 698717, "URL": "https:\/\/kartor.skogsstyrelsen.se\/kartor\/?startapp=skogligagrunddata&x=6371473&y=698717&scale=7000&bg=Karta" }, "geometry": { "type": "Polygon", "coordinates": [ [ [ 18.3127, 57.4416 ], [ 18.3118, 57.4421 ], [ 18.3119, 57.4424 ], [ 18.3143, 57.4428 ], [ 18.3103, 57.4429 ], [ 18.3095, 57.4426 ], [ 18.3097, 57.4423 ], [ 18.3104, 57.4422 ], [ 18.3105, 57.442 ], [ 18.3101, 57.4417 ], [ 18.3127, 57.4416 ] ] ] } },
{ "type": "Feature", "properties": { "fid": 126130, "OBJECTID": 6507345, "Lannr": "23", "Lan": "JÄMTLANDS LÄN", "Kommunnr": "2309", "Kommun": "KROKOM", "ArendeAr": 2026, "Beteckn": "A 38011-2026", "Avverktyp": "Föryngringsavverkning", "Andamal": "Uppgift saknas", "Inkomdatum": "2026-09-15T14:02:51", "AnmaldHa": 6.9, "ArendeStatus": "Anmält för avverkning", "AvverkningsanmalanKlass": "NyAvverkningsanmalan", "Weeks": 1, "Naturvarden_Datinv": "2002-08-14", "Naturvarden_Area": 0.5, "Naturvarden_Hektar_calc": 1.9, "Naturvarden_Beteckn": "N 1863-2002", "Naturvarden_area(%)": 26, "Bolag": "-", "N": 7034057, "E": 471475, "URL": "https:\/\/kartor.skogsstyrelsen.se\/kartor\/?startapp=skogligagrunddata&x=7034057&y=471475&scale=7000&bg=Karta" }, "geometry": { "type": "MultiPolygon", "coordinates": [ [ [ [ 14.4267, 63.4335 ], [ 14.4278, 63.4337 ], [ 14.4267, 63.4336 ], [ 14.4251, 63.4342 ], [ 14.4267, 63.4335 ] ] ], [ [ [ 14.431, 63.4331 ], [ 14.433, 63.4336 ], [ 14.4351, 63.4353 ], [ 14.4347, 63.4354 ], [ 14.4331, 63.4352 ], [ 14.4316, 63.4346 ], [ 14.4304, 63.4343 ], [ 14.4302, 63.4341 ], [ 14.4296, 63.434 ], [ 14.4292, 63.4341 ], [ 14.4293, 63.4346 ], [ 14.4285, 63.4342 ], [ 14.4279, 63.434 ], [ 14.4284, 63.4332 ], [ 14.43, 63.4335 ], [ 14.431, 63.4331 ] ] ], [ [ [ 14.4244, 63.4315 ], [ 14.4247, 63.4316 ], [ 14.4242, 63.4326 ], [ 14.4237, 63.433 ], [ 14.4246, 63.4343 ], [ 14.4235, 63.4351 ], [ 14.422, 63.4344 ], [ 14.4234, 63.4332 ], [ 14.421, 63.4326 ], [ 14.421, 63.4324 ], [ 14.4213, 63.4322 ], [ 14.4234, 63.4327 ], [ 14.4238, 63.4324 ], [ 14.4236, 63.432 ], [ 14.4244, 63.4315 ] ] ] ] } },
{ "type": "Feature", "properties": { "fid": 45282, "OBJECTID": 6111912, "Lannr": "03", "Lan": "UPPSALA LÄN", "Kommunnr": "0380", "Kommun": "UPPSALA", "ArendeAr": 2025, "Beteckn": "A 51493-2025", "Avverktyp": "Avverkning för att bevara och utveckla \/försöksver", "Andamal": "bevara och utveckla natur- och kulturmiljövärden", "Inkomdatum": "2025-10-20T00:00:00", "AnmaldHa": 1.9, "ArendeStatus": "Anmält för avverkning", "AvverkningsanmalanKlass": "Avverkningsamalan", "Weeks": 48, "Naturvarden_Datinv": "2002-09-19", "Naturvarden_Area": 2.0, "Naturvarden_Hektar_calc": 2.0, "Naturvarden_Beteckn": "N 2482-2002", "Naturvarden_area(%)": 100, "Bolag": "Övriga (HB, KB, gemensamhetsskogar", "N": 6657224, "E": 624725, "URL": "https:\/\/kartor.skogsstyrelsen.se\/kartor\/?startapp=skogligagrunddata&x=6657224&y=624725&scale=7000&bg=Karta" }, "geometry": { "type": "Polygon", "coordinates": [ [ [ 17.2402, 60.0323 ], [ 17.2403, 60.0332 ], [ 17.24, 60.0332 ], [ 17.2387, 60.0339 ], [ 17.2382, 60.034 ], [ 17.2377, 60.0338 ], [ 17.2371, 60.0339 ], [ 17.2365, 60.0333 ], [ 17.238, 60.0332 ], [ 17.2385, 60.0328 ], [ 17.2402, 60.0323 ] ] ] } },
{ "type": "Feature", "properties": { "fid": 54521, "OBJECTID": 6136115, "Lannr": "17", "Lan": "VÄRMLANDS LÄN", "Kommunnr": "1781", "Kommun": "KRISTINEHAMN", "ArendeAr": 2025, "Beteckn": "A 58021-2025", "Avverktyp": "Föryngringsavverkning", "Andamal": "Uppgift saknas", "Inkomdatum": "2025-11-21T11:29:17", "AnmaldHa": 4.1, "ArendeStatus": "Anmält för avverkning", "AvverkningsanmalanKlass": "Avverkningsamalan", "Weeks": 44, "Naturvarden_Datinv": "2002-10-16", "Naturvarden_Area": 0.2, "Naturvarden_Hektar_calc": 0.2, "Naturvarden_Beteckn": "N 3063-2002", "Naturvarden_area(%)": 97, "Bolag": "-", "N": 6556009, "E": 458904, "URL": "https:\/\/kartor.skogsstyrelsen.se\/kartor\/?startapp=skogligagrunddata&x=6556009&y=458904&scale=7000&bg=Karta" }, "geometry": { "type": "Polygon", "coordinates": [ [ [ 14.2839, 59.1402 ], [ 14.2833, 59.1419 ], [ 14.2815, 59.1424 ], [ 14.2808, 59.1424 ], [ 14.2794, 59.1415 ], [ 14.2799, 59.1409 ], [ 14.2826, 59.1402 ], [ 14.2833, 59.1404 ], [ 14.2839, 59.1402 ] ] ] } },
{ "type": "Feature", "properties": { "fid": 81772, "OBJECTID": 6442443, "Lannr": "07", "Lan": "KRONOBERGS LÄN", "Kommunnr": "0780", "Kommun": "VÄXJÖ", "ArendeAr": 2025, "Beteckn": "A 48159-2025", "Avverktyp": "Föryngringsavverkning", "Andamal": "Uppgift saknas", "Inkomdatum": "2025-10-03T10:13:10", "AnmaldHa": 1.4, "ArendeStatus": "Anmält för avverkning", "AvverkningsanmalanKlass": "Avverkningsamalan", "Weeks": 51, "Naturvarden_Datinv": "2002-10-31", "Naturvarden_Area": 1.1, "Naturvarden_Hektar_calc": 1.5, "Naturvarden_Beteckn": "N 3290-2002", "Naturvarden_area(%)": 74, "Bolag": "-", "N": 6295975, "E": 478777, "URL": "https:\/\/kartor.skogsstyrelsen.se\/kartor\/?startapp=skogligagrunddata&x=6295975&y=478777&scale=7000&bg=Karta" }, "geometry": { "type": "Polygon", "coordinates": [ [ [ 14.6522, 56.8063 ], [ 14.6529, 56.8063 ], [ 14.6528, 56.8069 ], [ 14.6536, 56.8071 ], [ 14.6537, 56.8074 ], [ 14.6533, 56.8077 ], [ 14.652, 56.8078 ], [ 14.6515, 56.8077 ], [ 14.6514, 56.8067 ], [ 14.6522, 56.8066 ], [ 14.6522, 56.8063 ] ] ] } },
{ "type": "Feature", "properties": { "fid": 72842, "OBJECTID": 6218852, "Lannr": "04", "Lan": "SÖDERMANLANDS LÄN", "Kommunnr": "0486", "Kommun": "STRÄNGNÄS", "ArendeAr": 2026, "Beteckn": "A 1977-2026", "Avverktyp": "Föryngringsavverkning", "Andamal": "Uppgift saknas", "Inkomdatum": "2026-01-13T15:39:25", "AnmaldHa": 8.0, "ArendeStatus": "Anmält för avverkning", "AvverkningsanmalanKlass": "Avverkningsamalan", "Weeks": 36, "Naturvarden_Datinv": "2002-12-09", "Naturvarden_Area": 2.4, "Naturvarden_Hektar_calc": 3.4, "Naturvarden_Beteckn": "N 3925-2002", "Naturvarden_area(%)": 71, "Bolag": "-", "N": 6572596, "E": 614182, "URL": "https:\/\/kartor.skogsstyrelsen.se\/kartor\/?startapp=skogligagrunddata&x=6572596&y=614182&scale=7000&bg=Karta" }, "geometry": { "type": "Polygon", "coordinates": [ [ [ 17.004, 59.2746 ], [ 17.0051, 59.2758 ], [ 17.0044, 59.2761 ], [ 17.0051, 59.277 ], [ 17.0055, 59.2772 ], [ 17.0062, 59.277 ], [ 17.0072, 59.278 ], [ 17.007, 59.2781 ], [ 17.006, 59.2782 ], [ 17.0057, 59.2784 ], [ 17.0044, 59.2783 ], [ 17.0037, 59.2781 ], [ 17.0028, 59.2782 ], [ 17.0018, 59.2781 ], [ 17.001, 59.2777 ], [ 17.0016, 59.2764 ], [ 17.0032, 59.2759 ], [ 17.003, 59.2755 ], [ 17.0018, 59.2754 ], [ 17.002, 59.2748 ], [ 17.004, 59.2746 ] ] ] } },
{ "type": "Feature", "properties": { "fid": 38903, "OBJECTID": 6266196, "Lannr": "01", "Lan": "STOCKHOLMS LÄN", "Kommunnr": "0181", "Kommun": "SÖDERTÄLJE", "ArendeAr": 2026, "Beteckn": "A 13943-2026", "Avverktyp": "Föryngringsavverkning", "Andamal": "Uppgift saknas", "Inkomdatum": "2026-03-17T12:56:16", "AnmaldHa": 3.1, "ArendeStatus": "Anmält för avverkning", "AvverkningsanmalanKlass": "Avverkningsamalan", "Weeks": 27, "Naturvarden_Datinv": "2003-01-31", "Naturvarden_Area": 2.6, "Naturvarden_Hektar_calc": 3.4, "Naturvarden_Beteckn": "N 119-2003", "Naturvarden_area(%)": 77, "Bolag": "-", "N": 6571716, "E": 635073, "URL": "https:\/\/kartor.skogsstyrelsen.se\/kartor\/?startapp=skogligagrunddata&x=6571716&y=635073&scale=7000&bg=Karta" }, "geometry": { "type": "Polygon", "coordinates": [ [ [ 17.3722, 59.2608 ], [ 17.3729, 59.261 ], [ 17.3715, 59.262 ], [ 17.37, 59.2625 ], [ 17.3694, 59.2635 ], [ 17.3688, 59.2639 ], [ 17.3682, 59.264 ], [ 17.3674, 59.2645 ], [ 17.3669, 59.2646 ], [ 17.3663, 59.2643 ], [ 17.3678, 59.2636 ], [ 17.3677, 59.2629 ], [ 17.3684, 59.2625 ], [ 17.3698, 59.2624 ], [ 17.3722, 59.2608 ] ] ] } },
{ "type": "Feature", "properties": { "fid": 42101, "OBJECTID": 6098019, "Lannr": "18", "Lan": "ÖREBRO LÄN", "Kommunnr": "1864", "Kommun": "LJUSNARSBERG", "ArendeAr": 2025, "Beteckn": "A 48204-2025", "Avverktyp": "Föryngringsavverkning", "Andamal": "Uppgift saknas", "Inkomdatum": "2025-10-03T11:35:55", "AnmaldHa": 0.8, "ArendeStatus": "Anmält för avverkning", "AvverkningsanmalanKlass": "Avverkningsamalan", "Weeks": 51, "Naturvarden_Datinv": "2003-06-05", "Naturvarden_Area": 0.6, "Naturvarden_Hektar_calc": 0.7, "Naturvarden_Beteckn": "N 1062-2003", "Naturvarden_area(%)": 97, "Bolag": "-", "N": 6650534, "E": 507971, "URL": "https:\/\/kartor.skogsstyrelsen.se\/kartor\/?startapp=skogligagrunddata&x=6650534&y=507971&scale=7000&bg=Karta" }, "geometry": { "type": "Polygon", "coordinates": [ [ [ 15.1428, 59.9914 ], [ 15.1439, 59.9921 ], [ 15.1435, 59.9925 ], [ 15.1419, 59.9922 ], [ 15.1418, 59.9921 ], [ 15.1428, 59.9914 ] ] ] } },
{ "type": "Feature", "properties": { "fid": 121270, "OBJECTID": 6498684, "Lannr": "20", "Lan": "DALARNAS LÄN", "Kommunnr": "2023", "Kommun": "MALUNG-SÄLEN", "ArendeAr": 2026, "Beteckn": "A 21683-2026", "Avverktyp": "Föryngringsavverkning", "Andamal": "Uppgift saknas", "Inkomdatum": "2026-05-07T12:00:11", "AnmaldHa": 39.7, "ArendeStatus": "Anmält för avverkning", "AvverkningsanmalanKlass": "Avverkningsamalan", "Weeks": 20, "Naturvarden_Datinv": "2003-06-27", "Naturvarden_Area": 2.3, "Naturvarden_Hektar_calc": 4.3, "Naturvarden_Beteckn": "N 1295-2003", "Naturvarden_area(%)": 54, "Bolag": "Allmännings- och besparingsskogar", "N": 6760773, "E": 403765, "URL": "https:\/\/kartor.skogsstyrelsen.se\/kartor\/?startapp=skogligagrunddata&x=6760773&y=403765&scale=7000&bg=Karta" }, "geometry": { "type": "MultiPolygon", "coordinates": [ [ [ [ 13.2276, 60.966 ], [ 13.2281, 60.9661 ], [ 13.228, 60.9665 ], [ 13.2274, 60.9666 ], [ 13.2273, 60.9668 ], [ 13.2271, 60.9667 ], [ 13.2274, 60.967 ], [ 13.2279, 60.9672 ], [ 13.2269, 60.9748 ], [ 13.2141, 60.9748 ], [ 13.2126, 60.9742 ], [ 13.2116, 60.9743 ], [ 13.2111, 60.9748 ], [ 13.2105, 60.9736 ], [ 13.2098, 60.9732 ], [ 13.2093, 60.9732 ], [ 13.2104, 60.9727 ], [ 13.2108, 60.972 ], [ 13.2118, 60.9718 ], [ 13.2119, 60.9712 ], [ 13.2125, 60.9711 ], [ 13.214, 60.9711 ], [ 13.2154, 60.9722 ], [ 13.216, 60.9723 ], [ 13.216, 60.9718 ], [ 13.2157, 60.9717 ], [ 13.2155, 60.9719 ], [ 13.2152, 60.9713 ], [ 13.2158, 60.9707 ], [ 13.2168, 60.9704 ], [ 13.2175, 60.9698 ], [ 13.2177, 60.9707 ], [ 13.2176, 60.9714 ], [ 13.2171, 60.9718 ], [ 13.2176, 60.9719 ], [ 13.2184, 60.9714 ], [ 13.2198, 60.9715 ], [ 13.2201, 60.9708 ], [ 13.2195, 60.9693 ], [ 13.2206, 60.9693 ], [ 13.2209, 60.97 ], [ 13.2217, 60.9698 ], [ 13.2231, 60.9697 ], [ 13.2239, 60.9692 ], [ 13.2233, 60.9684 ], [ 13.2232, 60.9678 ], [ 13.2237, 60.9673 ], [ 13.2235, 60.9669 ], [ 13.2243, 60.9668 ], [ 13.2243, 60.9665 ], [ 13.2255, 60.9661 ], [ 13.2262, 60.9661 ], [ 13.2273, 60.9664 ], [ 13.2276, 60.966 ] ] ], [ [ [ 13.2287, 60.9658 ], [ 13.2286, 60.966 ], [ 13.2285, 60.966 ], [ 13.2286, 60.9659 ], [ 13.2287, 60.9658 ] ] ], [ [ [ 13.2262, 60.9598 ], [ 13.2267, 60.96 ], [ 13.2277, 60.9599 ], [ 13.2281, 60.9601 ], [ 13.2281, 60.9613 ], [ 13.2289, 60.9614 ], [ 13.2289, 60.9619 ], [ 13.2293, 60.962 ], [ 13.2291, 60.9622 ], [ 13.2283, 60.9624 ], [ 13.2289, 60.9639 ], [ 13.2295, 60.964 ], [ 13.2301, 60.9637 ], [ 13.2307, 60.963 ], [ 13.2305, 60.9631 ], [ 13.2302, 60.9625 ], [ 13.2307, 60.9624 ], [ 13.2314, 60.9625 ], [ 13.2314, 60.9631 ], [ 13.2318, 60.9634 ], [ 13.2323, 60.9653 ], [ 13.2315, 60.9653 ], [ 13.2312, 60.9656 ], [ 13.2302, 60.9655 ], [ 13.2297, 60.9657 ], [ 13.2295, 60.966 ], [ 13.2286, 60.966 ], [ 13.2287, 60.9658 ], [ 13.2287, 60.9656 ], [ 13.2284, 60.965 ], [ 13.2279, 60.965 ], [ 13.2265, 60.9631 ], [ 13.2257, 60.9603 ], [ 13.2258, 60.9599 ], [ 13.2262, 60.9598 ] ] ] ] } },
{ "type": "Feature", "properties": { "fid": 66007, "OBJECTID": 6387291, "Lannr": "21", "Lan": "GÄVLEBORGS LÄN", "Kommunnr": "2181", "Kommun": "SANDVIKEN", "ArendeAr": 2026, "Beteckn": "A 11205-2026", "Avverktyp": "Föryngringsavverkning", "Andamal": "Uppgift saknas", "Inkomdatum": "2026-02-27T00:00:00", "AnmaldHa": 4.0, "ArendeStatus": "Anmält för avverkning", "AvverkningsanmalanKlass": "Avverkningsamalan", "Weeks": 30, "Naturvarden_Datinv": "2003-10-22", "Naturvarden_Area": 0.8, "Naturvarden_Hektar_calc": 12.4, "Naturvarden_Beteckn": "N 2736-2003", "Naturvarden_area(%)": 6, "Bolag": "-", "N": 6725778, "E": 590412, "URL": "https:\/\/kartor.skogsstyrelsen.se\/kartor\/?startapp=skogligagrunddata&x=6725778&y=590412&scale=7000&bg=Karta" }, "geometry": { "type": "Polygon", "coordinates": [ [ [ 16.6543, 60.6561 ], [ 16.6558, 60.6568 ], [ 16.6554, 60.6574 ], [ 16.6552, 60.6586 ], [ 16.6544, 60.6585 ], [ 16.6534, 60.6587 ], [ 16.6529, 60.6586 ], [ 16.6522, 60.6588 ], [ 16.6519, 60.6587 ], [ 16.6526, 60.6582 ], [ 16.6525, 60.6568 ], [ 16.6527, 60.6566 ], [ 16.6534, 60.6566 ], [ 16.6543, 60.6561 ] ] ] } },
{ "type": "Feature", "properties": { "fid": 123565, "OBJECTID": 6500817, "Lannr": "09", "Lan": "GOTLANDS LÄN", "Kommunnr": "0980", "Kommun": "GOTLAND", "ArendeAr": 2026, "Beteckn": "A 31695-2026", "Avverktyp": "Föryngringsavverkning", "Andamal": "Uppgift saknas", "Inkomdatum": "2026-07-23T13:40:56", "AnmaldHa": 2.4, "ArendeStatus": "Anmält för avverkning", "AvverkningsanmalanKlass": "Avverkningsamalan", "Weeks": 9, "Naturvarden_Datinv": "2003-10-28", "Naturvarden_Area": 1.4, "Naturvarden_Hektar_calc": 1.4, "Naturvarden_Beteckn": "N 2829-2003", "Naturvarden_area(%)": 100, "Bolag": "-", "N": 6398069, "E": 707843, "URL": "https:\/\/kartor.skogsstyrelsen.se\/kartor\/?startapp=skogligagrunddata&x=6398069&y=707843&scale=7000&bg=Karta" }, "geometry": { "type": "Polygon", "coordinates": [ [ [ 18.4856, 57.6758 ], [ 18.4873, 57.6768 ], [ 18.4876, 57.6774 ], [ 18.4863, 57.6778 ], [ 18.4839, 57.6763 ], [ 18.4844, 57.6759 ], [ 18.4852, 57.6759 ], [ 18.4856, 57.6758 ] ] ] } },
{ "type": "Feature", "properties": { "fid": 75476, "OBJECTID": 6225487, "Lannr": "23", "Lan": "JÄMTLANDS LÄN", "Kommunnr": "2303", "Kommun": "RAGUNDA", "ArendeAr": 2026, "Beteckn": "A 5731-2026", "Avverktyp": "Föryngringsavverkning", "Andamal": "Uppgift saknas", "Inkomdatum": "2026-01-29T13:45:55", "AnmaldHa": 1.4, "ArendeStatus": "Anmält för avverkning", "AvverkningsanmalanKlass": "Avverkningsamalan", "Weeks": 34, "Naturvarden_Datinv": "2003-11-05", "Naturvarden_Area": 0.1, "Naturvarden_Hektar_calc": 3.3, "Naturvarden_Beteckn": "N 2982-2003", "Naturvarden_area(%)": 2, "Bolag": "SCA", "N": 7011441, "E": 554606, "URL": "https:\/\/kartor.skogsstyrelsen.se\/kartor\/?startapp=skogligagrunddata&x=7011441&y=554606&scale=7000&bg=Karta" }, "geometry": { "type": "Polygon", "coordinates": [ [ [ 16.0885, 63.2266 ], [ 16.0889, 63.2266 ], [ 16.0888, 63.2271 ], [ 16.0896, 63.2273 ], [ 16.0846, 63.2289 ], [ 16.0838, 63.2289 ], [ 16.0846, 63.2283 ], [ 16.0824, 63.2283 ], [ 16.0844, 63.2281 ], [ 16.0855, 63.2282 ], [ 16.0874, 63.2276 ], [ 16.0876, 63.2273 ], [ 16.0872, 63.2269 ], [ 16.0882, 63.2269 ], [ 16.0885, 63.2266 ] ] ] } },
{ "type": "Feature", "properties": { "fid": 81139, "OBJECTID": 6439545, "Lannr": "22", "Lan": "VÄSTERNORRLANDS LÄN", "Kommunnr": "2283", "Kommun": "SOLLEFTEÅ", "ArendeAr": 2026, "Beteckn": "A 23418-2026", "Avverktyp": "Föryngringsavverkning", "Andamal": "Uppgift saknas", "Inkomdatum": "2026-05-21T07:24:17", "AnmaldHa": 1.7, "ArendeStatus": "Anmält för avverkning", "AvverkningsanmalanKlass": "Avverkningsamalan", "Weeks": 18, "Naturvarden_Datinv": "2003-11-12", "Naturvarden_Area": 0.3, "Naturvarden_Hektar_calc": 0.3, "Naturvarden_Beteckn": "N 3106-2003", "Naturvarden_area(%)": 100, "Bolag": "-", "N": 7007524, "E": 637358, "URL": "https:\/\/kartor.skogsstyrelsen.se\/kartor\/?startapp=skogligagrunddata&x=7007524&y=637358&scale=7000&bg=Karta" }, "geometry": { "type": "Polygon", "coordinates": [ [ [ 17.7294, 63.1695 ], [ 17.7301, 63.1705 ], [ 17.7293, 63.1714 ], [ 17.7287, 63.1716 ], [ 17.7283, 63.1716 ], [ 17.7281, 63.1715 ], [ 17.7275, 63.1716 ], [ 17.7276, 63.1714 ], [ 17.7267, 63.1716 ], [ 17.7266, 63.1709 ], [ 17.7269, 63.1703 ], [ 17.7273, 63.1703 ], [ 17.7279, 63.1702 ], [ 17.7276, 63.17 ], [ 17.7277, 63.1698 ], [ 17.7281, 63.1697 ], [ 17.7288, 63.1698 ], [ 17.7294, 63.1695 ] ] ] } },
{ "type": "Feature", "properties": { "fid": 126773, "OBJECTID": 6509379, "Lannr": "23", "Lan": "JÄMTLANDS LÄN", "Kommunnr": "2303", "Kommun": "RAGUNDA", "ArendeAr": 2026, "Beteckn": "A 38238-2026", "Avverktyp": "Föryngringsavverkning", "Andamal": "Uppgift saknas", "Inkomdatum": "2026-09-16T14:46:42", "AnmaldHa": 3.4, "ArendeStatus": "Anmält för avverkning", "AvverkningsanmalanKlass": "NyAvverkningsanmalan", "Weeks": 1, "Naturvarden_Datinv": "2003-11-12", "Naturvarden_Area": 0.4, "Naturvarden_Hektar_calc": 11.2, "Naturvarden_Beteckn": "N 3120-2003", "Naturvarden_area(%)": 3, "Bolag": "SCA", "N": 7008719, "E": 548957, "URL": "https:\/\/kartor.skogsstyrelsen.se\/kartor\/?startapp=skogligagrunddata&x=7008719&y=548957&scale=7000&bg=Karta" }, "geometry": { "type": "Polygon", "coordinates": [ [ [ 15.9731, 63.2031 ], [ 15.9747, 63.2036 ], [ 15.9759, 63.2036 ], [ 15.9761, 63.2043 ], [ 15.9757, 63.2047 ], [ 15.9757, 63.2052 ], [ 15.9709, 63.2047 ], [ 15.9693, 63.2047 ], [ 15.9686, 63.2044 ], [ 15.969, 63.2041 ], [ 15.9704, 63.2044 ], [ 15.9714, 63.2043 ], [ 15.9728, 63.2039 ], [ 15.9725, 63.2032 ], [ 15.9731, 63.2031 ] ], [ [ 15.9741, 63.2043 ], [ 15.9733, 63.2043 ], [ 15.9727, 63.2047 ], [ 15.9746, 63.2049 ], [ 15.9741, 63.2043 ] ] ] } },
{ "type": "Feature", "properties": { "fid": 125289, "OBJECTID": 6504809, "Lannr": "05", "Lan": "ÖSTERGÖTLANDS LÄN", "Kommunnr": "0561", "Kommun": "ÅTVIDABERG", "ArendeAr": 2026, "Beteckn": "A 37653-2026", "Avverktyp": "Föryngringsavverkning", "Andamal": "Uppgift saknas", "Inkomdatum": "2026-09-11T16:07:20", "AnmaldHa": 2.9, "ArendeStatus": "Anmält för avverkning", "AvverkningsanmalanKlass": "NyAvverkningsanmalan", "Weeks": 2, "Naturvarden_Datinv": "2003-11-18", "Naturvarden_Area": 0.2, "Naturvarden_Hektar_calc": 7.0, "Naturvarden_Beteckn": "N 3220-2003", "Naturvarden_area(%)": 3, "Bolag": "Kyrkan", "N": 6453234, "E": 574428, "URL": "https:\/\/kartor.skogsstyrelsen.se\/kartor\/?startapp=skogligagrunddata&x=6453234&y=574428&scale=7000&bg=Karta" }, "geometry": { "type": "Polygon", "coordinates": [ [ [ 16.2642, 58.2127 ], [ 16.2649, 58.2132 ], [ 16.2665, 58.2137 ], [ 16.2691, 58.2139 ], [ 16.2692, 58.2143 ], [ 16.2698, 58.2144 ], [ 16.2703, 58.2142 ], [ 16.2709, 58.2144 ], [ 16.2686, 58.2145 ], [ 16.2672, 58.2147 ], [ 16.266, 58.2147 ], [ 16.2655, 58.2144 ], [ 16.2648, 58.2136 ], [ 16.2642, 58.2136 ], [ 16.2638, 58.2131 ], [ 16.2642, 58.2127 ] ] ] } },
{ "type": "Feature", "properties": { "fid": 48484, "OBJECTID": 6124297, "Lannr": "23", "Lan": "JÄMTLANDS LÄN", "Kommunnr": "2303", "Kommun": "RAGUNDA", "ArendeAr": 2025, "Beteckn": "A 53975-2025", "Avverktyp": "Föryngringsavverkning", "Andamal": "Uppgift saknas", "Inkomdatum": "2025-10-31T13:16:00", "AnmaldHa": 20.3, "ArendeStatus": "Anmält för avverkning", "AvverkningsanmalanKlass": "Avverkningsamalan", "Weeks": 47, "Naturvarden_Datinv": "2003-11-20", "Naturvarden_Area": 1.1, "Naturvarden_Hektar_calc": 1.5, "Naturvarden_Beteckn": "N 3312-2003", "Naturvarden_area(%)": 76, "Bolag": "SCA", "N": 7016464, "E": 545392, "URL": "https:\/\/kartor.skogsstyrelsen.se\/kartor\/?startapp=skogligagrunddata&x=7016464&y=545392&scale=7000&bg=Karta" }, "geometry": { "type": "Polygon", "coordinates": [ [ [ 15.9032, 63.2716 ], [ 15.9088, 63.2721 ], [ 15.9089, 63.2733 ], [ 15.9094, 63.2734 ], [ 15.9091, 63.2749 ], [ 15.9095, 63.2763 ], [ 15.9093, 63.2764 ], [ 15.9073, 63.2758 ], [ 15.9067, 63.2762 ], [ 15.9053, 63.2764 ], [ 15.905, 63.2767 ], [ 15.9033, 63.2764 ], [ 15.9034, 63.2768 ], [ 15.9027, 63.2772 ], [ 15.9013, 63.2766 ], [ 15.8998, 63.2736 ], [ 15.9012, 63.2722 ], [ 15.9022, 63.272 ], [ 15.9032, 63.2716 ] ] ] } },
{ "type": "Feature", "properties": { "fid": 126908, "OBJECTID": 6509576, "Lannr": "21", "Lan": "GÄVLEBORGS LÄN", "Kommunnr": "2181", "Kommun": "SANDVIKEN", "ArendeAr": 2026, "Beteckn": "A 35492-2026", "Avverktyp": "Avverkning för annat ändamål", "Andamal": "Bete", "Inkomdatum": "2026-08-28T00:00:00", "AnmaldHa": 5.2, "ArendeStatus": "Anmält för avverkning", "AvverkningsanmalanKlass": "NyAvverkningsanmalan", "Weeks": 4, "Naturvarden_Datinv": "2003-11-17", "Naturvarden_Area": 4.0, "Naturvarden_Hektar_calc": 4.3, "Naturvarden_Beteckn": "N 3193-2003", "Naturvarden_area(%)": 93, "Bolag": "-", "N": 6714072, "E": 588262, "URL": "https:\/\/kartor.skogsstyrelsen.se\/kartor\/?startapp=skogligagrunddata&x=6714072&y=588262&scale=7000&bg=Karta" }, "geometry": { "type": "Polygon", "coordinates": [ [ [ 16.6102, 60.551 ], [ 16.6106, 60.5514 ], [ 16.6116, 60.5519 ], [ 16.611, 60.5523 ], [ 16.6109, 60.553 ], [ 16.6103, 60.5533 ], [ 16.6095, 60.5544 ], [ 16.6095, 60.5551 ], [ 16.6091, 60.5552 ], [ 16.6073, 60.5541 ], [ 16.6084, 60.5537 ], [ 16.6078, 60.5532 ], [ 16.6089, 60.5529 ], [ 16.6091, 60.5526 ], [ 16.6083, 60.5513 ], [ 16.6092, 60.551 ], [ 16.6102, 60.551 ] ] ] } },
{ "type": "Feature", "properties": { "fid": 57921, "OBJECTID": 6142786, "Lannr": "17", "Lan": "VÄRMLANDS LÄN", "Kommunnr": "1785", "Kommun": "SÄFFLE", "ArendeAr": 2025, "Beteckn": "A 60050-2025", "Avverktyp": "Föryngringsavverkning", "Andamal": "Uppgift saknas", "Inkomdatum": "2025-12-01T00:00:00", "AnmaldHa": 2.4, "ArendeStatus": "Anmält för avverkning", "AvverkningsanmalanKlass": "Avverkningsamalan", "Weeks": 42, "Naturvarden_Datinv": "2004-01-21", "Naturvarden_Area": 0.4, "Naturvarden_Hektar_calc": 18.9, "Naturvarden_Beteckn": "N 41-2004", "Naturvarden_area(%)": 2, "Bolag": "-", "N": 6576677, "E": 359541, "URL": "https:\/\/kartor.skogsstyrelsen.se\/kartor\/?startapp=skogligagrunddata&x=6576677&y=359541&scale=7000&bg=Karta" }, "geometry": { "type": "Polygon", "coordinates": [ [ [ 12.5323, 59.3043 ], [ 12.5329, 59.3046 ], [ 12.533, 59.305 ], [ 12.534, 59.3054 ], [ 12.5345, 59.3063 ], [ 12.5333, 59.3066 ], [ 12.532, 59.3059 ], [ 12.5323, 59.3056 ], [ 12.5314, 59.3051 ], [ 12.5323, 59.3043 ] ] ] } },
{ "type": "Feature", "properties": { "fid": 62324, "OBJECTID": 6156290, "Lannr": "14", "Lan": "VÄSTRA GÖTALANDS LÄN", "Kommunnr": "1465", "Kommun": "SVENLJUNGA", "ArendeAr": 2025, "Beteckn": "A 62149-2025", "Avverktyp": "Avverkning för att bevara och utveckla \/försöksver", "Andamal": "bevara och utveckla natur- och kulturmiljövärden", "Inkomdatum": "2025-12-15T00:00:00", "AnmaldHa": 1.1, "ArendeStatus": "Anmält för avverkning", "AvverkningsanmalanKlass": "Avverkningsamalan", "Weeks": 40, "Naturvarden_Datinv": "2004-06-29", "Naturvarden_Area": 0.1, "Naturvarden_Hektar_calc": 0.2, "Naturvarden_Beteckn": "N 1313-2004", "Naturvarden_area(%)": 90, "Bolag": "Kommuner", "N": 6369994, "E": 393261, "URL": "https:\/\/kartor.skogsstyrelsen.se\/kartor\/?startapp=skogligagrunddata&x=6369994&y=393261&scale=7000&bg=Karta" }, "geometry": { "type": "Polygon", "coordinates": [ [ [ 13.2217, 57.4595 ], [ 13.2226, 57.4597 ], [ 13.2227, 57.4599 ], [ 13.2212, 57.4601 ], [ 13.2206, 57.4604 ], [ 13.2205, 57.4607 ], [ 13.2201, 57.461 ], [ 13.2197, 57.4609 ], [ 13.2195, 57.4596 ], [ 13.2217, 57.4595 ] ] ] } },
{ "type": "Feature", "properties": { "fid": 66229, "OBJECTID": 6176605, "Lannr": "21", "Lan": "GÄVLEBORGS LÄN", "Kommunnr": "2184", "Kommun": "HUDIKSVALL", "ArendeAr": 2025, "Beteckn": "A 63798-2025", "Avverktyp": "Föryngringsavverkning", "Andamal": "Uppgift saknas", "Inkomdatum": "2025-12-28T00:00:00", "AnmaldHa": 4.6, "ArendeStatus": "Anmält för avverkning", "AvverkningsanmalanKlass": "Avverkningsamalan", "Weeks": 38, "Naturvarden_Datinv": "2004-07-02", "Naturvarden_Area": 2.5, "Naturvarden_Hektar_calc": 4.4, "Naturvarden_Beteckn": "N 1369-2004", "Naturvarden_area(%)": 56, "Bolag": "-", "N": 6847554, "E": 603264, "URL": "https:\/\/kartor.skogsstyrelsen.se\/kartor\/?startapp=skogligagrunddata&x=6847554&y=603264&scale=7000&bg=Karta" }, "geometry": { "type": "Polygon", "coordinates": [ [ [ 16.9524, 61.7459 ], [ 16.9579, 61.746 ], [ 16.9585, 61.7482 ], [ 16.9575, 61.7484 ], [ 16.9561, 61.748 ], [ 16.954, 61.7479 ], [ 16.9531, 61.7481 ], [ 16.9524, 61.7459 ] ] ] } },
{ "type": "Feature", "properties": { "fid": 84099, "OBJECTID": 6450962, "Lannr": "21", "Lan": "GÄVLEBORGS LÄN", "Kommunnr": "2181", "Kommun": "SANDVIKEN", "ArendeAr": 2026, "Beteckn": "A 25247-2026", "Avverktyp": "Föryngringsavverkning", "Andamal": "Uppgift saknas", "Inkomdatum": "2026-06-02T00:00:00", "AnmaldHa": 2.0, "ArendeStatus": "Anmält för avverkning", "AvverkningsanmalanKlass": "Avverkningsamalan", "Weeks": 16, "Naturvarden_Datinv": "2004-08-03", "Naturvarden_Area": 0.1, "Naturvarden_Hektar_calc": 0.4, "Naturvarden_Beteckn": "N 1512-2004", "Naturvarden_area(%)": 30, "Bolag": "-", "N": 6726698, "E": 595100, "URL": "https:\/\/kartor.skogsstyrelsen.se\/kartor\/?startapp=skogligagrunddata&x=6726698&y=595100&scale=7000&bg=Karta" }, "geometry": { "type": "Polygon", "coordinates": [ [ [ 16.7406, 60.6635 ], [ 16.741, 60.6638 ], [ 16.7406, 60.6641 ], [ 16.7405, 60.6644 ], [ 16.7416, 60.6649 ], [ 16.7416, 60.6655 ], [ 16.7408, 60.6657 ], [ 16.7404, 60.6652 ], [ 16.7395, 60.6647 ], [ 16.7377, 60.6654 ], [ 16.7397, 60.6638 ], [ 16.7406, 60.6635 ] ] ] } },
{ "type": "Feature", "properties": { "fid": 124443, "OBJECTID": 6502427, "Lannr": "04", "Lan": "SÖDERMANLANDS LÄN", "Kommunnr": "0480", "Kommun": "NYKÖPING", "ArendeAr": 2026, "Beteckn": "A 17228-2026", "Avverktyp": "Föryngringsavverkning", "Andamal": "Uppgift saknas", "Inkomdatum": "2026-04-07T09:19:00", "AnmaldHa": 8.0, "ArendeStatus": "Anmält för avverkning", "AvverkningsanmalanKlass": "Avverkningsamalan", "Weeks": 24, "Naturvarden_Datinv": "2004-12-06", "Naturvarden_Area": 2.2, "Naturvarden_Hektar_calc": 2.2, "Naturvarden_Beteckn": "N 3116-2004", "Naturvarden_area(%)": 99, "Bolag": "-", "N": 6520578, "E": 596956, "URL": "https:\/\/kartor.skogsstyrelsen.se\/kartor\/?startapp=skogligagrunddata&x=6520578&y=596956&scale=7000&bg=Karta" }, "geometry": { "type": "Polygon", "coordinates": [ [ [ 16.6789, 58.8134 ], [ 16.6804, 58.8137 ], [ 16.6808, 58.8144 ], [ 16.6786, 58.8149 ], [ 16.6779, 58.8147 ], [ 16.6764, 58.8147 ], [ 16.6763, 58.8145 ], [ 16.6779, 58.8137 ], [ 16.6778, 58.8136 ], [ 16.6789, 58.8134 ] ] ] } },
{ "type": "Feature", "properties": { "fid": 115111, "OBJECTID": 6489187, "Lannr": "21", "Lan": "GÄVLEBORGS LÄN", "Kommunnr": "2184", "Kommun": "HUDIKSVALL", "ArendeAr": 2026, "Beteckn": "A 35170-2026", "Avverktyp": "Föryngringsavverkning", "Andamal": "Uppgift saknas", "Inkomdatum": "2026-08-26T12:46:57", "AnmaldHa": 2.6, "ArendeStatus": "Anmält för avverkning", "AvverkningsanmalanKlass": "NyAvverkningsanmalan", "Weeks": 4, "Naturvarden_Datinv": "2005-02-02", "Naturvarden_Area": 0.1, "Naturvarden_Hektar_calc": 1.5, "Naturvarden_Beteckn": "N 222-2005", "Naturvarden_area(%)": 7, "Bolag": "Kommuner", "N": 6839845, "E": 610355, "URL": "https:\/\/kartor.skogsstyrelsen.se\/kartor\/?startapp=skogligagrunddata&x=6839845&y=610355&scale=7000&bg=Karta" }, "geometry": { "type": "MultiPolygon", "coordinates": [ [ [ [ 17.0856, 61.6766 ], [ 17.0867, 61.6767 ], [ 17.0869, 61.6772 ], [ 17.085, 61.6773 ], [ 17.0844, 61.6768 ], [ 17.0856, 61.6766 ] ] ], [ [ [ 17.0857, 61.6745 ], [ 17.086, 61.6757 ], [ 17.0867, 61.676 ], [ 17.0865, 61.6761 ], [ 17.0855, 61.6763 ], [ 17.0847, 61.6758 ], [ 17.0826, 61.6757 ], [ 17.0825, 61.6754 ], [ 17.0849, 61.6749 ], [ 17.0857, 61.6745 ] ] ] ] } },
{ "type": "Feature", "properties": { "fid": 50036, "OBJECTID": 6127616, "Lannr": "25", "Lan": "NORRBOTTENS LÄN", "Kommunnr": "2521", "Kommun": "PAJALA", "ArendeAr": 2025, "Beteckn": "A 54538-2025", "Avverktyp": "Föryngringsavverkning", "Andamal": "Uppgift saknas", "Inkomdatum": "2025-11-04T15:29:29", "AnmaldHa": 9.1, "ArendeStatus": "Anmält för avverkning", "AvverkningsanmalanKlass": "Avverkningsamalan", "Weeks": 46, "Naturvarden_Datinv": "2005-04-21", "Naturvarden_Area": 4.2, "Naturvarden_Hektar_calc": 4.5, "Naturvarden_Beteckn": "N 502-2005", "Naturvarden_area(%)": 93, "Bolag": "-", "N": 7494315, "E": 812914, "URL": "https:\/\/kartor.skogsstyrelsen.se\/kartor\/?startapp=skogligagrunddata&x=7494315&y=812914&scale=7000&bg=Karta" }, "geometry": { "type": "Polygon", "coordinates": [ [ [ 22.3157, 67.3974 ], [ 22.3153, 67.3983 ], [ 22.3145, 67.3987 ], [ 22.3145, 67.3993 ], [ 22.3165, 67.3989 ], [ 22.3174, 67.3992 ], [ 22.3154, 67.3999 ], [ 22.3142, 67.4 ], [ 22.3129, 67.3998 ], [ 22.3115, 67.3997 ], [ 22.31, 67.3998 ], [ 22.31, 67.3994 ], [ 22.3096, 67.399 ], [ 22.3059, 67.3997 ], [ 22.3033, 67.3998 ], [ 22.3024, 67.3994 ], [ 22.3003, 67.3998 ], [ 22.2995, 67.3996 ], [ 22.3157, 67.3974 ] ] ] } },
{ "type": "Feature", "properties": { "fid": 90366, "OBJECTID": 6462230, "Lannr": "20", "Lan": "DALARNAS LÄN", "Kommunnr": "2029", "Kommun": "LEKSAND", "ArendeAr": 2025, "Beteckn": "A 48616-2025", "Avverktyp": "Föryngringsavverkning", "Andamal": "Uppgift saknas", "Inkomdatum": "2025-10-06T00:00:00", "AnmaldHa": 2.1, "ArendeStatus": "Anmält för avverkning", "AvverkningsanmalanKlass": "Avverkningsamalan", "Weeks": 50, "Naturvarden_Datinv": "2012-10-04", "Naturvarden_Area": 0.2, "Naturvarden_Hektar_calc": 0.4, "Naturvarden_Beteckn": "N 935-2012", "Naturvarden_area(%)": 55, "Bolag": "-", "N": 6724344, "E": 493255, "URL": "https:\/\/kartor.skogsstyrelsen.se\/kartor\/?startapp=skogligagrunddata&x=6724344&y=493255&scale=7000&bg=Karta" }, "geometry": { "type": "MultiPolygon", "coordinates": [ [ [ [ 14.8813, 60.6544 ], [ 14.8826, 60.6546 ], [ 14.8828, 60.6547 ], [ 14.8817, 60.6549 ], [ 14.8817, 60.6547 ], [ 14.8811, 60.6547 ], [ 14.8808, 60.6545 ], [ 14.8813, 60.6544 ] ] ], [ [ [ 14.8738, 60.6544 ], [ 14.8759, 60.6548 ], [ 14.8759, 60.6552 ], [ 14.8747, 60.6551 ], [ 14.8748, 60.6555 ], [ 14.8744, 60.6557 ], [ 14.8735, 60.6552 ], [ 14.8731, 60.6552 ], [ 14.8738, 60.6544 ] ] ], [ [ [ 14.8762, 60.6542 ], [ 14.8771, 60.6542 ], [ 14.8775, 60.6545 ], [ 14.8781, 60.6543 ], [ 14.8793, 60.6544 ], [ 14.8792, 60.6548 ], [ 14.8795, 60.6549 ], [ 14.8792, 60.6551 ], [ 14.8763, 60.6548 ], [ 14.8762, 60.6542 ] ] ] ] } },
{ "type": "Feature", "properties": { "fid": 126291, "OBJECTID": 6507626, "Lannr": "12", "Lan": "SKÅNE LÄN", "Kommunnr": "1293", "Kommun": "HÄSSLEHOLM", "ArendeAr": 2026, "Beteckn": "A 32271-2026", "Avverktyp": "Föryngringsavverkning", "Andamal": "Uppgift saknas", "Inkomdatum": "2026-08-03T00:00:00", "AnmaldHa": 2.2, "ArendeStatus": "Anmält för avverkning", "AvverkningsanmalanKlass": "Avverkningsamalan", "Weeks": 7, "Naturvarden_Datinv": "2005-12-09", "Naturvarden_Area": 0.1, "Naturvarden_Hektar_calc": 0.1, "Naturvarden_Beteckn": "N 2648-2005", "Naturvarden_area(%)": 96, "Bolag": "-", "N": 6234155, "E": 431259, "URL": "https:\/\/kartor.skogsstyrelsen.se\/kartor\/?startapp=skogligagrunddata&x=6234155&y=431259&scale=7000&bg=Karta" }, "geometry": { "type": "Polygon", "coordinates": [ [ [ 13.8909, 56.2464 ], [ 13.8927, 56.2476 ], [ 13.8912, 56.2479 ], [ 13.889, 56.2477 ], [ 13.8893, 56.2474 ], [ 13.8888, 56.2471 ], [ 13.8909, 56.2464 ] ] ] } },
{ "type": "Feature", "properties": { "fid": 89472, "OBJECTID": 6460295, "Lannr": "17", "Lan": "VÄRMLANDS LÄN", "Kommunnr": "1784", "Kommun": "ARVIKA", "ArendeAr": 2026, "Beteckn": "A 23496-2026", "Avverktyp": "Föryngringsavverkning", "Andamal": "Uppgift saknas", "Inkomdatum": "2026-05-21T00:00:00", "AnmaldHa": 8.5, "ArendeStatus": "Anmält för avverkning", "AvverkningsanmalanKlass": "Avverkningsamalan", "Weeks": 18, "Naturvarden_Datinv": "2005-12-21", "Naturvarden_Area": 4.6, "Naturvarden_Hektar_calc": 4.7, "Naturvarden_Beteckn": "N 2729-2005", "Naturvarden_area(%)": 97, "Bolag": "-", "N": 6590417, "E": 377521, "URL": "https:\/\/kartor.skogsstyrelsen.se\/kartor\/?startapp=skogligagrunddata&x=6590417&y=377521&scale=7000&bg=Karta" }, "geometry": { "type": "MultiPolygon", "coordinates": [ [ [ [ 12.8355, 59.4341 ], [ 12.8429, 59.4351 ], [ 12.8425, 59.4363 ], [ 12.8388, 59.4359 ], [ 12.8386, 59.4354 ], [ 12.8362, 59.4358 ], [ 12.8353, 59.4358 ], [ 12.8344, 59.4355 ], [ 12.8342, 59.4351 ], [ 12.8355, 59.4341 ] ] ], [ [ [ 12.848, 59.431 ], [ 12.848, 59.4313 ], [ 12.8473, 59.4312 ], [ 12.8469, 59.4321 ], [ 12.8476, 59.4321 ], [ 12.8479, 59.4327 ], [ 12.8477, 59.4329 ], [ 12.8467, 59.4334 ], [ 12.8467, 59.433 ], [ 12.8456, 59.433 ], [ 12.8437, 59.4334 ], [ 12.8436, 59.4338 ], [ 12.8432, 59.4345 ], [ 12.8435, 59.4335 ], [ 12.8436, 59.4334 ], [ 12.8438, 59.4334 ], [ 12.8445, 59.4332 ], [ 12.8443, 59.4331 ], [ 12.8451, 59.4326 ], [ 12.8459, 59.4325 ], [ 12.846, 59.4313 ], [ 12.8465, 59.431 ], [ 12.848, 59.431 ] ] ] ] } },
{ "type": "Feature", "properties": { "fid": 89523, "OBJECTID": 6460415, "Lannr": "01", "Lan": "STOCKHOLMS LÄN", "Kommunnr": "0192", "Kommun": "NYNÄSHAMN", "ArendeAr": 2026, "Beteckn": "A 27135-2026", "Avverktyp": "Avverkning för att bevara och utveckla \/försöksver", "Andamal": "bevara och utveckla natur- och kulturmiljövärden", "Inkomdatum": "2026-06-15T09:29:36", "AnmaldHa": 7.3, "ArendeStatus": "Anmält för avverkning", "AvverkningsanmalanKlass": "Avverkningsamalan", "Weeks": 14, "Naturvarden_Datinv": "2006-07-07", "Naturvarden_Area": 2.1, "Naturvarden_Hektar_calc": 2.1, "Naturvarden_Beteckn": "N 995-2006", "Naturvarden_area(%)": 99, "Bolag": "-", "N": 6546879, "E": 671870, "URL": "https:\/\/kartor.skogsstyrelsen.se\/kartor\/?startapp=skogligagrunddata&x=6546879&y=671870&scale=7000&bg=Karta" }, "geometry": { "type": "Polygon", "coordinates": [ [ [ 17.9917, 59.0243 ], [ 17.993, 59.0255 ], [ 17.9937, 59.0258 ], [ 17.9958, 59.0254 ], [ 17.9961, 59.0256 ], [ 17.9972, 59.0285 ], [ 17.9946, 59.0286 ], [ 17.9926, 59.0264 ], [ 17.9919, 59.0261 ], [ 17.9917, 59.0255 ], [ 17.9911, 59.0252 ], [ 17.9915, 59.0248 ], [ 17.9914, 59.0243 ], [ 17.9917, 59.0243 ] ] ] } },
{ "type": "Feature", "properties": { "fid": 46910, "OBJECTID": 6120228, "Lannr": "18", "Lan": "ÖREBRO LÄN", "Kommunnr": "1882", "Kommun": "ASKERSUND", "ArendeAr": 2025, "Beteckn": "A 53286-2025", "Avverktyp": "Föryngringsavverkning", "Andamal": "Uppgift saknas", "Inkomdatum": "2025-10-28T00:00:00", "AnmaldHa": 1.4, "ArendeStatus": "Anmält för avverkning", "AvverkningsanmalanKlass": "Avverkningsamalan", "Weeks": 47, "Naturvarden_Datinv": "2006-08-04", "Naturvarden_Area": 0.2, "Naturvarden_Hektar_calc": 0.2, "Naturvarden_Beteckn": "N 1173-2006", "Naturvarden_area(%)": 76, "Bolag": "Övriga aktiebolag", "N": 6535284, "E": 497281, "URL": "https:\/\/kartor.skogsstyrelsen.se\/kartor\/?startapp=skogligagrunddata&x=6535284&y=497281&scale=7000&bg=Karta" }, "geometry": { "type": "Polygon", "coordinates": [ [ [ 14.9512, 58.9566 ], [ 14.9521, 58.9567 ], [ 14.9525, 58.9569 ], [ 14.955, 58.957 ], [ 14.955, 58.9573 ], [ 14.9538, 58.9576 ], [ 14.9523, 58.9573 ], [ 14.9517, 58.9575 ], [ 14.951, 58.9575 ], [ 14.9509, 58.9568 ], [ 14.9512, 58.9566 ] ] ] } },
{ "type": "Feature", "properties": { "fid": 55965, "OBJECTID": 6137888, "Lannr": "05", "Lan": "ÖSTERGÖTLANDS LÄN", "Kommunnr": "0581", "Kommun": "NORRKÖPING", "ArendeAr": 2025, "Beteckn": "A 58380-2025", "Avverktyp": "Föryngringsavverkning", "Andamal": "Uppgift saknas", "Inkomdatum": "2025-11-24T12:57:09", "AnmaldHa": 8.8, "ArendeStatus": "Anmält för avverkning", "AvverkningsanmalanKlass": "Avverkningsamalan", "Weeks": 43, "Naturvarden_Datinv": "2006-08-24", "Naturvarden_Area": 0.3, "Naturvarden_Hektar_calc": 4.6, "Naturvarden_Beteckn": "N 1327-2006", "Naturvarden_area(%)": 5, "Bolag": "Holmen skog AB", "N": 6517141, "E": 571633, "URL": "https:\/\/kartor.skogsstyrelsen.se\/kartor\/?startapp=skogligagrunddata&x=6517141&y=571633&scale=7000&bg=Karta" }, "geometry": { "type": "MultiPolygon", "coordinates": [ [ [ [ 16.2345, 58.7898 ], [ 16.2351, 58.7903 ], [ 16.2349, 58.7906 ], [ 16.2342, 58.7907 ], [ 16.2333, 58.7902 ], [ 16.2332, 58.79 ], [ 16.2345, 58.7898 ] ] ], [ [ [ 16.2362, 58.7878 ], [ 16.2376, 58.7881 ], [ 16.2366, 58.788 ], [ 16.2363, 58.7883 ], [ 16.2356, 58.7883 ], [ 16.2355, 58.7885 ], [ 16.2347, 58.7884 ], [ 16.2351, 58.7889 ], [ 16.2348, 58.7891 ], [ 16.2335, 58.7886 ], [ 16.2341, 58.7886 ], [ 16.2338, 58.7881 ], [ 16.2345, 58.7879 ], [ 16.2351, 58.788 ], [ 16.2362, 58.7878 ] ] ], [ [ [ 16.2405, 58.7872 ], [ 16.2422, 58.788 ], [ 16.2413, 58.7884 ], [ 16.2407, 58.7884 ], [ 16.2402, 58.7889 ], [ 16.2397, 58.789 ], [ 16.2394, 58.7893 ], [ 16.2391, 58.7894 ], [ 16.2391, 58.7896 ], [ 16.2397, 58.7901 ], [ 16.2402, 58.79 ], [ 16.2404, 58.7905 ], [ 16.2397, 58.7912 ], [ 16.2391, 58.7912 ], [ 16.2374, 58.7903 ], [ 16.2368, 58.7903 ], [ 16.2363, 58.7908 ], [ 16.2355, 58.7908 ], [ 16.2355, 58.7903 ], [ 16.236, 58.7903 ], [ 16.2376, 58.7896 ], [ 16.2375, 58.7895 ], [ 16.2369, 58.7894 ], [ 16.2364, 58.7896 ], [ 16.2361, 58.7891 ], [ 16.2363, 58.7889 ], [ 16.237, 58.7887 ], [ 16.2369, 58.7889 ], [ 16.2372, 58.789 ], [ 16.2379, 58.789 ], [ 16.2404, 58.7882 ], [ 16.2407, 58.7879 ], [ 16.2401, 58.7876 ], [ 16.2402, 58.7873 ], [ 16.2405, 58.7872 ] ] ], [ [ [ 16.2448, 58.7841 ], [ 16.2453, 58.7842 ], [ 16.2454, 58.7844 ], [ 16.2451, 58.7847 ], [ 16.244, 58.7851 ], [ 16.2443, 58.7854 ], [ 16.244, 58.7859 ], [ 16.2432, 58.7861 ], [ 16.2436, 58.7864 ], [ 16.242, 58.7872 ], [ 16.2418, 58.787 ], [ 16.2421, 58.7868 ], [ 16.2419, 58.7867 ], [ 16.2405, 58.7867 ], [ 16.2408, 58.7865 ], [ 16.2422, 58.7862 ], [ 16.2423, 58.7859 ], [ 16.2417, 58.7856 ], [ 16.2423, 58.7852 ], [ 16.2427, 58.7852 ], [ 16.2428, 58.7851 ], [ 16.2431, 58.7847 ], [ 16.2442, 58.7847 ], [ 16.2448, 58.7841 ] ] ] ] } },
{ "type": "Feature", "properties": { "fid": 42009, "OBJECTID": 6275528, "Lannr": "10", "Lan": "BLEKINGE LÄN", "Kommunnr": "1081", "Kommun": "RONNEBY", "ArendeAr": 2026, "Beteckn": "A 15111-2026", "Avverktyp": "Föryngringsavverkning", "Andamal": "Uppgift saknas", "Inkomdatum": "2026-03-23T00:00:00", "AnmaldHa": 4.7, "ArendeStatus": "Anmält för avverkning", "AvverkningsanmalanKlass": "Avverkningsamalan", "Weeks": 26, "Naturvarden_Datinv": "2006-08-24", "Naturvarden_Area": 0.1, "Naturvarden_Hektar_calc": 3.2, "Naturvarden_Beteckn": "N 1330-2006", "Naturvarden_area(%)": 4, "Bolag": "-", "N": 6252795, "E": 517813, "URL": "https:\/\/kartor.skogsstyrelsen.se\/kartor\/?startapp=skogligagrunddata&x=6252795&y=517813&scale=7000&bg=Karta" }, "geometry": { "type": "Polygon", "coordinates": [ [ [ 15.2892, 56.4174 ], [ 15.2898, 56.4175 ], [ 15.2903, 56.418 ], [ 15.2904, 56.4188 ], [ 15.2912, 56.4188 ], [ 15.2903, 56.4194 ], [ 15.2896, 56.4195 ], [ 15.2892, 56.4197 ], [ 15.2888, 56.4201 ], [ 15.2882, 56.4213 ], [ 15.2871, 56.4211 ], [ 15.2869, 56.4196 ], [ 15.2881, 56.4192 ], [ 15.2888, 56.4194 ], [ 15.289, 56.4193 ], [ 15.2883, 56.4187 ], [ 15.2892, 56.4186 ], [ 15.2889, 56.4178 ], [ 15.2892, 56.4174 ] ] ] } },
{ "type": "Feature", "properties": { "fid": 81688, "OBJECTID": 6442336, "Lannr": "01", "Lan": "STOCKHOLMS LÄN", "Kommunnr": "0192", "Kommun": "NYNÄSHAMN", "ArendeAr": 2026, "Beteckn": "A 23906-2026", "Avverktyp": "Föryngringsavverkning", "Andamal": "Uppgift saknas", "Inkomdatum": "2026-05-25T11:27:45", "AnmaldHa": 7.9, "ArendeStatus": "Anmält för avverkning", "AvverkningsanmalanKlass": "Avverkningsamalan", "Weeks": 17, "Naturvarden_Datinv": "2007-07-19", "Naturvarden_Area": 2.9, "Naturvarden_Hektar_calc": 2.9, "Naturvarden_Beteckn": "N 432-2007", "Naturvarden_area(%)": 99, "Bolag": "Kommuner", "N": 6544465, "E": 664439, "URL": "https:\/\/kartor.skogsstyrelsen.se\/kartor\/?startapp=skogligagrunddata&x=6544465&y=664439&scale=7000&bg=Karta" }, "geometry": { "type": "Polygon", "coordinates": [ [ [ 17.8625, 59.0057 ], [ 17.864, 59.0056 ], [ 17.8644, 59.0074 ], [ 17.8644, 59.0085 ], [ 17.8647, 59.0092 ], [ 17.8651, 59.0097 ], [ 17.8669, 59.0107 ], [ 17.8674, 59.0114 ], [ 17.8621, 59.0092 ], [ 17.8624, 59.0081 ], [ 17.8622, 59.0079 ], [ 17.8616, 59.0077 ], [ 17.8608, 59.0068 ], [ 17.8609, 59.0059 ], [ 17.8624, 59.006 ], [ 17.8625, 59.0057 ] ] ] } },
{ "type": "Feature", "properties": { "fid": 48887, "OBJECTID": 6124607, "Lannr": "05", "Lan": "ÖSTERGÖTLANDS LÄN", "Kommunnr": "0582", "Kommun": "SÖDERKÖPING", "ArendeAr": 2025, "Beteckn": "A 53874-2025", "Avverktyp": "Föryngringsavverkning", "Andamal": "Uppgift saknas", "Inkomdatum": "2025-10-31T09:26:51", "AnmaldHa": 9.0, "ArendeStatus": "Anmält för avverkning", "AvverkningsanmalanKlass": "Avverkningsamalan", "Weeks": 47, "Naturvarden_Datinv": "2007-11-13", "Naturvarden_Area": 0.2, "Naturvarden_Hektar_calc": 1.7, "Naturvarden_Beteckn": "N 939-2007", "Naturvarden_area(%)": 10, "Bolag": "-", "N": 6470078, "E": 571007, "URL": "https:\/\/kartor.skogsstyrelsen.se\/kartor\/?startapp=skogligagrunddata&x=6470078&y=571007&scale=7000&bg=Karta" }, "geometry": { "type": "MultiPolygon", "coordinates": [ [ [ [ 16.2152, 58.3656 ], [ 16.216, 58.3657 ], [ 16.2161, 58.3659 ], [ 16.2166, 58.3661 ], [ 16.217, 58.3662 ], [ 16.2174, 58.3661 ], [ 16.218, 58.3665 ], [ 16.2161, 58.367 ], [ 16.2146, 58.3678 ], [ 16.2138, 58.3673 ], [ 16.2146, 58.3668 ], [ 16.2139, 58.3664 ], [ 16.2147, 58.3657 ], [ 16.2152, 58.3656 ] ] ], [ [ [ 16.2174, 58.3642 ], [ 16.2185, 58.3646 ], [ 16.2177, 58.3651 ], [ 16.2174, 58.3656 ], [ 16.2168, 58.3657 ], [ 16.2174, 58.3661 ], [ 16.217, 58.3662 ], [ 16.2166, 58.3661 ], [ 16.2163, 58.366 ], [ 16.2163, 58.366 ], [ 16.2161, 58.3659 ], [ 16.216, 58.3645 ], [ 16.2174, 58.3642 ] ] ], [ [ [ 16.2117, 58.364 ], [ 16.2123, 58.3646 ], [ 16.2135, 58.3647 ], [ 16.2131, 58.3651 ], [ 16.2119, 58.3655 ], [ 16.212, 58.3659 ], [ 16.2123, 58.366 ], [ 16.2127, 58.3659 ], [ 16.2135, 58.3653 ], [ 16.2139, 58.3653 ], [ 16.2141, 58.3656 ], [ 16.2133, 58.366 ], [ 16.2126, 58.3661 ], [ 16.2126, 58.3663 ], [ 16.2113, 58.3669 ], [ 16.2106, 58.367 ], [ 16.2103, 58.3666 ], [ 16.2106, 58.3664 ], [ 16.2102, 58.3663 ], [ 16.2084, 58.366 ], [ 16.2082, 58.3656 ], [ 16.2097, 58.3653 ], [ 16.2094, 58.3652 ], [ 16.211, 58.3649 ], [ 16.211, 58.3647 ], [ 16.2117, 58.364 ] ] ] ] } },
{ "type": "Feature", "properties": { "fid": 32040, "OBJECTID": 6248283, "Lannr": "05", "Lan": "ÖSTERGÖTLANDS LÄN", "Kommunnr": "0581", "Kommun": "NORRKÖPING", "ArendeAr": 2026, "Beteckn": "A 11126-2026", "Avverktyp": "Föryngringsavverkning", "Andamal": "Uppgift saknas", "Inkomdatum": "2026-02-26T16:34:46", "AnmaldHa": 2.1, "ArendeStatus": "Anmält för avverkning", "AvverkningsanmalanKlass": "Avverkningsamalan", "Weeks": 30, "Naturvarden_Datinv": "2008-06-27", "Naturvarden_Area": 0.8, "Naturvarden_Hektar_calc": 0.8, "Naturvarden_Beteckn": "N 459-2008", "Naturvarden_area(%)": 97, "Bolag": "-", "N": 6490431, "E": 586884, "URL": "https:\/\/kartor.skogsstyrelsen.se\/kartor\/?startapp=skogligagrunddata&x=6490431&y=586884&scale=7000&bg=Karta" }, "geometry": { "type": "Polygon", "coordinates": [ [ [ 16.493, 58.5447 ], [ 16.4936, 58.545 ], [ 16.4937, 58.5455 ], [ 16.4943, 58.5461 ], [ 16.4944, 58.5464 ], [ 16.4931, 58.5461 ], [ 16.4927, 58.5465 ], [ 16.4921, 58.5465 ], [ 16.4914, 58.5468 ], [ 16.4914, 58.5465 ], [ 16.4919, 58.5462 ], [ 16.4919, 58.546 ], [ 16.4915, 58.546 ], [ 16.4915, 58.5458 ], [ 16.492, 58.5456 ], [ 16.4915, 58.5453 ], [ 16.493, 58.5447 ] ] ] } },
{ "type": "Feature", "properties": { "fid": 26732, "OBJECTID": 6239240, "Lannr": "07", "Lan": "KRONOBERGS LÄN", "Kommunnr": "0760", "Kommun": "UPPVIDINGE", "ArendeAr": 2026, "Beteckn": "A 8828-2026", "Avverktyp": "Avverkning för att bevara och utveckla \/försöksver", "Andamal": "bevara och utveckla natur- och kulturmiljövärden", "Inkomdatum": "2026-02-13T00:00:00", "AnmaldHa": 4.0, "ArendeStatus": "Anmält för avverkning", "AvverkningsanmalanKlass": "Avverkningsamalan", "Weeks": 32, "Naturvarden_Datinv": "2009-04-22", "Naturvarden_Area": 2.9, "Naturvarden_Hektar_calc": 3.0, "Naturvarden_Beteckn": "N 304-2009", "Naturvarden_area(%)": 99, "Bolag": "-", "N": 6323560, "E": 533151, "URL": "https:\/\/kartor.skogsstyrelsen.se\/kartor\/?startapp=skogligagrunddata&x=6323560&y=533151&scale=7000&bg=Karta" }, "geometry": { "type": "Polygon", "coordinates": [ [ [ 15.5458, 57.0532 ], [ 15.5468, 57.0535 ], [ 15.5469, 57.054 ], [ 15.5477, 57.0535 ], [ 15.5474, 57.0533 ], [ 15.5489, 57.0532 ], [ 15.5492, 57.0536 ], [ 15.5486, 57.0539 ], [ 15.5482, 57.0547 ], [ 15.5477, 57.0551 ], [ 15.547, 57.0553 ], [ 15.5461, 57.0553 ], [ 15.5459, 57.0549 ], [ 15.5464, 57.0548 ], [ 15.5465, 57.0544 ], [ 15.5462, 57.0543 ], [ 15.545, 57.0544 ], [ 15.5435, 57.0552 ], [ 15.5437, 57.0554 ], [ 15.5434, 57.0558 ], [ 15.543, 57.0556 ], [ 15.5429, 57.0551 ], [ 15.5435, 57.055 ], [ 15.5442, 57.0542 ], [ 15.5459, 57.054 ], [ 15.5452, 57.0534 ], [ 15.545, 57.0534 ], [ 15.5458, 57.0532 ] ] ] } },
{ "type": "Feature", "properties": { "fid": 26014, "OBJECTID": 6238890, "Lannr": "07", "Lan": "KRONOBERGS LÄN", "Kommunnr": "0760", "Kommun": "UPPVIDINGE", "ArendeAr": 2026, "Beteckn": "A 8829-2026", "Avverktyp": "Avverkning för att bevara och utveckla \/försöksver", "Andamal": "bevara och utveckla natur- och kulturmiljövärden", "Inkomdatum": "2026-02-13T00:00:00", "AnmaldHa": 1.6, "ArendeStatus": "Anmält för avverkning", "AvverkningsanmalanKlass": "Avverkningsamalan", "Weeks": 32, "Naturvarden_Datinv": "2009-04-22", "Naturvarden_Area": 0.6, "Naturvarden_Hektar_calc": 1.6, "Naturvarden_Beteckn": "N 308-2009", "Naturvarden_area(%)": 41, "Bolag": "-", "N": 6323358, "E": 533397, "URL": "https:\/\/kartor.skogsstyrelsen.se\/kartor\/?startapp=skogligagrunddata&x=6323358&y=533397&scale=7000&bg=Karta" }, "geometry": { "type": "Polygon", "coordinates": [ [ [ 15.5501, 57.0517 ], [ 15.5505, 57.052 ], [ 15.5513, 57.0519 ], [ 15.5517, 57.0521 ], [ 15.5516, 57.0529 ], [ 15.551, 57.0531 ], [ 15.5497, 57.0528 ], [ 15.5491, 57.052 ], [ 15.5498, 57.0519 ], [ 15.5501, 57.0517 ] ] ] } },
{ "type": "Feature", "properties": { "fid": 116696, "OBJECTID": 6495254, "Lannr": "21", "Lan": "GÄVLEBORGS LÄN", "Kommunnr": "2161", "Kommun": "LJUSDAL", "ArendeAr": 2026, "Beteckn": "A 35961-2026", "Avverktyp": "Föryngringsavverkning", "Andamal": "Uppgift saknas", "Inkomdatum": "2026-09-01T13:58:55", "AnmaldHa": 1.5, "ArendeStatus": "Anmält för avverkning", "AvverkningsanmalanKlass": "NyAvverkningsanmalan", "Weeks": 3, "Naturvarden_Datinv": "2010-01-18", "Naturvarden_Area": 0.3, "Naturvarden_Hektar_calc": 3.1, "Naturvarden_Beteckn": "N 12-2010", "Naturvarden_area(%)": 10, "Bolag": "-", "N": 6854895, "E": 518970, "URL": "https:\/\/kartor.skogsstyrelsen.se\/kartor\/?startapp=skogligagrunddata&x=6854895&y=518970&scale=7000&bg=Karta" }, "geometry": { "type": "Polygon", "coordinates": [ [ [ 15.3592, 61.8253 ], [ 15.3604, 61.8254 ], [ 15.3605, 61.8258 ], [ 15.3613, 61.8261 ], [ 15.3618, 61.8266 ], [ 15.3614, 61.8269 ], [ 15.3609, 61.8269 ], [ 15.3605, 61.8272 ], [ 15.3612, 61.8273 ], [ 15.3612, 61.8274 ], [ 15.3606, 61.8274 ], [ 15.3602, 61.8272 ], [ 15.359, 61.8274 ], [ 15.3592, 61.8253 ] ] ] } },
{ "type": "Feature", "properties": { "fid": 128675, "OBJECTID": 6513619, "Lannr": "23", "Lan": "JÄMTLANDS LÄN", "Kommunnr": "2361", "Kommun": "HÄRJEDALEN", "ArendeAr": 2026, "Beteckn": "A 38726-2026", "Avverktyp": "Föryngringsavverkning", "Andamal": "Uppgift saknas", "Inkomdatum": "2026-09-20T00:00:00", "AnmaldHa": 17.3, "ArendeStatus": "Anmält för avverkning", "AvverkningsanmalanKlass": "NyAvverkningsanmalan", "Weeks": 0, "Naturvarden_Datinv": "2011-10-17", "Naturvarden_Area": 4.1, "Naturvarden_Hektar_calc": 14.5, "Naturvarden_Beteckn": "N 846-2011", "Naturvarden_area(%)": 29, "Bolag": "-", "N": 6950424, "E": 386729, "URL": "https:\/\/kartor.skogsstyrelsen.se\/kartor\/?startapp=skogligagrunddata&x=6950424&y=386729&scale=7000&bg=Karta" }, "geometry": { "type": "MultiPolygon", "coordinates": [ [ [ [ 12.7788, 62.667 ], [ 12.7803, 62.6674 ], [ 12.7781, 62.6684 ], [ 12.7776, 62.6682 ], [ 12.7758, 62.6687 ], [ 12.7749, 62.6674 ], [ 12.776, 62.6671 ], [ 12.7769, 62.6671 ], [ 12.7778, 62.6675 ], [ 12.7788, 62.667 ] ] ], [ [ [ 12.7829, 62.6658 ], [ 12.7839, 62.6663 ], [ 12.782, 62.6662 ], [ 12.7813, 62.6669 ], [ 12.7801, 62.6663 ], [ 12.7814, 62.6658 ], [ 12.7829, 62.6658 ] ] ], [ [ [ 12.7945, 62.6651 ], [ 12.7946, 62.6654 ], [ 12.7965, 62.666 ], [ 12.7968, 62.6664 ], [ 12.7976, 62.6668 ], [ 12.7975, 62.6672 ], [ 12.7938, 62.6681 ], [ 12.7911, 62.6686 ], [ 12.7908, 62.6679 ], [ 12.7853, 62.6672 ], [ 12.7845, 62.6672 ], [ 12.7843, 62.6668 ], [ 12.7862, 62.6654 ], [ 12.7867, 62.6655 ], [ 12.7866, 62.666 ], [ 12.7859, 62.6665 ], [ 12.7861, 62.6667 ], [ 12.7874, 62.6668 ], [ 12.7889, 62.6663 ], [ 12.7888, 62.666 ], [ 12.7881, 62.6655 ], [ 12.7886, 62.6652 ], [ 12.7897, 62.6657 ], [ 12.7904, 62.6658 ], [ 12.7908, 62.6654 ], [ 12.7913, 62.6658 ], [ 12.7932, 62.6663 ], [ 12.7941, 62.6661 ], [ 12.7933, 62.6651 ], [ 12.7945, 62.6651 ] ] ] ] } },
{ "type": "Feature", "properties": { "fid": 69231, "OBJECTID": 6205250, "Lannr": "20", "Lan": "DALARNAS LÄN", "Kommunnr": "2029", "Kommun": "LEKSAND", "ArendeAr": 2026, "Beteckn": "A 368-2026", "Avverktyp": "Föryngringsavverkning", "Andamal": "Uppgift saknas", "Inkomdatum": "2026-01-05T00:00:00", "AnmaldHa": 2.3, "ArendeStatus": "Anmält för avverkning", "AvverkningsanmalanKlass": "Avverkningsamalan", "Weeks": 37, "Naturvarden_Datinv": "2012-05-16", "Naturvarden_Area": 0.3, "Naturvarden_Hektar_calc": 14.4, "Naturvarden_Beteckn": "N 349-2012", "Naturvarden_area(%)": 2, "Bolag": "-", "N": 6724669, "E": 501974, "URL": "https:\/\/kartor.skogsstyrelsen.se\/kartor\/?startapp=skogligagrunddata&x=6724669&y=501974&scale=7000&bg=Karta" }, "geometry": { "type": "MultiPolygon", "coordinates": [ [ [ [ 15.0383, 60.6581 ], [ 15.0388, 60.6591 ], [ 15.0399, 60.66 ], [ 15.0368, 60.6585 ], [ 15.0383, 60.6581 ] ] ], [ [ [ 15.0346, 60.6561 ], [ 15.0354, 60.6566 ], [ 15.0343, 60.6567 ], [ 15.0337, 60.6571 ], [ 15.0341, 60.6574 ], [ 15.0357, 60.6568 ], [ 15.0377, 60.658 ], [ 15.0358, 60.6582 ], [ 15.0338, 60.6576 ], [ 15.0331, 60.6568 ], [ 15.0346, 60.6561 ] ] ] ] } },
{ "type": "Feature", "properties": { "fid": 77837, "OBJECTID": 6425513, "Lannr": "20", "Lan": "DALARNAS LÄN", "Kommunnr": "2029", "Kommun": "LEKSAND", "ArendeAr": 2026, "Beteckn": "A 3728-2026", "Avverktyp": "Föryngringsavverkning", "Andamal": "Uppgift saknas", "Inkomdatum": "2026-01-21T12:09:22", "AnmaldHa": 7.0, "ArendeStatus": "Anmält för avverkning", "AvverkningsanmalanKlass": "Avverkningsamalan", "Weeks": 35, "Naturvarden_Datinv": "2012-08-01", "Naturvarden_Area": 1.0, "Naturvarden_Hektar_calc": 3.3, "Naturvarden_Beteckn": "N 622-2012", "Naturvarden_area(%)": 30, "Bolag": "-", "N": 6734734, "E": 491246, "URL": "https:\/\/kartor.skogsstyrelsen.se\/kartor\/?startapp=skogligagrunddata&x=6734734&y=491246&scale=7000&bg=Karta" }, "geometry": { "type": "MultiPolygon", "coordinates": [ [ [ [ 14.8371, 60.747 ], [ 14.8426, 60.7486 ], [ 14.8418, 60.7492 ], [ 14.8402, 60.749 ], [ 14.8386, 60.7493 ], [ 14.8356, 60.7479 ], [ 14.8371, 60.747 ] ] ], [ [ [ 14.839, 60.7463 ], [ 14.8397, 60.747 ], [ 14.8426, 60.7482 ], [ 14.8437, 60.7483 ], [ 14.8439, 60.7485 ], [ 14.8433, 60.7489 ], [ 14.837, 60.7464 ], [ 14.839, 60.7463 ] ] ] ] } },
{ "type": "Feature", "properties": { "fid": 71739, "OBJECTID": 6214682, "Lannr": "17", "Lan": "VÄRMLANDS LÄN", "Kommunnr": "1782", "Kommun": "FILIPSTAD", "ArendeAr": 2026, "Beteckn": "A 3071-2026", "Avverktyp": "Föryngringsavverkning", "Andamal": "Uppgift saknas", "Inkomdatum": "2026-01-18T17:54:38", "AnmaldHa": 3.8, "ArendeStatus": "Anmält för avverkning", "AvverkningsanmalanKlass": "Avverkningsamalan", "Weeks": 35, "Naturvarden_Datinv": "2012-08-15", "Naturvarden_Area": 0.4, "Naturvarden_Hektar_calc": 1.4, "Naturvarden_Beteckn": "N 669-2012", "Naturvarden_area(%)": 27, "Bolag": "-", "N": 6632145, "E": 438637, "URL": "https:\/\/kartor.skogsstyrelsen.se\/kartor\/?startapp=skogligagrunddata&x=6632145&y=438637&scale=7000&bg=Karta" }, "geometry": { "type": "MultiPolygon", "coordinates": [ [ [ [ 13.9032, 59.8229 ], [ 13.9047, 59.823 ], [ 13.9042, 59.824 ], [ 13.9032, 59.8239 ], [ 13.9031, 59.8245 ], [ 13.9022, 59.8243 ], [ 13.9022, 59.8238 ], [ 13.9036, 59.8236 ], [ 13.9032, 59.8229 ] ] ], [ [ [ 13.9064, 59.8206 ], [ 13.908, 59.8208 ], [ 13.9076, 59.8223 ], [ 13.907, 59.8226 ], [ 13.907, 59.8228 ], [ 13.9064, 59.8229 ], [ 13.9063, 59.8231 ], [ 13.9051, 59.8231 ], [ 13.9044, 59.8229 ], [ 13.9044, 59.8225 ], [ 13.9054, 59.8226 ], [ 13.9058, 59.8223 ], [ 13.9065, 59.8211 ], [ 13.9064, 59.8206 ] ] ] ] } },
{ "type": "Feature", "properties": { "fid": 51678, "OBJECTID": 6289807, "Lannr": "21", "Lan": "GÄVLEBORGS LÄN", "Kommunnr": "2183", "Kommun": "BOLLNÄS", "ArendeAr": 2026, "Beteckn": "A 18369-2026", "Avverktyp": "Föryngringsavverkning", "Andamal": "Uppgift saknas", "Inkomdatum": "2026-04-14T00:00:00", "AnmaldHa": 8.4, "ArendeStatus": "Anmält för avverkning", "AvverkningsanmalanKlass": "Avverkningsamalan", "Weeks": 23, "Naturvarden_Datinv": "2012-09-19", "Naturvarden_Area": 2.5, "Naturvarden_Hektar_calc": 2.5, "Naturvarden_Beteckn": "N 817-2012", "Naturvarden_area(%)": 100, "Bolag": "-", "N": 6803335, "E": 591829, "URL": "https:\/\/kartor.skogsstyrelsen.se\/kartor\/?startapp=skogligagrunddata&x=6803335&y=591829&scale=7000&bg=Karta" }, "geometry": { "type": "MultiPolygon", "coordinates": [ [ [ [ 16.7189, 61.3563 ], [ 16.72, 61.3591 ], [ 16.7189, 61.3591 ], [ 16.7178, 61.3564 ], [ 16.7189, 61.3563 ] ] ], [ [ [ 16.7182, 61.3545 ], [ 16.7189, 61.3563 ], [ 16.7178, 61.3564 ], [ 16.717, 61.3546 ], [ 16.7182, 61.3545 ] ] ], [ [ [ 16.7156, 61.3507 ], [ 16.716, 61.3508 ], [ 16.7171, 61.3518 ], [ 16.7182, 61.3544 ], [ 16.717, 61.3545 ], [ 16.7156, 61.3507 ] ] ], [ [ [ 16.7165, 61.3502 ], [ 16.7171, 61.3518 ], [ 16.7161, 61.3508 ], [ 16.7159, 61.3507 ], [ 16.7165, 61.3502 ] ] ], [ [ [ 16.7161, 61.3491 ], [ 16.7165, 61.3502 ], [ 16.7159, 61.3507 ], [ 16.7154, 61.3507 ], [ 16.7148, 61.3492 ], [ 16.7161, 61.3491 ] ] ], [ [ [ 16.7153, 61.3471 ], [ 16.7161, 61.3491 ], [ 16.7148, 61.3492 ], [ 16.7143, 61.3479 ], [ 16.715, 61.3477 ], [ 16.7147, 61.3474 ], [ 16.7141, 61.3475 ], [ 16.7141, 61.3474 ], [ 16.7153, 61.3471 ] ] ] ] } },
{ "type": "Feature", "properties": { "fid": 63243, "OBJECTID": 6158906, "Lannr": "20", "Lan": "DALARNAS LÄN", "Kommunnr": "2029", "Kommun": "LEKSAND", "ArendeAr": 2025, "Beteckn": "A 59271-2025", "Avverktyp": "Föryngringsavverkning", "Andamal": "Uppgift saknas", "Inkomdatum": "2025-11-27T16:27:26", "AnmaldHa": 2.1, "ArendeStatus": "Anmält för avverkning", "AvverkningsanmalanKlass": "Avverkningsamalan", "Weeks": 43, "Naturvarden_Datinv": "2012-10-30", "Naturvarden_Area": 0.1, "Naturvarden_Hektar_calc": 0.5, "Naturvarden_Beteckn": "N 1133-2012", "Naturvarden_area(%)": 26, "Bolag": "-", "N": 6721471, "E": 500657, "URL": "https:\/\/kartor.skogsstyrelsen.se\/kartor\/?startapp=skogligagrunddata&x=6721471&y=500657&scale=7000&bg=Karta" }, "geometry": { "type": "MultiPolygon", "coordinates": [ [ [ [ 15.0102, 60.6286 ], [ 15.0104, 60.6288 ], [ 15.0094, 60.629 ], [ 15.0092, 60.6289 ], [ 15.0102, 60.6286 ] ] ], [ [ [ 15.0138, 60.6283 ], [ 15.0146, 60.6284 ], [ 15.0143, 60.6289 ], [ 15.0106, 60.6299 ], [ 15.0097, 60.6293 ], [ 15.0138, 60.6283 ] ] ] ] } },
{ "type": "Feature", "properties": { "fid": 48958, "OBJECTID": 6285373, "Lannr": "24", "Lan": "VÄSTERBOTTENS LÄN", "Kommunnr": "2404", "Kommun": "VINDELN", "ArendeAr": 2026, "Beteckn": "A 17804-2026", "Avverktyp": "Föryngringsavverkning", "Andamal": "Uppgift saknas", "Inkomdatum": "2026-04-10T10:01:48", "AnmaldHa": 3.3, "ArendeStatus": "Anmält för avverkning", "AvverkningsanmalanKlass": "Avverkningsamalan", "Weeks": 24, "Naturvarden_Datinv": "2013-08-09", "Naturvarden_Area": 0.8, "Naturvarden_Hektar_calc": 2.4, "Naturvarden_Beteckn": "N 513-2013", "Naturvarden_area(%)": 32, "Bolag": "-", "N": 7165503, "E": 703097, "URL": "https:\/\/kartor.skogsstyrelsen.se\/kartor\/?startapp=skogligagrunddata&x=7165503&y=703097&scale=7000&bg=Karta" }, "geometry": { "type": "MultiPolygon", "coordinates": [ [ [ [ 19.2373, 64.5537 ], [ 19.2375, 64.5538 ], [ 19.2372, 64.5542 ], [ 19.2375, 64.5544 ], [ 19.237, 64.555 ], [ 19.2364, 64.5549 ], [ 19.2363, 64.5546 ], [ 19.2373, 64.5537 ] ] ], [ [ [ 19.2346, 64.553 ], [ 19.2361, 64.5533 ], [ 19.2357, 64.5536 ], [ 19.2362, 64.5539 ], [ 19.2363, 64.5542 ], [ 19.2357, 64.5543 ], [ 19.2351, 64.5551 ], [ 19.2346, 64.5553 ], [ 19.2333, 64.555 ], [ 19.2341, 64.5548 ], [ 19.2346, 64.5545 ], [ 19.234, 64.5545 ], [ 19.2348, 64.5539 ], [ 19.2342, 64.5537 ], [ 19.2346, 64.553 ] ] ], [ [ [ 19.2352, 64.5529 ], [ 19.2439, 64.5529 ], [ 19.2435, 64.5533 ], [ 19.2426, 64.5536 ], [ 19.2427, 64.5539 ], [ 19.2436, 64.5537 ], [ 19.2451, 64.5536 ], [ 19.2454, 64.5537 ], [ 19.2452, 64.554 ], [ 19.2428, 64.5539 ], [ 19.2423, 64.5542 ], [ 19.2409, 64.5538 ], [ 19.2403, 64.554 ], [ 19.239, 64.5538 ], [ 19.2352, 64.5529 ] ] ] ] } },
{ "type": "Feature", "properties": { "fid": 65195, "OBJECTID": 6166770, "Lannr": "18", "Lan": "ÖREBRO LÄN", "Kommunnr": "1884", "Kommun": "NORA", "ArendeAr": 2025, "Beteckn": "A 63531-2025", "Avverktyp": "Föryngringsavverkning", "Andamal": "Uppgift saknas", "Inkomdatum": "2025-12-22T13:30:58", "AnmaldHa": 1.0, "ArendeStatus": "Anmält för avverkning", "AvverkningsanmalanKlass": "Avverkningsamalan", "Weeks": 39, "Naturvarden_Datinv": "2013-11-15", "Naturvarden_Area": 1.9, "Naturvarden_Hektar_calc": 2.0, "Naturvarden_Beteckn": "N 1008-2013", "Naturvarden_area(%)": 97, "Bolag": "-", "N": 6594222, "E": 496642, "URL": "https:\/\/kartor.skogsstyrelsen.se\/kartor\/?startapp=skogligagrunddata&x=6594222&y=496642&scale=7000&bg=Karta" }, "geometry": { "type": "Polygon", "coordinates": [ [ [ 14.9414, 59.4858 ], [ 14.9418, 59.486 ], [ 14.9414, 59.4865 ], [ 14.9407, 59.487 ], [ 14.9402, 59.4872 ], [ 14.9396, 59.4864 ], [ 14.9402, 59.4861 ], [ 14.9414, 59.4858 ] ] ] } },
{ "type": "Feature", "properties": { "fid": 65508, "OBJECTID": 6168410, "Lannr": "18", "Lan": "ÖREBRO LÄN", "Kommunnr": "1884", "Kommun": "NORA", "ArendeAr": 2025, "Beteckn": "A 63533-2025", "Avverktyp": "Föryngringsavverkning", "Andamal": "Uppgift saknas", "Inkomdatum": "2025-12-22T13:36:20", "AnmaldHa": 2.2, "ArendeStatus": "Anmält för avverkning", "AvverkningsanmalanKlass": "Avverkningsamalan", "Weeks": 39, "Naturvarden_Datinv": "2013-11-15", "Naturvarden_Area": 1.9, "Naturvarden_Hektar_calc": 2.0, "Naturvarden_Beteckn": "N 1008-2013", "Naturvarden_area(%)": 97, "Bolag": "-", "N": 6594222, "E": 496768, "URL": "https:\/\/kartor.skogsstyrelsen.se\/kartor\/?startapp=skogligagrunddata&x=6594222&y=496768&scale=7000&bg=Karta" }, "geometry": { "type": "Polygon", "coordinates": [ [ [ 14.9425, 59.4856 ], [ 14.9432, 59.4858 ], [ 14.9441, 59.4859 ], [ 14.9441, 59.4861 ], [ 14.9447, 59.4863 ], [ 14.9449, 59.4865 ], [ 14.9443, 59.4864 ], [ 14.9443, 59.4866 ], [ 14.9446, 59.4871 ], [ 14.9452, 59.4875 ], [ 14.9442, 59.4873 ], [ 14.9435, 59.4868 ], [ 14.943, 59.4867 ], [ 14.9423, 59.4869 ], [ 14.9418, 59.4867 ], [ 14.9403, 59.4874 ], [ 14.9402, 59.4872 ], [ 14.9407, 59.4871 ], [ 14.9413, 59.4866 ], [ 14.9418, 59.486 ], [ 14.9415, 59.4858 ], [ 14.9425, 59.4856 ] ] ] } },
{ "type": "Feature", "properties": { "fid": 95527, "OBJECTID": 6467458, "Lannr": "18", "Lan": "ÖREBRO LÄN", "Kommunnr": "1884", "Kommun": "NORA", "ArendeAr": 2026, "Beteckn": "A 28150-2026", "Avverktyp": "Föryngringsavverkning", "Andamal": "Uppgift saknas", "Inkomdatum": "2026-06-22T15:05:22", "AnmaldHa": 3.6, "ArendeStatus": "Anmält för avverkning", "AvverkningsanmalanKlass": "Avverkningsamalan", "Weeks": 13, "Naturvarden_Datinv": "2013-11-15", "Naturvarden_Area": 1.9, "Naturvarden_Hektar_calc": 2.0, "Naturvarden_Beteckn": "N 1008-2013", "Naturvarden_area(%)": 97, "Bolag": "-", "N": 6594203, "E": 496797, "URL": "https:\/\/kartor.skogsstyrelsen.se\/kartor\/?startapp=skogligagrunddata&x=6594203&y=496797&scale=7000&bg=Karta" }, "geometry": { "type": "Polygon", "coordinates": [ [ [ 14.9446, 59.4851 ], [ 14.9452, 59.4861 ], [ 14.9449, 59.4863 ], [ 14.9452, 59.4875 ], [ 14.9449, 59.4875 ], [ 14.9435, 59.4868 ], [ 14.943, 59.4867 ], [ 14.9423, 59.4869 ], [ 14.9418, 59.4867 ], [ 14.9403, 59.4874 ], [ 14.9402, 59.4872 ], [ 14.9407, 59.4871 ], [ 14.9413, 59.4866 ], [ 14.9418, 59.486 ], [ 14.9415, 59.4858 ], [ 14.9446, 59.4851 ] ] ] } },
{ "type": "Feature", "properties": { "fid": 58120, "OBJECTID": 6362937, "Lannr": "20", "Lan": "DALARNAS LÄN", "Kommunnr": "2081", "Kommun": "BORLÄNGE", "ArendeAr": 2026, "Beteckn": "A 15978-2026", "Avverktyp": "Föryngringsavverkning", "Andamal": "Uppgift saknas", "Inkomdatum": "2026-03-27T08:28:18", "AnmaldHa": 10.2, "ArendeStatus": "Anmält för avverkning", "AvverkningsanmalanKlass": "Avverkningsamalan", "Weeks": 26, "Naturvarden_Datinv": "2013-11-06", "Naturvarden_Area": 0.3, "Naturvarden_Hektar_calc": 1.2, "Naturvarden_Beteckn": "N 170-2014", "Naturvarden_area(%)": 27, "Bolag": "-", "N": 6704865, "E": 514043, "URL": "https:\/\/kartor.skogsstyrelsen.se\/kartor\/?startapp=skogligagrunddata&x=6704865&y=514043&scale=7000&bg=Karta" }, "geometry": { "type": "MultiPolygon", "coordinates": [ [ [ [ 15.2591, 60.4812 ], [ 15.2594, 60.482 ], [ 15.2578, 60.4819 ], [ 15.2588, 60.4813 ], [ 15.2591, 60.4812 ] ] ], [ [ [ 15.253, 60.481 ], [ 15.2547, 60.4814 ], [ 15.2537, 60.482 ], [ 15.2513, 60.4819 ], [ 15.253, 60.481 ] ] ], [ [ [ 15.2581, 60.4786 ], [ 15.2587, 60.4805 ], [ 15.2558, 60.4818 ], [ 15.2543, 60.4805 ], [ 15.2581, 60.4786 ] ] ], [ [ [ 15.2578, 60.4773 ], [ 15.258, 60.4783 ], [ 15.2564, 60.479 ], [ 15.2551, 60.479 ], [ 15.2531, 60.4799 ], [ 15.2508, 60.4788 ], [ 15.2509, 60.4781 ], [ 15.2522, 60.4786 ], [ 15.253, 60.4786 ], [ 15.2578, 60.4773 ] ] ] ] } },
{ "type": "Feature", "properties": { "fid": 72402, "OBJECTID": 6217119, "Lannr": "20", "Lan": "DALARNAS LÄN", "Kommunnr": "2081", "Kommun": "BORLÄNGE", "ArendeAr": 2026, "Beteckn": "A 1843-2026", "Avverktyp": "Föryngringsavverkning", "Andamal": "Uppgift saknas", "Inkomdatum": "2026-01-13T09:39:57", "AnmaldHa": 4.0, "ArendeStatus": "Anmält för avverkning", "AvverkningsanmalanKlass": "Avverkningsamalan", "Weeks": 36, "Naturvarden_Datinv": "2013-07-10", "Naturvarden_Area": 4.0, "Naturvarden_Hektar_calc": 4.0, "Naturvarden_Beteckn": "N 202-2014", "Naturvarden_area(%)": 100, "Bolag": "Kommuner", "N": 6705438, "E": 519168, "URL": "https:\/\/kartor.skogsstyrelsen.se\/kartor\/?startapp=skogligagrunddata&x=6705438&y=519168&scale=7000&bg=Karta" }, "geometry": { "type": "Polygon", "coordinates": [ [ [ 15.3532, 60.4833 ], [ 15.3537, 60.4839 ], [ 15.3441, 60.4861 ], [ 15.3437, 60.4855 ], [ 15.3532, 60.4833 ] ] ] } },
{ "type": "Feature", "properties": { "fid": 64170, "OBJECTID": 6161677, "Lannr": "14", "Lan": "VÄSTRA GÖTALANDS LÄN", "Kommunnr": "1493", "Kommun": "MARIESTAD", "ArendeAr": 2025, "Beteckn": "A 63287-2025", "Avverktyp": "Avverkning för att bevara och utveckla \/försöksver", "Andamal": "bevara och utveckla natur- och kulturmiljövärden", "Inkomdatum": "2025-12-18T00:00:00", "AnmaldHa": 0.3, "ArendeStatus": "Anmält för avverkning", "AvverkningsanmalanKlass": "Avverkningsamalan", "Weeks": 40, "Naturvarden_Datinv": "2014-04-14", "Naturvarden_Area": 0.3, "Naturvarden_Hektar_calc": 0.3, "Naturvarden_Beteckn": "N 394-2014", "Naturvarden_area(%)": 92, "Bolag": "Kyrkan", "N": 6505368, "E": 431109, "URL": "https:\/\/kartor.skogsstyrelsen.se\/kartor\/?startapp=skogligagrunddata&x=6505368&y=431109&scale=7000&bg=Karta" }, "geometry": { "type": "Polygon", "coordinates": [ [ [ 13.811, 58.6826 ], [ 13.8122, 58.6831 ], [ 13.8129, 58.6831 ], [ 13.8122, 58.6834 ], [ 13.8108, 58.6827 ], [ 13.811, 58.6826 ] ] ] } },
{ "type": "Feature", "properties": { "fid": 106640, "OBJECTID": 6477520, "Lannr": "24", "Lan": "VÄSTERBOTTENS LÄN", "Kommunnr": "2401", "Kommun": "NORDMALING", "ArendeAr": 2026, "Beteckn": "A 30950-2026", "Avverktyp": "Föryngringsavverkning", "Andamal": "Uppgift saknas", "Inkomdatum": "2026-07-02T00:00:00", "AnmaldHa": 3.3, "ArendeStatus": "Anmält för avverkning", "AvverkningsanmalanKlass": "Avverkningsamalan", "Weeks": 12, "Naturvarden_Datinv": "2014-06-17", "Naturvarden_Area": 0.2, "Naturvarden_Hektar_calc": 0.5, "Naturvarden_Beteckn": "N 1181-2014", "Naturvarden_area(%)": 50, "Bolag": "-", "N": 7079734, "E": 715619, "URL": "https:\/\/kartor.skogsstyrelsen.se\/kartor\/?startapp=skogligagrunddata&x=7079734&y=715619&scale=7000&bg=Karta" }, "geometry": { "type": "Polygon", "coordinates": [ [ [ 19.3732, 63.7774 ], [ 19.3803, 63.7791 ], [ 19.3789, 63.7797 ], [ 19.3722, 63.778 ], [ 19.3732, 63.7774 ] ] ] } },
{ "type": "Feature", "properties": { "fid": 69170, "OBJECTID": 6404069, "Lannr": "14", "Lan": "VÄSTRA GÖTALANDS LÄN", "Kommunnr": "1486", "Kommun": "STRÖMSTAD", "ArendeAr": 2026, "Beteckn": "A 21355-2026", "Avverktyp": "Föryngringsavverkning", "Andamal": "Uppgift saknas", "Inkomdatum": "2026-04-30T00:00:00", "AnmaldHa": 2.5, "ArendeStatus": "Anmält för avverkning", "AvverkningsanmalanKlass": "Avverkningsamalan", "Weeks": 21, "Naturvarden_Datinv": "2015-06-09", "Naturvarden_Area": 0.5, "Naturvarden_Hektar_calc": 1.4, "Naturvarden_Beteckn": "N 543-2015", "Naturvarden_area(%)": 37, "Bolag": "-", "N": 6541275, "E": 282219, "URL": "https:\/\/kartor.skogsstyrelsen.se\/kartor\/?startapp=skogligagrunddata&x=6541275&y=282219&scale=7000&bg=Karta" }, "geometry": { "type": "Polygon", "coordinates": [ [ [ 11.2113, 58.9543 ], [ 11.2131, 58.9556 ], [ 11.2156, 58.9558 ], [ 11.2154, 58.9562 ], [ 11.216, 58.9567 ], [ 11.2153, 58.9568 ], [ 11.2149, 58.9563 ], [ 11.2134, 58.9562 ], [ 11.2107, 58.9554 ], [ 11.2105, 58.9547 ], [ 11.2113, 58.9543 ] ] ] } },
{ "type": "Feature", "properties": { "fid": 45451, "OBJECTID": 6113242, "Lannr": "18", "Lan": "ÖREBRO LÄN", "Kommunnr": "1885", "Kommun": "LINDESBERG", "ArendeAr": 2025, "Beteckn": "A 52117-2025", "Avverktyp": "Föryngringsavverkning", "Andamal": "Uppgift saknas", "Inkomdatum": "2025-10-22T16:59:01", "AnmaldHa": 4.6, "ArendeStatus": "Anmält för avverkning", "AvverkningsanmalanKlass": "Avverkningsamalan", "Weeks": 48, "Naturvarden_Datinv": "2015-05-07", "Naturvarden_Area": 2.6, "Naturvarden_Hektar_calc": 2.7, "Naturvarden_Beteckn": "N 1003-2015", "Naturvarden_area(%)": 95, "Bolag": "-", "N": 6589907, "E": 518779, "URL": "https:\/\/kartor.skogsstyrelsen.se\/kartor\/?startapp=skogligagrunddata&x=6589907&y=518779&scale=7000&bg=Karta" }, "geometry": { "type": "MultiPolygon", "coordinates": [ [ [ [ 15.3285, 59.4492 ], [ 15.3296, 59.4495 ], [ 15.33, 59.4505 ], [ 15.3296, 59.45 ], [ 15.328, 59.4494 ], [ 15.3285, 59.4492 ] ] ], [ [ [ 15.3316, 59.445 ], [ 15.3327, 59.4467 ], [ 15.3325, 59.4478 ], [ 15.3317, 59.4487 ], [ 15.3312, 59.4489 ], [ 15.3307, 59.4488 ], [ 15.3303, 59.4458 ], [ 15.3316, 59.445 ] ] ] ] } },
{ "type": "Feature", "properties": { "fid": 125183, "OBJECTID": 6504601, "Lannr": "23", "Lan": "JÄMTLANDS LÄN", "Kommunnr": "2309", "Kommun": "KROKOM", "ArendeAr": 2026, "Beteckn": "A 4696-2026", "Avverktyp": "Föryngringsavverkning", "Andamal": "Uppgift saknas", "Inkomdatum": "2026-01-26T10:45:40", "AnmaldHa": 4.9, "ArendeStatus": "Anmält för avverkning", "AvverkningsanmalanKlass": "Avverkningsamalan", "Weeks": 34, "Naturvarden_Datinv": "2016-09-22", "Naturvarden_Area": 5.0, "Naturvarden_Hektar_calc": 5.4, "Naturvarden_Beteckn": "N 1034-2016", "Naturvarden_area(%)": 93, "Bolag": "-", "N": 7037474, "E": 448080, "URL": "https:\/\/kartor.skogsstyrelsen.se\/kartor\/?startapp=skogligagrunddata&x=7037474&y=448080&scale=7000&bg=Karta" }, "geometry": { "type": "Polygon", "coordinates": [ [ [ 13.9578, 63.4603 ], [ 13.9618, 63.4628 ], [ 13.96, 63.4632 ], [ 13.9588, 63.4628 ], [ 13.9575, 63.463 ], [ 13.9558, 63.4616 ], [ 13.9569, 63.4612 ], [ 13.9563, 63.4604 ], [ 13.9578, 63.4603 ] ] ] } },
{ "type": "Feature", "properties": { "fid": 95132, "OBJECTID": 6466647, "Lannr": "14", "Lan": "VÄSTRA GÖTALANDS LÄN", "Kommunnr": "1496", "Kommun": "SKÖVDE", "ArendeAr": 2026, "Beteckn": "A 28323-2026", "Avverktyp": "Föryngringsavverkning", "Andamal": "Uppgift saknas", "Inkomdatum": "2026-06-23T13:43:38", "AnmaldHa": 3.6, "ArendeStatus": "Anmält för avverkning", "AvverkningsanmalanKlass": "Avverkningsamalan", "Weeks": 13, "Naturvarden_Datinv": "2017-04-19", "Naturvarden_Area": 2.7, "Naturvarden_Hektar_calc": 2.9, "Naturvarden_Beteckn": "N 505-2017", "Naturvarden_area(%)": 93, "Bolag": "Kommuner", "N": 6477825, "E": 433912, "URL": "https:\/\/kartor.skogsstyrelsen.se\/kartor\/?startapp=skogligagrunddata&x=6477825&y=433912&scale=7000&bg=Karta" }, "geometry": { "type": "Polygon", "coordinates": [ [ [ 13.8678, 58.4348 ], [ 13.8685, 58.4348 ], [ 13.8691, 58.435 ], [ 13.8694, 58.4356 ], [ 13.869, 58.436 ], [ 13.8689, 58.4369 ], [ 13.8706, 58.4383 ], [ 13.8713, 58.4384 ], [ 13.8708, 58.4385 ], [ 13.8678, 58.4368 ], [ 13.8664, 58.4364 ], [ 13.8662, 58.4361 ], [ 13.8665, 58.4355 ], [ 13.8672, 58.4351 ], [ 13.8678, 58.4351 ], [ 13.8678, 58.4348 ] ] ] } },
{ "type": "Feature", "properties": { "fid": 68147, "OBJECTID": 6199203, "Lannr": "20", "Lan": "DALARNAS LÄN", "Kommunnr": "2029", "Kommun": "LEKSAND", "ArendeAr": 2026, "Beteckn": "A 720-2026", "Avverktyp": "Föryngringsavverkning", "Andamal": "Uppgift saknas", "Inkomdatum": "2026-01-07T15:14:24", "AnmaldHa": 6.7, "ArendeStatus": "Anmält för avverkning", "AvverkningsanmalanKlass": "Avverkningsamalan", "Weeks": 37, "Naturvarden_Datinv": "2018-09-19", "Naturvarden_Area": 5.1, "Naturvarden_Hektar_calc": 24.3, "Naturvarden_Beteckn": "N 926-2018", "Naturvarden_area(%)": 21, "Bolag": "-", "N": 6720691, "E": 487837, "URL": "https:\/\/kartor.skogsstyrelsen.se\/kartor\/?startapp=skogligagrunddata&x=6720691&y=487837&scale=7000&bg=Karta" }, "geometry": { "type": "MultiPolygon", "coordinates": [ [ [ [ 14.7791, 60.6204 ], [ 14.7809, 60.6223 ], [ 14.7758, 60.6235 ], [ 14.7757, 60.6231 ], [ 14.7751, 60.6227 ], [ 14.7758, 60.622 ], [ 14.7754, 60.6209 ], [ 14.7791, 60.6204 ] ] ], [ [ [ 14.7791, 60.6204 ], [ 14.7791, 60.6204 ], [ 14.7791, 60.6204 ], [ 14.7791, 60.6204 ] ] ] ] } },
{ "type": "Feature", "properties": { "fid": 71493, "OBJECTID": 6214231, "Lannr": "20", "Lan": "DALARNAS LÄN", "Kommunnr": "2029", "Kommun": "LEKSAND", "ArendeAr": 2026, "Beteckn": "A 3144-2026", "Avverktyp": "Föryngringsavverkning", "Andamal": "Uppgift saknas", "Inkomdatum": "2026-01-19T09:48:22", "AnmaldHa": 4.3, "ArendeStatus": "Anmält för avverkning", "AvverkningsanmalanKlass": "Avverkningsamalan", "Weeks": 35, "Naturvarden_Datinv": "2018-09-27", "Naturvarden_Area": 1.2, "Naturvarden_Hektar_calc": 1.5, "Naturvarden_Beteckn": "N 1034-2018", "Naturvarden_area(%)": 79, "Bolag": "-", "N": 6722327, "E": 494388, "URL": "https:\/\/kartor.skogsstyrelsen.se\/kartor\/?startapp=skogligagrunddata&x=6722327&y=494388&scale=7000&bg=Karta" }, "geometry": { "type": "MultiPolygon", "coordinates": [ [ [ [ 14.8978, 60.6374 ], [ 14.8978, 60.6375 ], [ 14.8978, 60.6374 ], [ 14.8978, 60.6374 ] ] ], [ [ [ 14.8937, 60.6374 ], [ 14.8942, 60.6377 ], [ 14.8933, 60.6382 ], [ 14.8931, 60.6387 ], [ 14.8934, 60.6389 ], [ 14.8927, 60.6396 ], [ 14.8928, 60.6399 ], [ 14.8918, 60.6398 ], [ 14.8925, 60.6391 ], [ 14.8927, 60.6388 ], [ 14.8924, 60.6387 ], [ 14.8928, 60.6379 ], [ 14.8937, 60.6374 ] ] ], [ [ [ 14.8973, 60.6374 ], [ 14.8977, 60.6375 ], [ 14.8965, 60.6375 ], [ 14.8966, 60.6375 ], [ 14.8973, 60.6374 ] ] ], [ [ [ 14.8954, 60.637 ], [ 14.8955, 60.6371 ], [ 14.895, 60.6372 ], [ 14.8943, 60.6376 ], [ 14.8939, 60.6373 ], [ 14.8954, 60.637 ] ] ], [ [ [ 14.8977, 60.6363 ], [ 14.8998, 60.6365 ], [ 14.8998, 60.637 ], [ 14.8996, 60.6367 ], [ 14.8995, 60.6369 ], [ 14.8999, 60.6373 ], [ 14.8979, 60.6374 ], [ 14.8977, 60.6363 ] ] ], [ [ [ 14.8981, 60.6349 ], [ 14.9019, 60.635 ], [ 14.9022, 60.6351 ], [ 14.8996, 60.635 ], [ 14.8997, 60.6352 ], [ 14.9003, 60.6352 ], [ 14.9003, 60.6354 ], [ 14.9009, 60.6355 ], [ 14.8999, 60.6359 ], [ 14.9003, 60.6365 ], [ 14.8977, 60.6362 ], [ 14.8981, 60.6349 ] ] ] ] } },
{ "type": "Feature", "properties": { "fid": 65044, "OBJECTID": 6384260, "Lannr": "21", "Lan": "GÄVLEBORGS LÄN", "Kommunnr": "2181", "Kommun": "SANDVIKEN", "ArendeAr": 2026, "Beteckn": "A 4169-2026", "Avverktyp": "Föryngringsavverkning", "Andamal": "Uppgift saknas", "Inkomdatum": "2026-01-22T00:00:00", "AnmaldHa": 1.2, "ArendeStatus": "Anmält för avverkning", "AvverkningsanmalanKlass": "Avverkningsamalan", "Weeks": 35, "Naturvarden_Datinv": "2019-11-27", "Naturvarden_Area": 0.4, "Naturvarden_Hektar_calc": 3.8, "Naturvarden_Beteckn": "N 1122-2019", "Naturvarden_area(%)": 10, "Bolag": "-", "N": 6727172, "E": 588622, "URL": "https:\/\/kartor.skogsstyrelsen.se\/kartor\/?startapp=skogligagrunddata&x=6727172&y=588622&scale=7000&bg=Karta" }, "geometry": { "type": "Polygon", "coordinates": [ [ [ 16.6217, 60.6698 ], [ 16.6233, 60.6705 ], [ 16.6229, 60.6708 ], [ 16.6215, 60.6709 ], [ 16.6209, 60.6707 ], [ 16.6209, 60.67 ], [ 16.6217, 60.6698 ] ] ] } },
{ "type": "Feature", "properties": { "fid": 89503, "OBJECTID": 6460337, "Lannr": "18", "Lan": "ÖREBRO LÄN", "Kommunnr": "1883", "Kommun": "KARLSKOGA", "ArendeAr": 2026, "Beteckn": "A 3239-2026", "Avverktyp": "Föryngringsavverkning", "Andamal": "Uppgift saknas", "Inkomdatum": "2026-01-19T00:00:00", "AnmaldHa": 1.6, "ArendeStatus": "Anmält för avverkning", "AvverkningsanmalanKlass": "Avverkningsamalan", "Weeks": 35, "Naturvarden_Datinv": "2020-01-29", "Naturvarden_Area": 1.1, "Naturvarden_Hektar_calc": 1.1, "Naturvarden_Beteckn": "N 112-2020", "Naturvarden_area(%)": 99, "Bolag": "-", "N": 6587502, "E": 472006, "URL": "https:\/\/kartor.skogsstyrelsen.se\/kartor\/?startapp=skogligagrunddata&x=6587502&y=472006&scale=7000&bg=Karta" }, "geometry": { "type": "Polygon", "coordinates": [ [ [ 14.5068, 59.4239 ], [ 14.5077, 59.4247 ], [ 14.5071, 59.4254 ], [ 14.5071, 59.4259 ], [ 14.5065, 59.4262 ], [ 14.5057, 59.426 ], [ 14.5056, 59.4255 ], [ 14.5068, 59.4239 ] ] ] } },
{ "type": "Feature", "properties": { "fid": 77908, "OBJECTID": 6425631, "Lannr": "03", "Lan": "UPPSALA LÄN", "Kommunnr": "0380", "Kommun": "UPPSALA", "ArendeAr": 2026, "Beteckn": "A 22547-2026", "Avverktyp": "Föryngringsavverkning", "Andamal": "Uppgift saknas", "Inkomdatum": "2026-05-13T12:18:23", "AnmaldHa": 12.7, "ArendeStatus": "Anmält för avverkning", "AvverkningsanmalanKlass": "Avverkningsamalan", "Weeks": 19, "Naturvarden_Datinv": "2020-03-13", "Naturvarden_Area": 0.4, "Naturvarden_Hektar_calc": 12.1, "Naturvarden_Beteckn": "N 196-2020", "Naturvarden_area(%)": 4, "Bolag": "-", "N": 6668864, "E": 636276, "URL": "https:\/\/kartor.skogsstyrelsen.se\/kartor\/?startapp=skogligagrunddata&x=6668864&y=636276&scale=7000&bg=Karta" }, "geometry": { "type": "Polygon", "coordinates": [ [ [ 17.4534, 60.131 ], [ 17.4535, 60.1312 ], [ 17.4543, 60.1316 ], [ 17.4547, 60.1313 ], [ 17.4555, 60.1312 ], [ 17.4556, 60.1311 ], [ 17.4559, 60.1316 ], [ 17.4547, 60.1315 ], [ 17.4546, 60.1324 ], [ 17.4539, 60.1325 ], [ 17.4531, 60.1331 ], [ 17.4549, 60.1333 ], [ 17.4558, 60.1328 ], [ 17.4559, 60.1324 ], [ 17.4563, 60.1322 ], [ 17.4573, 60.1333 ], [ 17.4575, 60.1339 ], [ 17.4569, 60.1347 ], [ 17.4558, 60.1353 ], [ 17.4543, 60.1359 ], [ 17.4529, 60.1362 ], [ 17.4531, 60.1369 ], [ 17.4508, 60.1366 ], [ 17.45, 60.1348 ], [ 17.4494, 60.1343 ], [ 17.4497, 60.1341 ], [ 17.4506, 60.1341 ], [ 17.4505, 60.1337 ], [ 17.4516, 60.1334 ], [ 17.4516, 60.1321 ], [ 17.4527, 60.1324 ], [ 17.4538, 60.1322 ], [ 17.4541, 60.1317 ], [ 17.4534, 60.1316 ], [ 17.4523, 60.1318 ], [ 17.4517, 60.1316 ], [ 17.4522, 60.1311 ], [ 17.4534, 60.131 ] ], [ [ 17.4536, 60.1337 ], [ 17.4532, 60.1345 ], [ 17.4528, 60.1346 ], [ 17.4525, 60.135 ], [ 17.4518, 60.1351 ], [ 17.4516, 60.1355 ], [ 17.4514, 60.1354 ], [ 17.4509, 60.1357 ], [ 17.4512, 60.136 ], [ 17.4519, 60.136 ], [ 17.4522, 60.1357 ], [ 17.4527, 60.1357 ], [ 17.454, 60.1354 ], [ 17.4548, 60.1346 ], [ 17.4536, 60.1337 ] ] ] } },
{ "type": "Feature", "properties": { "fid": 110462, "OBJECTID": 6483146, "Lannr": "14", "Lan": "VÄSTRA GÖTALANDS LÄN", "Kommunnr": "1485", "Kommun": "UDDEVALLA", "ArendeAr": 2026, "Beteckn": "A 34383-2026", "Avverktyp": "Föryngringsavverkning", "Andamal": "Uppgift saknas", "Inkomdatum": "2026-08-19T00:00:00", "AnmaldHa": 2.5, "ArendeStatus": "Anmält för avverkning", "AvverkningsanmalanKlass": "NyAvverkningsanmalan", "Weeks": 5, "Naturvarden_Datinv": "2020-05-05", "Naturvarden_Area": 1.2, "Naturvarden_Hektar_calc": 3.5, "Naturvarden_Beteckn": "N 314-2020", "Naturvarden_area(%)": 36, "Bolag": "-", "N": 6472354, "E": 325720, "URL": "https:\/\/kartor.skogsstyrelsen.se\/kartor\/?startapp=skogligagrunddata&x=6472354&y=325720&scale=7000&bg=Karta" }, "geometry": { "type": "Polygon", "coordinates": [ [ [ 12.0229, 58.3554 ], [ 12.023, 58.3557 ], [ 12.0227, 58.3561 ], [ 12.0218, 58.3566 ], [ 12.0205, 58.3567 ], [ 12.0198, 58.357 ], [ 12.02, 58.3571 ], [ 12.0204, 58.357 ], [ 12.0215, 58.3575 ], [ 12.0222, 58.3575 ], [ 12.0222, 58.3571 ], [ 12.0226, 58.3571 ], [ 12.0227, 58.3574 ], [ 12.0231, 58.3574 ], [ 12.0232, 58.3575 ], [ 12.022, 58.3577 ], [ 12.0217, 58.3579 ], [ 12.0218, 58.3591 ], [ 12.0208, 58.3587 ], [ 12.0195, 58.3568 ], [ 12.02, 58.3565 ], [ 12.0222, 58.3561 ], [ 12.0229, 58.3554 ] ] ] } },
{ "type": "Feature", "properties": { "fid": 125630, "OBJECTID": 6506412, "Lannr": "20", "Lan": "DALARNAS LÄN", "Kommunnr": "2034", "Kommun": "ORSA", "ArendeAr": 2026, "Beteckn": "A 21799-2026", "Avverktyp": "Föryngringsavverkning", "Andamal": "Uppgift saknas", "Inkomdatum": "2026-05-08T10:22:04", "AnmaldHa": 3.3, "ArendeStatus": "Anmält för avverkning", "AvverkningsanmalanKlass": "Avverkningsamalan", "Weeks": 20, "Naturvarden_Datinv": "2020-07-01", "Naturvarden_Area": 0.8, "Naturvarden_Hektar_calc": 1.1, "Naturvarden_Beteckn": "N 441-2020", "Naturvarden_area(%)": 79, "Bolag": "-", "N": 6805649, "E": 494208, "URL": "https:\/\/kartor.skogsstyrelsen.se\/kartor\/?startapp=skogligagrunddata&x=6805649&y=494208&scale=7000&bg=Karta" }, "geometry": { "type": "Polygon", "coordinates": [ [ [ 14.8933, 61.3826 ], [ 14.8935, 61.3841 ], [ 14.8922, 61.3838 ], [ 14.8914, 61.3841 ], [ 14.8916, 61.3846 ], [ 14.8931, 61.3856 ], [ 14.8896, 61.3864 ], [ 14.8896, 61.3854 ], [ 14.8906, 61.3849 ], [ 14.8911, 61.3844 ], [ 14.8911, 61.3838 ], [ 14.8924, 61.3836 ], [ 14.8922, 61.3828 ], [ 14.8925, 61.3826 ], [ 14.8933, 61.3826 ] ] ] } }
]
}
